years	0.0	0.01	0.02	0.03	0.04	0.05	0.06	0.07	0.08	0.09	0.1	0.11	0.12	0.13	0.14	0.15	0.16	0.17	0.18	0.19	0.2	0.21	0.22	0.23	0.24	0.25	0.26	0.27	0.28	0.29	0.3	0.31	0.32	0.33	0.34	0.35	0.36	0.37	0.38	0.39	0.4	0.41	0.42	0.43	0.44	0.45	0.46	0.47	0.48	0.49	0.5	0.51	0.52	0.53	0.54	0.55	0.56	0.57	0.58	0.59	0.6	0.61	0.62	0.63	0.64	0.65	0.66	0.67	0.68	0.69	0.7	0.71	0.72	0.73	0.74	0.75	0.76	0.77	0.78	0.79	0.8	0.81	0.82	0.83	0.84	0.85	0.86	0.87	0.88	0.89	0.9	0.91	0.92	0.93	0.94	0.95	0.96	0.97	0.98	0.99
10000.0	8020.756150555555	8101.773889450055	8184.445051587303	8268.820773768615	8354.954323495373	8442.901211111111	8532.719309101656	8624.468979091997	8718.213207125604	8814.017747863249	8911.951278395061	9012.085562421973	9114.495625631313	9219.259943167306	9326.46064018088	9436.183706535949	9548.519226851853	9663.56162717537	9781.409939701898	9902.168087105625	10025.945188194444	10152.855886779183	10283.020705840456	10416.566429292929	10553.626513888888	10694.341534074074	10838.859662912913	10987.337192541858	11139.939097993829	11296.839648669798	11458.223072222225	11624.284276167473	11795.229633169936	11971.277836650086	12152.660834175085	12339.624847008547	12532.431485243058	12731.358969135803	12936.703468637994	13148.78057468124	13367.926917592593	13594.50195009416	13828.889914750956	14071.502018518519	14322.778840277777	14583.1930010101	14853.252130658437	15133.50217085954	15424.531058760684	15726.97284422658	16041.51230111111	16368.890103174606	16709.908646990745	17065.438618203312	17436.42641425121	17823.902556790126	18228.99125126263	18652.92128036176	19097.038453703706	19562.819879403796	20051.89037638889	20566.04141168091	21107.253027777777	21677.719325825827	22279.878195987658	22916.44614444445	23590.459266339873	24305.32166835017	25064.86297048612	25873.406937275984	26735.853835185182	27657.779829501913	28645.557680555554	29706.504261316873	30849.062117521367	32083.02460222222	33419.81729398149	34872.85282850242	36457.98250252526	38194.07690740742	40103.780752777784	42214.50605555557	44559.7563919753	47180.91853267972	50129.72594097222	53471.707670370364	57291.11536111111	61698.124235042735	66839.63458796298	72915.96500505052	80207.56150555557	89119.51278395066	100259.4518819445	114582.23072222232	133679.26917592582	160415.123011111	200518.90376388872	267358.53835185163	401037.80752777745	802075.6150555549
10886.0	8020.756150555555	8101.773889450055	8184.445051587303	8268.820773768615	8354.954323495373	8442.901211111111	8532.719309101656	8624.468979091997	8718.213207125604	8814.017747863249	8911.951278395061	9012.085562421973	9114.495625631313	9219.259943167306	9326.46064018088	9436.183706535949	9548.519226851853	9663.56162717537	9781.409939701898	9902.168087105625	10025.945188194444	10152.855886779183	10283.020705840456	10416.566429292929	10553.626513888888	10694.341534074074	10838.859662912913	10987.337192541858	11139.939097993829	11296.839648669798	11458.223072222225	11624.284276167473	11795.229633169936	11971.277836650086	12152.660834175085	12339.624847008547	12532.431485243058	12731.358969135803	12936.703468637994	13148.78057468124	13367.926917592593	13594.50195009416	13828.889914750956	14071.502018518519	14322.778840277777	14583.1930010101	14853.252130658437	15133.50217085954	15424.531058760684	15726.97284422658	16041.51230111111	16368.890103174606	16709.908646990745	17065.438618203312	17436.42641425121	17823.902556790126	18228.99125126263	18652.92128036176	19097.038453703706	19562.819879403796	20051.89037638889	20566.04141168091	21107.253027777777	21677.719325825827	22279.878195987658	22916.44614444445	23590.459266339873	24305.32166835017	25064.86297048612	25873.406937275984	26735.853835185182	27657.779829501913	28645.557680555554	29706.504261316873	30849.062117521367	32083.02460222222	33419.81729398149	34872.85282850242	36457.98250252526	38194.07690740742	40103.780752777784	42214.50605555557	44559.7563919753	47180.91853267972	50129.72594097222	53471.707670370364	57291.11536111111	61698.124235042735	66839.63458796298	72915.96500505052	80207.56150555557	89119.51278395066	100259.4518819445	114582.23072222232	133679.26917592582	160415.123011111	200518.90376388872	267358.53835185163	401037.80752777745	802075.6150555549
11851.0	8020.756150555555	8101.773889450055	8184.445051587303	8268.820773768615	8354.954323495373	8442.901211111111	8532.719309101656	8624.468979091997	8718.213207125604	8814.017747863249	8911.951278395061	9012.085562421973	9114.495625631313	9219.259943167306	9326.46064018088	9436.183706535949	9548.519226851853	9663.56162717537	9781.409939701898	9902.168087105625	10025.945188194444	10152.855886779183	10283.020705840456	10416.566429292929	10553.626513888888	10694.341534074074	10838.859662912913	10987.337192541858	11139.939097993829	11296.839648669798	11458.223072222225	11624.284276167473	11795.229633169936	11971.277836650086	12152.660834175085	12339.624847008547	12532.431485243058	12731.358969135803	12936.703468637994	13148.78057468124	13367.926917592593	13594.50195009416	13828.889914750956	14071.502018518519	14322.778840277777	14583.1930010101	14853.252130658437	15133.50217085954	15424.531058760684	15726.97284422658	16041.51230111111	16368.890103174606	16709.908646990745	17065.438618203312	17436.42641425121	17823.902556790126	18228.99125126263	18652.92128036176	19097.038453703706	19562.819879403796	20051.89037638889	20566.04141168091	21107.253027777777	21677.719325825827	22279.878195987658	22916.44614444445	23590.459266339873	24305.32166835017	25064.86297048612	25873.406937275984	26735.853835185182	27657.779829501913	28645.557680555554	29706.504261316873	30849.062117521367	32083.02460222222	33419.81729398149	34872.85282850242	36457.98250252526	38194.07690740742	40103.780752777784	42214.50605555557	44559.7563919753	47180.91853267972	50129.72594097222	53471.707670370364	57291.11536111111	61698.124235042735	66839.63458796298	72915.96500505052	80207.56150555557	89119.51278395066	100259.4518819445	114582.23072222232	133679.26917592582	160415.123011111	200518.90376388872	267358.53835185163	401037.80752777745	802075.6150555549
12902.0	8020.756150555555	8101.773889450055	8184.445051587303	8268.820773768615	8354.954323495373	8442.901211111111	8532.719309101656	8624.468979091997	8718.213207125604	8814.017747863249	8911.951278395061	9012.085562421973	9114.495625631313	9219.259943167306	9326.46064018088	9436.183706535949	9548.519226851853	9663.56162717537	9781.409939701898	9902.168087105625	10025.945188194444	10152.855886779183	10283.020705840456	10416.566429292929	10553.626513888888	10694.341534074074	10838.859662912913	10987.337192541858	11139.939097993829	11296.839648669798	11458.223072222225	11624.284276167473	11795.229633169936	11971.277836650086	12152.660834175085	12339.624847008547	12532.431485243058	12731.358969135803	12936.703468637994	13148.78057468124	13367.926917592593	13594.50195009416	13828.889914750956	14071.502018518519	14322.778840277777	14583.1930010101	14853.252130658437	15133.50217085954	15424.531058760684	15726.97284422658	16041.51230111111	16368.890103174606	16709.908646990745	17065.438618203312	17436.42641425121	17823.902556790126	18228.99125126263	18652.92128036176	19097.038453703706	19562.819879403796	20051.89037638889	20566.04141168091	21107.253027777777	21677.719325825827	22279.878195987658	22916.44614444445	23590.459266339873	24305.32166835017	25064.86297048612	25873.406937275984	26735.853835185182	27657.779829501913	28645.557680555554	29706.504261316873	30849.062117521367	32083.02460222222	33419.81729398149	34872.85282850242	36457.98250252526	38194.07690740742	40103.780752777784	42214.50605555557	44559.7563919753	47180.91853267972	50129.72594097222	53471.707670370364	57291.11536111111	61698.124235042735	66839.63458796298	72915.96500505052	80207.56150555557	89119.51278395066	100259.4518819445	114582.23072222232	133679.26917592582	160415.123011111	200518.90376388872	267358.53835185163	401037.80752777745	802075.6150555549
14046.0	8020.756150555555	8101.773889450055	8184.445051587303	8268.820773768615	8354.954323495373	8442.901211111111	8532.719309101656	8624.468979091997	8718.213207125604	8814.017747863249	8911.951278395061	9012.085562421973	9114.495625631313	9219.259943167306	9326.46064018088	9436.183706535949	9548.519226851853	9663.56162717537	9781.409939701898	9902.168087105625	10025.945188194444	10152.855886779183	10283.020705840456	10416.566429292929	10553.626513888888	10694.341534074074	10838.859662912913	10987.337192541858	11139.939097993829	11296.839648669798	11458.223072222225	11624.284276167473	11795.229633169936	11971.277836650086	12152.660834175085	12339.624847008547	12532.431485243058	12731.358969135803	12936.703468637994	13148.78057468124	13367.926917592593	13594.50195009416	13828.889914750956	14071.502018518519	14322.778840277777	14583.1930010101	14853.252130658437	15133.50217085954	15424.531058760684	15726.97284422658	16041.51230111111	16368.890103174606	16709.908646990745	17065.438618203312	17436.42641425121	17823.902556790126	18228.99125126263	18652.92128036176	19097.038453703706	19562.819879403796	20051.89037638889	20566.04141168091	21107.253027777777	21677.719325825827	22279.878195987658	22916.44614444445	23590.459266339873	24305.32166835017	25064.86297048612	25873.406937275984	26735.853835185182	27657.779829501913	28645.557680555554	29706.504261316873	30849.062117521367	32083.02460222222	33419.81729398149	34872.85282850242	36457.98250252526	38194.07690740742	40103.780752777784	42214.50605555557	44559.7563919753	47180.91853267972	50129.72594097222	53471.707670370364	57291.11536111111	61698.124235042735	66839.63458796298	72915.96500505052	80207.56150555557	89119.51278395066	100259.4518819445	114582.23072222232	133679.26917592582	160415.123011111	200518.90376388872	267358.53835185163	401037.80752777745	802075.6150555549
15291.0	8020.756150555555	8101.773889450055	8184.445051587303	8268.820773768615	8354.954323495373	8442.901211111111	8532.719309101656	8624.468979091997	8718.213207125604	8814.017747863249	8911.951278395061	9012.085562421973	9114.495625631313	9219.259943167306	9326.46064018088	9436.183706535949	9548.519226851853	9663.56162717537	9781.409939701898	9902.168087105625	10025.945188194444	10152.855886779183	10283.020705840456	10416.566429292929	10553.626513888888	10694.341534074074	10838.859662912913	10987.337192541858	11139.939097993829	11296.839648669798	11458.223072222225	11624.284276167473	11795.229633169936	11971.277836650086	12152.660834175085	12339.624847008547	12532.431485243058	12731.358969135803	12936.703468637994	13148.78057468124	13367.926917592593	13594.50195009416	13828.889914750956	14071.502018518519	14322.778840277777	14583.1930010101	14853.252130658437	15133.50217085954	15424.531058760684	15726.97284422658	16041.51230111111	16368.890103174606	16709.908646990745	17065.438618203312	17436.42641425121	17823.902556790126	18228.99125126263	18652.92128036176	19097.038453703706	19562.819879403796	20051.89037638889	20566.04141168091	21107.253027777777	21677.719325825827	22279.878195987658	22916.44614444445	23590.459266339873	24305.32166835017	25064.86297048612	25873.406937275984	26735.853835185182	27657.779829501913	28645.557680555554	29706.504261316873	30849.062117521367	32083.02460222222	33419.81729398149	34872.85282850242	36457.98250252526	38194.07690740742	40103.780752777784	42214.50605555557	44559.7563919753	47180.91853267972	50129.72594097222	53471.707670370364	57291.11536111111	61698.124235042735	66839.63458796298	72915.96500505052	80207.56150555557	89119.51278395066	100259.4518819445	114582.23072222232	133679.26917592582	160415.123011111	200518.90376388872	267358.53835185163	401037.80752777745	802075.6150555549
16646.0	8020.756150555555	8101.773889450055	8184.445051587303	8268.820773768615	8354.954323495373	8442.901211111111	8532.719309101656	8624.468979091997	8718.213207125604	8814.017747863249	8911.951278395061	9012.085562421973	9114.495625631313	9219.259943167306	9326.46064018088	9436.183706535949	9548.519226851853	9663.56162717537	9781.409939701898	9902.168087105625	10025.945188194444	10152.855886779183	10283.020705840456	10416.566429292929	10553.626513888888	10694.341534074074	10838.859662912913	10987.337192541858	11139.939097993829	11296.839648669798	11458.223072222225	11624.284276167473	11795.229633169936	11971.277836650086	12152.660834175085	12339.624847008547	12532.431485243058	12731.358969135803	12936.703468637994	13148.78057468124	13367.926917592593	13594.50195009416	13828.889914750956	14071.502018518519	14322.778840277777	14583.1930010101	14853.252130658437	15133.50217085954	15424.531058760684	15726.97284422658	16041.51230111111	16368.890103174606	16709.908646990745	17065.438618203312	17436.42641425121	17823.902556790126	18228.99125126263	18652.92128036176	19097.038453703706	19562.819879403796	20051.89037638889	20566.04141168091	21107.253027777777	21677.719325825827	22279.878195987658	22916.44614444445	23590.459266339873	24305.32166835017	25064.86297048612	25873.406937275984	26735.853835185182	27657.779829501913	28645.557680555554	29706.504261316873	30849.062117521367	32083.02460222222	33419.81729398149	34872.85282850242	36457.98250252526	38194.07690740742	40103.780752777784	42214.50605555557	44559.7563919753	47180.91853267972	50129.72594097222	53471.707670370364	57291.11536111111	61698.124235042735	66839.63458796298	72915.96500505052	80207.56150555557	89119.51278395066	100259.4518819445	114582.23072222232	133679.26917592582	160415.123011111	200518.90376388872	267358.53835185163	401037.80752777745	802075.6150555549
18122.0	62678.067445	63311.17923737373	8184.445051587303	8268.820773768615	8354.954323495373	8442.901211111111	8532.719309101656	8624.468979091997	8718.213207125604	8814.017747863249	8911.951278395061	9012.085562421973	9114.495625631313	9219.259943167306	9326.46064018088	9436.183706535949	9548.519226851853	9663.56162717537	9781.409939701898	9902.168087105625	10025.945188194444	10152.855886779183	10283.020705840456	10416.566429292929	10553.626513888888	10694.341534074074	10838.859662912913	10987.337192541858	11139.939097993829	11296.839648669798	11458.223072222225	11624.284276167473	11795.229633169936	11971.277836650086	12152.660834175085	12339.624847008547	12532.431485243058	12731.358969135803	12936.703468637994	13148.78057468124	13367.926917592593	13594.50195009416	13828.889914750956	14071.502018518519	14322.778840277777	14583.1930010101	14853.252130658437	15133.50217085954	15424.531058760684	15726.97284422658	16041.51230111111	16368.890103174606	16709.908646990745	17065.438618203312	17436.42641425121	17823.902556790126	18228.99125126263	18652.92128036176	19097.038453703706	19562.819879403796	20051.89037638889	20566.04141168091	21107.253027777777	21677.719325825827	22279.878195987658	22916.44614444445	23590.459266339873	24305.32166835017	25064.86297048612	25873.406937275984	26735.853835185182	27657.779829501913	28645.557680555554	29706.504261316873	30849.062117521367	32083.02460222222	33419.81729398149	34872.85282850242	36457.98250252526	38194.07690740742	40103.780752777784	42214.50605555557	44559.7563919753	47180.91853267972	50129.72594097222	53471.707670370364	57291.11536111111	61698.124235042735	66839.63458796298	72915.96500505052	80207.56150555557	89119.51278395066	100259.4518819445	114582.23072222232	133679.26917592582	160415.123011111	200518.90376388872	267358.53835185163	401037.80752777745	802075.6150555549
19728.0	62678.067445	63311.17923737373	63957.21167857144	64616.56437628867	65289.65358854168	65976.9131	66678.79515425533	67395.77144623657	68128.33417934783	68876.9971923077	8911.951278395061	9012.085562421973	9114.495625631313	9219.259943167306	9326.46064018088	9436.183706535949	9548.519226851853	9663.56162717537	9781.409939701898	9902.168087105625	10025.945188194444	10152.855886779183	10283.020705840456	10416.566429292929	10553.626513888888	10694.341534074074	10838.859662912913	10987.337192541858	11139.939097993829	11296.839648669798	11458.223072222225	11624.284276167473	11795.229633169936	11971.277836650086	12152.660834175085	12339.624847008547	12532.431485243058	12731.358969135803	12936.703468637994	13148.78057468124	13367.926917592593	13594.50195009416	13828.889914750956	14071.502018518519	14322.778840277777	14583.1930010101	14853.252130658437	15133.50217085954	15424.531058760684	15726.97284422658	16041.51230111111	16368.890103174606	16709.908646990745	17065.438618203312	17436.42641425121	17823.902556790126	18228.99125126263	18652.92128036176	19097.038453703706	19562.819879403796	20051.89037638889	20566.04141168091	21107.253027777777	21677.719325825827	22279.878195987658	22916.44614444445	23590.459266339873	24305.32166835017	25064.86297048612	25873.406937275984	26735.853835185182	27657.779829501913	28645.557680555554	29706.504261316873	30849.062117521367	32083.02460222222	33419.81729398149	34872.85282850242	36457.98250252526	38194.07690740742	40103.780752777784	42214.50605555557	44559.7563919753	47180.91853267972	50129.72594097222	53471.707670370364	57291.11536111111	61698.124235042735	66839.63458796298	72915.96500505052	80207.56150555557	89119.51278395066	100259.4518819445	114582.23072222232	133679.26917592582	160415.123011111	200518.90376388872	267358.53835185163	401037.80752777745	802075.6150555549
21476.0	62678.067445	63311.17923737373	63957.21167857144	64616.56437628867	65289.65358854168	65976.9131	66678.79515425533	67395.77144623657	68128.33417934783	68876.9971923077	69642.29716111111	70424.79488202247	71225.07664204546	72043.75568390805	72881.47377325581	73738.9028764706	74616.74695833334	75515.74390963858	9781.409939701898	9902.168087105625	10025.945188194444	10152.855886779183	10283.020705840456	10416.566429292929	10553.626513888888	10694.341534074074	10838.859662912913	10987.337192541858	11139.939097993829	11296.839648669798	11458.223072222225	11624.284276167473	11795.229633169936	11971.277836650086	12152.660834175085	12339.624847008547	12532.431485243058	12731.358969135803	12936.703468637994	13148.78057468124	13367.926917592593	13594.50195009416	13828.889914750956	14071.502018518519	14322.778840277777	14583.1930010101	14853.252130658437	15133.50217085954	15424.531058760684	15726.97284422658	16041.51230111111	16368.890103174606	16709.908646990745	17065.438618203312	17436.42641425121	17823.902556790126	18228.99125126263	18652.92128036176	19097.038453703706	19562.819879403796	20051.89037638889	20566.04141168091	21107.253027777777	21677.719325825827	22279.878195987658	22916.44614444445	23590.459266339873	24305.32166835017	25064.86297048612	25873.406937275984	26735.853835185182	27657.779829501913	28645.557680555554	29706.504261316873	30849.062117521367	32083.02460222222	33419.81729398149	34872.85282850242	36457.98250252526	38194.07690740742	40103.780752777784	42214.50605555557	44559.7563919753	47180.91853267972	50129.72594097222	53471.707670370364	57291.11536111111	61698.124235042735	66839.63458796298	72915.96500505052	80207.56150555557	89119.51278395066	100259.4518819445	114582.23072222232	133679.26917592582	160415.123011111	200518.90376388872	267358.53835185163	401037.80752777745	802075.6150555549
23380.0	62487.10574944444	63118.28863580246	63762.352805555565	64419.6966489118	65090.735155671304	65775.9007888889	66475.6444143026	67190.43628972521	68128.33417934783	68876.9971923077	69642.29716111111	70424.79488202247	71225.07664204546	72043.75568390805	72881.47377325581	73738.9028764706	74616.74695833334	75515.74390963858	76436.66761585367	77380.33017901235	78347.58430625	79339.32587974683	80356.49672435898	81400.08759090908	10553.626513888888	10694.341534074074	10838.859662912913	10987.337192541858	11139.939097993829	11296.839648669798	11458.223072222225	11624.284276167473	11795.229633169936	11971.277836650086	12152.660834175085	12339.624847008547	12532.431485243058	12731.358969135803	12936.703468637994	13148.78057468124	13367.926917592593	13594.50195009416	13828.889914750956	14071.502018518519	14322.778840277777	14583.1930010101	14853.252130658437	15133.50217085954	15424.531058760684	15726.97284422658	16041.51230111111	16368.890103174606	16709.908646990745	17065.438618203312	17436.42641425121	17823.902556790126	18228.99125126263	18652.92128036176	19097.038453703706	19562.819879403796	20051.89037638889	20566.04141168091	21107.253027777777	21677.719325825827	22279.878195987658	22916.44614444445	23590.459266339873	24305.32166835017	25064.86297048612	25873.406937275984	26735.853835185182	27657.779829501913	28645.557680555554	29706.504261316873	30849.062117521367	32083.02460222222	33419.81729398149	34872.85282850242	36457.98250252526	38194.07690740742	40103.780752777784	42214.50605555557	44559.7563919753	47180.91853267972	50129.72594097222	53471.707670370364	57291.11536111111	61698.124235042735	66839.63458796298	72915.96500505052	80207.56150555557	89119.51278395066	100259.4518819445	114582.23072222232	133679.26917592582	160415.123011111	200518.90376388872	267358.53835185163	401037.80752777745	802075.6150555549
25452.0	62487.10574944444	63118.28863580246	63762.352805555565	64419.6966489118	65090.735155671304	65775.9007888889	66475.6444143026	67190.43628972521	67920.76711896135	68667.14917521368	69430.11749938272	70210.23117915106	71008.07471527778	71824.25948212006	72659.42529005169	73738.9028764706	74616.74695833334	75515.74390963858	76436.66761585367	77380.33017901235	78347.58430625	79339.32587974683	80356.49672435898	81400.08759090908	82471.14137499999	83570.75659333332	84700.0911418919	85860.36636301372	87052.8714513889	88278.96823239439	89540.09635000002	11624.284276167473	11795.229633169936	11971.277836650086	12152.660834175085	12339.624847008547	12532.431485243058	12731.358969135803	12936.703468637994	13148.78057468124	13367.926917592593	13594.50195009416	13828.889914750956	14071.502018518519	14322.778840277777	14583.1930010101	14853.252130658437	15133.50217085954	15424.531058760684	15726.97284422658	16041.51230111111	16368.890103174606	16709.908646990745	17065.438618203312	17436.42641425121	17823.902556790126	18228.99125126263	18652.92128036176	19097.038453703706	19562.819879403796	20051.89037638889	20566.04141168091	21107.253027777777	21677.719325825827	22279.878195987658	22916.44614444445	23590.459266339873	24305.32166835017	25064.86297048612	25873.406937275984	26735.853835185182	27657.779829501913	28645.557680555554	29706.504261316873	30849.062117521367	32083.02460222222	33419.81729398149	34872.85282850242	36457.98250252526	38194.07690740742	40103.780752777784	42214.50605555557	44559.7563919753	47180.91853267972	50129.72594097222	53471.707670370364	57291.11536111111	61698.124235042735	66839.63458796298	72915.96500505052	80207.56150555557	89119.51278395066	100259.4518819445	114582.23072222232	133679.26917592582	160415.123011111	200518.90376388872	267358.53835185163	401037.80752777745	802075.6150555549
27709.0	63381.036063333326	64021.24854882154	64674.5265952381	65341.27429209623	66021.91256597223	66716.88006666668	67426.63410992909	67190.43628972521	67920.76711896135	68667.14917521368	69430.11749938272	70210.23117915106	71008.07471527778	71824.25948212006	72659.42529005169	73514.24205816994	74389.41160648149	75285.66957764393	76203.7874993225	77144.57499931412	78108.88218680555	79097.60221448663	80356.49672435898	81400.08759090908	82471.14137499999	83570.75659333332	84700.0911418919	85860.36636301372	87052.8714513889	88278.96823239439	89540.09635000002	90837.77890579711	92173.62859558825	93549.35439552242	94966.76885606062	96427.79606923077	12532.431485243058	12731.358969135803	12936.703468637994	13148.78057468124	13367.926917592593	13594.50195009416	13828.889914750956	14071.502018518519	14322.778840277777	14583.1930010101	14853.252130658437	15133.50217085954	15424.531058760684	15726.97284422658	16041.51230111111	16368.890103174606	16709.908646990745	17065.438618203312	17436.42641425121	17823.902556790126	18228.99125126263	18652.92128036176	19097.038453703706	19562.819879403796	20051.89037638889	20566.04141168091	21107.253027777777	21677.719325825827	22279.878195987658	22916.44614444445	23590.459266339873	24305.32166835017	25064.86297048612	25873.406937275984	26735.853835185182	27657.779829501913	28645.557680555554	29706.504261316873	30849.062117521367	32083.02460222222	33419.81729398149	34872.85282850242	36457.98250252526	38194.07690740742	40103.780752777784	42214.50605555557	44559.7563919753	47180.91853267972	50129.72594097222	53471.707670370364	57291.11536111111	61698.124235042735	66839.63458796298	72915.96500505052	80207.56150555557	89119.51278395066	100259.4518819445	114582.23072222232	133679.26917592582	160415.123011111	200518.90376388872	267358.53835185163	401037.80752777745	802075.6150555549
30165.0	63381.036063333326	64021.24854882154	64674.5265952381	65341.27429209623	66021.91256597223	66716.88006666668	67426.63410992909	68151.65168100358	68892.43050362318	69649.49017948718	70423.3734037037	71214.64726217228	72023.90461742424	72851.76559003833	73698.87914341086	73514.24205816994	74389.41160648149	75285.66957764393	76203.7874993225	77144.57499931412	78108.88218680555	79097.60221448663	80111.67403774928	81152.08538888888	82219.8759861111	83316.14099925925	84442.03479654655	85598.77499923897	86787.6468742284	88278.96823239439	89540.09635000002	90837.77890579711	92173.62859558825	93549.35439552242	94966.76885606062	96427.79606923077	97934.48038281252	99488.99594444444	101093.65716935485	102750.93023770492	104463.44574166667	106234.01261864406	13828.889914750956	14071.502018518519	14322.778840277777	14583.1930010101	14853.252130658437	15133.50217085954	15424.531058760684	15726.97284422658	16041.51230111111	16368.890103174606	16709.908646990745	17065.438618203312	17436.42641425121	17823.902556790126	18228.99125126263	18652.92128036176	19097.038453703706	19562.819879403796	20051.89037638889	20566.04141168091	21107.253027777777	21677.719325825827	22279.878195987658	22916.44614444445	23590.459266339873	24305.32166835017	25064.86297048612	25873.406937275984	26735.853835185182	27657.779829501913	28645.557680555554	29706.504261316873	30849.062117521367	32083.02460222222	33419.81729398149	34872.85282850242	36457.98250252526	38194.07690740742	40103.780752777784	42214.50605555557	44559.7563919753	47180.91853267972	50129.72594097222	53471.707670370364	57291.11536111111	61698.124235042735	66839.63458796298	72915.96500505052	80207.56150555557	89119.51278395066	100259.4518819445	114582.23072222232	133679.26917592582	160415.123011111	200518.90376388872	267358.53835185163	401037.80752777745	802075.6150555549
32838.0	63620.169472222224	64262.79744668911	64918.54027777779	65587.80357961054	66271.00986689817	66968.59944444445	67681.03135342791	68408.78437873357	68892.43050362318	69649.49017948718	70423.3734037037	71214.64726217228	72023.90461742424	72851.76559003833	73698.87914341086	74565.92478039216	75453.61436111112	76362.69405220886	77293.9464186992	78248.1926707819	79226.29507916667	80229.15957383966	80111.67403774928	81152.08538888888	82219.8759861111	83316.14099925925	84442.03479654655	85598.77499923897	86787.6468742284	88010.00809780908	89267.29392777779	90561.0228252818	91892.80257271243	93264.33693946934	94677.43295370371	96427.79606923077	97934.48038281252	99488.99594444444	101093.65716935485	102750.93023770492	104463.44574166667	106234.01261864406	108065.63352586205	109961.52183333333	111925.1204375	113960.12262727272	14853.252130658437	15133.50217085954	15424.531058760684	15726.97284422658	16041.51230111111	16368.890103174606	16709.908646990745	17065.438618203312	17436.42641425121	17823.902556790126	18228.99125126263	18652.92128036176	19097.038453703706	19562.819879403796	20051.89037638889	20566.04141168091	21107.253027777777	21677.719325825827	22279.878195987658	22916.44614444445	23590.459266339873	24305.32166835017	25064.86297048612	25873.406937275984	26735.853835185182	27657.779829501913	28645.557680555554	29706.504261316873	30849.062117521367	32083.02460222222	33419.81729398149	34872.85282850242	36457.98250252526	38194.07690740742	40103.780752777784	42214.50605555557	44559.7563919753	47180.91853267972	50129.72594097222	53471.707670370364	57291.11536111111	61698.124235042735	66839.63458796298	72915.96500505052	80207.56150555557	89119.51278395066	100259.4518819445	114582.23072222232	133679.26917592582	160415.123011111	200518.90376388872	267358.53835185163	401037.80752777745	802075.6150555549
35749.0	63735.82139555555	64379.61757126823	64918.54027777779	65587.80357961054	66271.00986689817	66968.59944444445	67681.03135342791	68408.78437873357	69152.35812198068	69912.27414529916	70689.07719135802	71483.33648564295	72295.64712752526	73126.63157726693	73976.94124677003	74565.92478039216	75453.61436111112	76362.69405220886	77293.9464186992	78248.1926707819	79226.29507916667	80229.15957383966	81257.73854273504	82313.03384848483	83396.10008333332	84508.04808444444	85650.04873423422	86823.33707305937	86787.6468742284	88010.00809780908	89267.29392777779	90561.0228252818	91892.80257271243	93264.33693946934	94677.43295370371	96134.00884529913	97636.10273350695	99185.88214197531	100785.65443458782	102437.87827777778	104463.44574166667	106234.01261864406	108065.63352586205	109961.52183333333	111925.1204375	113960.12262727272	116070.49526851853	118260.50461320755	120534.74508653846	122898.17146078433	125356.13489	16368.890103174606	16709.908646990745	17065.438618203312	17436.42641425121	17823.902556790126	18228.99125126263	18652.92128036176	19097.038453703706	19562.819879403796	20051.89037638889	20566.04141168091	21107.253027777777	21677.719325825827	22279.878195987658	22916.44614444445	23590.459266339873	24305.32166835017	25064.86297048612	25873.406937275984	26735.853835185182	27657.779829501913	28645.557680555554	29706.504261316873	30849.062117521367	32083.02460222222	33419.81729398149	34872.85282850242	36457.98250252526	38194.07690740742	40103.780752777784	42214.50605555557	44559.7563919753	47180.91853267972	50129.72594097222	53471.707670370364	57291.11536111111	61698.124235042735	66839.63458796298	72915.96500505052	80207.56150555557	89119.51278395066	100259.4518819445	114582.23072222232	133679.26917592582	160415.123011111	200518.90376388872	267358.53835185163	401037.80752777745	802075.6150555549
38918.0	63735.82139555555	64379.61757126823	65036.55244444445	65707.03236655213	66391.48062037038	67090.33831111112	67804.0653144208	68533.1412855436	69278.06673429951	70039.36417094017	70689.07719135802	71483.33648564295	72295.64712752526	73126.63157726693	73976.94124677003	74847.2582026144	75738.29699074075	76650.80659303884	77585.57252710029	78543.41910150892	79525.21184027779	80531.86009142053	81257.73854273504	82313.03384848483	83396.10008333332	84508.04808444444	85650.04873423422	86823.33707305937	88029.21675462964	89269.06487793429	90544.33723333335	91856.57400483092	93207.40597549021	94598.56128855723	94677.43295370371	96134.00884529913	97636.10273350695	99185.88214197531	100785.65443458782	102437.87827777778	104145.17624907407	105910.34872787193	107736.38922318006	109626.50131481481	111584.11740972221	113960.12262727272	116070.49526851853	118260.50461320755	120534.74508653846	122898.17146078433	125356.13489	127914.42335714288	130579.30717708336	133357.59030851067	136256.6683586957	17823.902556790126	18228.99125126263	18652.92128036176	19097.038453703706	19562.819879403796	20051.89037638889	20566.04141168091	21107.253027777777	21677.719325825827	22279.878195987658	22916.44614444445	23590.459266339873	24305.32166835017	25064.86297048612	25873.406937275984	26735.853835185182	27657.779829501913	28645.557680555554	29706.504261316873	30849.062117521367	32083.02460222222	33419.81729398149	34872.85282850242	36457.98250252526	38194.07690740742	40103.780752777784	42214.50605555557	44559.7563919753	47180.91853267972	50129.72594097222	53471.707670370364	57291.11536111111	61698.124235042735	66839.63458796298	72915.96500505052	80207.56150555557	89119.51278395066	100259.4518819445	114582.23072222232	133679.26917592582	160415.123011111	200518.90376388872	267358.53835185163	401037.80752777745	802075.6150555549
42367.0	64702.971386666664	65356.53675420875	66023.4401904762	66704.09421305843	67398.9285277778	67090.33831111112	67804.0653144208	68533.1412855436	69278.06673429951	70039.36417094017	70817.57932839506	71613.28246691635	72427.06976767676	73259.56482247765	74111.42022739018	74983.31928888889	75875.97785185186	76650.80659303884	77585.57252710029	78543.41910150892	79525.21184027779	80531.86009142053	81564.31983618235	82623.5967171717	83710.74930555555	84826.89262962963	85973.20198948949	87150.91708523594	88361.34648919755	89269.06487793429	90544.33723333335	91856.57400483092	93207.40597549021	94598.56128855723	96031.87282323233	97509.28625128204	99032.86884895834	100604.81914814815	102227.47752150538	102437.87827777778	104145.17624907407	105910.34872787193	107736.38922318006	109626.50131481481	111584.11740972221	113612.91954444443	115716.8624989712	117900.19952725366	120167.51105662393	122898.17146078433	125356.13489	127914.42335714288	130579.30717708336	133357.59030851067	136256.6683586957	139284.59432222226	142450.15328409095	145762.94754651163	149233.4939166667	19562.819879403796	20051.89037638889	20566.04141168091	21107.253027777777	21677.719325825827	22279.878195987658	22916.44614444445	23590.459266339873	24305.32166835017	25064.86297048612	25873.406937275984	26735.853835185182	27657.779829501913	28645.557680555554	29706.504261316873	30849.062117521367	32083.02460222222	33419.81729398149	34872.85282850242	36457.98250252526	38194.07690740742	40103.780752777784	42214.50605555557	44559.7563919753	47180.91853267972	50129.72594097222	53471.707670370364	57291.11536111111	61698.124235042735	66839.63458796298	72915.96500505052	80207.56150555557	89119.51278395066	100259.4518819445	114582.23072222232	133679.26917592582	160415.123011111	200518.90376388872	267358.53835185163	401037.80752777745	802075.6150555549
46123.0	64702.971386666664	65356.53675420875	66023.4401904762	66704.09421305843	67398.9285277778	68108.39093333334	68832.94828368795	69573.08751254481	70329.31672463768	71102.16635897437	71892.19042962963	72699.96785018727	72427.06976767676	73259.56482247765	74111.42022739018	74983.31928888889	75875.97785185186	76790.1462597055	77726.61145799459	78686.19925377228	79669.77674444445	80678.25493108298	81712.59153276353	82773.79402020201	83710.74930555555	84826.89262962963	85973.20198948949	87150.91708523594	88361.34648919755	89605.87249608766	90885.95638888891	92203.1441626409	93559.07275326799	94955.4768242123	96394.19617003368	97509.28625128204	99032.86884895834	100604.81914814815	102227.47752150538	103903.33780874316	105635.06010555556	107425.48485310734	109277.64838505744	111194.80011111111	111584.11740972221	113612.91954444443	115716.8624989712	117900.19952725366	120167.51105662393	122523.73676361656	124974.21149888888	127524.70561111113	130181.47031134261	132951.2888286052	136256.6683586957	139284.59432222226	142450.15328409095	145762.94754651163	149233.4939166667	152873.33523170734	156695.1686125	160712.99344871796	21107.253027777777	21677.719325825827	22279.878195987658	22916.44614444445	23590.459266339873	24305.32166835017	25064.86297048612	25873.406937275984	26735.853835185182	27657.779829501913	28645.557680555554	29706.504261316873	30849.062117521367	32083.02460222222	33419.81729398149	34872.85282850242	36457.98250252526	38194.07690740742	40103.780752777784	42214.50605555557	44559.7563919753	47180.91853267972	50129.72594097222	53471.707670370364	57291.11536111111	61698.124235042735	66839.63458796298	72915.96500505052	80207.56150555557	89119.51278395066	100259.4518819445	114582.23072222232	133679.26917592582	160415.123011111	200518.90376388872	267358.53835185163	401037.80752777745	802075.6150555549
50211.0	65223.537746111106	65882.36135970819	66554.63035317461	67240.76056300115	67941.18515219909	68656.35552222222	69386.74228309693	70132.83628614098	70329.31672463768	71102.16635897437	71892.19042962963	72699.96785018727	73526.10384848485	74371.2314789272	75236.01324031009	76121.14280784315	77027.34688888889	77955.38721285142	78906.06266666668	79880.21158847737	79669.77674444445	80678.25493108298	81712.59153276353	82773.79402020201	83862.92288888888	84981.09519407406	86129.48837237236	87309.34437747338	88521.97416049383	89768.7625289515	90885.95638888891	92203.1441626409	93559.07275326799	94955.4768242123	96394.19617003368	97877.1838034188	99406.51480034724	100984.39598765432	102613.17656810037	104295.35979052824	105635.06010555556	107425.48485310734	109277.64838505744	111194.80011111111	113180.42154166666	115238.24738787877	117372.28900617284	119586.86049685534	121886.60781410255	122523.73676361656	124974.21149888888	127524.70561111113	130181.47031134261	132951.2888286052	135841.53423792272	138860.23499876546	142016.14943055558	145762.94754651163	149233.4939166667	152873.33523170734	156695.1686125	160712.99344871796	164942.28274999998	169400.1822837838	174105.7429027778	22916.44614444445	23590.459266339873	24305.32166835017	25064.86297048612	25873.406937275984	26735.853835185182	27657.779829501913	28645.557680555554	29706.504261316873	30849.062117521367	32083.02460222222	33419.81729398149	34872.85282850242	36457.98250252526	38194.07690740742	40103.780752777784	42214.50605555557	44559.7563919753	47180.91853267972	50129.72594097222	53471.707670370364	57291.11536111111	61698.124235042735	66839.63458796298	72915.96500505052	80207.56150555557	89119.51278395066	100259.4518819445	114582.23072222232	133679.26917592582	160415.123011111	200518.90376388872	267358.53835185163	401037.80752777745	802075.6150555549
54661.0	64502.68720388888	65154.229498877656	65819.06857539683	66497.61567411225	67941.18515219909	68656.35552222222	69386.74228309693	70132.83628614098	70895.1497240338	71674.2173034188	72470.59749567902	73284.87387203495	74117.65652967172	74969.58361621966	75841.32296059432	76733.57381895425	77027.34688888889	77955.38721285142	78906.06266666668	79880.21158847737	80878.71423333333	81902.49542616033	82952.52741880342	84029.83296969696	85135.48866666666	86270.62851555555	86129.48837237236	87309.34437747338	88521.97416049383	89768.7625289515	91051.17342222223	92370.7556457327	93729.14911111112	95128.09163515756	96569.42635690236	98055.10983931624	99406.51480034724	100984.39598765432	102613.17656810037	104295.35979052824	106033.61578703704	107830.79571563087	109689.94736590037	111614.3324074074	113607.4454861111	115238.24738787877	117372.28900617284	119586.86049685534	121886.60781410255	124276.5413006536	126762.07212666665	129349.0531904762	132043.82513194447	132951.2888286052	135841.53423792272	138860.23499876546	142016.14943055558	145318.85058010338	148778.82321296298	152407.574998645	156217.7643736111	160712.99344871796	164942.28274999998	169400.1822837838	174105.7429027778	179080.19270000004	184347.2571911765	189933.53771212124	25064.86297048612	25873.406937275984	26735.853835185182	27657.779829501913	28645.557680555554	29706.504261316873	30849.062117521367	32083.02460222222	33419.81729398149	34872.85282850242	36457.98250252526	38194.07690740742	40103.780752777784	42214.50605555557	44559.7563919753	47180.91853267972	50129.72594097222	53471.707670370364	57291.11536111111	61698.124235042735	66839.63458796298	72915.96500505052	80207.56150555557	89119.51278395066	100259.4518819445	114582.23072222232	133679.26917592582	160415.123011111	200518.90376388872	267358.53835185163	401037.80752777745	802075.6150555549
59506.0	63562.80797611111	65154.229498877656	65819.06857539683	66497.61567411225	67190.2991707176	67897.56547777778	68619.88000413713	69357.72817622461	70111.61652596618	70882.07385042736	71669.65244876542	72474.92944257178	74117.65652967172	74969.58361621966	75841.32296059432	76733.57381895425	77647.06874537037	78582.57559772424	79540.8996903794	80522.88610631	81529.42218263888	82561.44018495076	83619.92018732193	84029.83296969696	85135.48866666666	86270.62851555555	87436.44781981982	88634.20737899544	89865.23803703704	91130.94561502349	92432.81626666669	93772.42229951691	93729.14911111112	95128.09163515756	96569.42635690236	98055.10983931624	99587.22093055556	101167.97046913579	102799.71192831542	104484.95310746811	106226.36899259259	107830.79571563087	109689.94736590037	111614.3324074074	113607.4454861111	115673.03540404039	117815.12865226337	120038.05560796645	122346.4797542735	124276.5413006536	126762.07212666665	129349.0531904762	132043.82513194447	134853.26821985818	137784.8610072464	140846.74680740744	144047.8092348485	145318.85058010338	148778.82321296298	152407.574998645	156217.7643736111	160223.34807549856	164439.7519722222	168884.0695930931	174105.7429027778	179080.19270000004	184347.2571911765	189933.53771212124	195868.96076562506	202187.31433870966	208926.8914833333	27657.779829501913	28645.557680555554	29706.504261316873	30849.062117521367	32083.02460222222	33419.81729398149	34872.85282850242	36457.98250252526	38194.07690740742	40103.780752777784	42214.50605555557	44559.7563919753	47180.91853267972	50129.72594097222	53471.707670370364	57291.11536111111	61698.124235042735	66839.63458796298	72915.96500505052	80207.56150555557	89119.51278395066	100259.4518819445	114582.23072222232	133679.26917592582	160415.123011111	200518.90376388872	267358.53835185163	401037.80752777745	802075.6150555549
64781.0	63562.80797611111	64204.856541526366	64860.008138888894	65528.668016609394	66211.25830844909	66908.21892222222	67620.0084852246	68347.1053506571	69090.008669686	70882.07385042736	71669.65244876542	72474.92944257178	73298.50818623736	74141.01977458493	75003.12465568476	75885.51435751634	76788.91333796296	77714.08096854085	78661.81366327914	80522.88610631	81529.42218263888	82561.44018495076	83619.92018732193	84705.89317676765	85820.44440277776	86964.71699481481	88139.91587312311	89347.31198097413	90588.24686959876	91130.94561502349	92432.81626666669	93772.42229951691	95151.42850980394	96571.59908457713	98034.80513131314	99543.0329025641	101098.39279166667	102703.12918518519	102799.71192831542	104484.95310746811	106226.36899259259	108026.81592467042	109889.34723371646	111817.23051851851	113813.96677777776	115883.31162828281	117815.12865226337	120038.05560796645	122346.4797542735	124745.43033769065	127240.33894444445	129837.08055555559	132542.01973379633	135362.06270685582	137784.8610072464	140846.74680740744	144047.8092348485	147397.7582868217	150907.22872222224	154587.8928373984	158452.59015833333	160223.34807549856	164439.7519722222	168884.0695930931	173575.2937484568	178534.58785555558	183785.60514542487	189933.53771212124	195868.96076562506	202187.31433870966	208926.8914833333	216131.2670517241	223850.240875	29706.504261316873	30849.062117521367	32083.02460222222	33419.81729398149	34872.85282850242	36457.98250252526	38194.07690740742	40103.780752777784	42214.50605555557	44559.7563919753	47180.91853267972	50129.72594097222	53471.707670370364	57291.11536111111	61698.124235042735	66839.63458796298	72915.96500505052	80207.56150555557	89119.51278395066	100259.4518819445	114582.23072222232	133679.26917592582	160415.123011111	200518.90376388872	267358.53835185163	401037.80752777745	802075.6150555549
70522.0	62993.406381111105	63629.70341526374	64278.98610317461	64941.656063001145	65618.13164699075	66308.84882222222	67620.0084852246	68347.1053506571	69090.008669686	69849.23953418805	70625.34219567901	71418.88536641697	72230.46360921717	73060.69882311622	73910.24183268734	74779.7740895425	76788.91333796296	77714.08096854085	78661.81366327914	79632.94716529493	80628.35900486111	81648.97114416314	82695.75282549858	83769.72364141412	84871.95684722222	86003.5829385185	88139.91587312311	89347.31198097413	90588.24686959876	91864.13767057905	93176.48249444446	94526.86629871176	95916.96727369282	97348.56380016585	98823.5420395623	99543.0329025641	101098.39279166667	102703.12918518519	104359.6312688172	106070.44489617486	107838.28564444445	109666.0531977401	111556.84721839079	111817.23051851851	113813.96677777776	115883.31162828281	118029.29888065843	120256.26678406708	122568.8872991453	124972.19881481482	127240.33894444445	129837.08055555559	132542.01973379633	135362.06270685582	138304.7162439614	141378.15438271608	144591.29425505054	147397.7582868217	150907.22872222224	154587.8928373984	158452.59015833333	162515.47708547008	166792.20016666665	171300.09746846845	173575.2937484568	178534.58785555558	183785.60514542487	189354.86590740742	195272.20546701393	201571.3088691756	208926.8914833333	216131.2670517241	223850.240875	232140.99053703705	241069.49017307692	32083.02460222222	33419.81729398149	34872.85282850242	36457.98250252526	38194.07690740742	40103.780752777784	42214.50605555557	44559.7563919753	47180.91853267972	50129.72594097222	53471.707670370364	57291.11536111111	61698.124235042735	66839.63458796298	72915.96500505052	80207.56150555557	89119.51278395066	100259.4518819445	114582.23072222232	133679.26917592582	160415.123011111	200518.90376388872	267358.53835185163	401037.80752777745	802075.6150555549
76773.0	62771.55772611111	63405.61386475869	64052.60992460319	64941.656063001145	65618.13164699075	66308.84882222222	67014.26210756502	67734.84557108722	68471.09389251207	69223.5234957265	69992.67375679011	70779.10829338327	71583.41634217171	72406.2142311622	73910.24183268734	74779.7740895425	75670.00949537037	76581.6963567604	77515.61948306234	78472.60243964335	79453.5099701389	80459.25060267228	81490.7794565527	83769.72364141412	84871.95684722222	86003.5829385185	87165.79351876877	88359.8454847793	89587.06556095679	90848.85521674492	92146.69600555557	93482.15536795491	95916.96727369282	97348.56380016585	98823.5420395623	100343.90422478631	101911.77772829862	103529.42499382715	105199.25442921148	106923.83237067395	107838.28564444445	109666.0531977401	111556.84721839079	113513.98488888888	115541.02033333332	117641.76615757575	119820.31738271605	122081.07808805032	122568.8872991453	124972.19881481482	127471.6427911111	130073.1048888889	132782.96124074075	135608.1306288416	138556.13346859906	141378.15438271608	144591.29425505054	147953.88249354006	151476.5939814815	155171.14505420058	159050.42368055557	162515.47708547008	166792.20016666665	171300.09746846845	176058.43350925928	181088.6744666667	186414.81195098042	189354.86590740742	195272.20546701393	201571.3088691756	208290.35249814813	215472.7784463601	223850.240875	232140.99053703705	241069.49017307692	250712.26978	261158.61435416673	34872.85282850242	36457.98250252526	38194.07690740742	40103.780752777784	42214.50605555557	44559.7563919753	47180.91853267972	50129.72594097222	53471.707670370364	57291.11536111111	61698.124235042735	66839.63458796298	72915.96500505052	80207.56150555557	89119.51278395066	100259.4518819445	114582.23072222232	133679.26917592582	160415.123011111	200518.90376388872	267358.53835185163	401037.80752777745	802075.6150555549
83578.0	62853.53589666666	63405.61386475869	64052.60992460319	64712.946109392906	65387.03929803242	66075.32392222223	66778.25290011821	67496.298630227	68229.95405012078	68979.73376495727	69746.17525123457	70779.10829338327	71583.41634217171	72406.2142311622	73248.14695478036	74109.88986013072	74992.15045370371	75895.6703386881	76821.22729403795	77769.63750754458	78741.7579763889	80459.25060267228	81490.7794565527	82549.10126767676	83635.27365277777	84750.4106348148	85895.6864542042	87072.3396933029	88281.67774459877	90848.85521674492	92146.69600555557	93482.15536795491	94856.89294689543	96272.6674684909	97731.34424831651	99234.90339059828	100785.4487560764	102385.2177839506	105199.25442921148	106923.83237067395	108705.89624351851	110548.36906120526	112454.37542432948	114427.2592037037	116470.60311805553	117641.76615757575	119820.31738271605	122081.07808805032	124428.79112820512	126868.57134640524	129405.94277333333	132046.8803809524	132782.96124074075	135608.1306288416	138556.13346859906	141635.15865679015	144854.13953535355	148222.84045478035	151476.5939814815	155171.14505420058	159050.42368055557	163128.6396723647	167421.4986111111	171946.40397897898	176058.43350925928	181088.6744666667	186414.81195098042	192063.74564646467	198065.73769791672	204454.95504301073	208290.35249814813	215472.7784463601	223168.23481944442	231433.7249979424	240335.02211324786	250712.26978	261158.61435416673	272513.3367173914	284900.3065681819	38194.07690740742	40103.780752777784	42214.50605555557	44559.7563919753	47180.91853267972	50129.72594097222	53471.707670370364	57291.11536111111	61698.124235042735	66839.63458796298	72915.96500505052	80207.56150555557	89119.51278395066	100259.4518819445	114582.23072222232	133679.26917592582	160415.123011111	200518.90376388872	267358.53835185163	401037.80752777745	802075.6150555549
90986.0	62853.53589666666	63488.42009764309	64136.261119047624	64797.45968728523	65472.433225694454	66161.61673333334	66865.46371985816	67584.44720071685	68319.06075724638	68979.73376495727	69746.17525123457	70529.84014169787	71331.31559785354	72151.21577713921	72990.18340245479	73848.89144248367	74728.04491203705	75628.38280254352	76550.68015379405	77769.63750754458	78741.7579763889	79738.48909001406	80760.77741168092	81809.61867676766	82886.06102777777	83991.20850814813	85126.22483933934	87072.3396933029	88281.67774459877	89525.08165649454	90804.01139444446	92120.01155958133	93474.71761192812	94869.86265091212	96307.28481228957	99234.90339059828	100785.4487560764	102385.2177839506	104036.59226433693	105742.11017030965	107504.47867314814	109326.5884811676	111211.52966187737	114427.2592037037	116470.60311805553	118588.25044747473	120784.32915946502	123063.27876624737	125429.88028098289	127889.28969825708	129405.94277333333	132046.8803809524	134797.8570555556	137665.8965673759	140658.6334492754	143784.38085925928	144854.13953535355	148222.84045478035	151751.95570370372	155453.22291598917	159339.5534888889	163425.18306552706	167421.4986111111	171946.40397897898	176722.6929783951	181771.91277777782	187118.14550653598	192063.74564646467	198065.73769791672	204454.95504301073	211270.1202111111	218555.2967701149	223168.23481944442	231433.7249979424	240335.02211324786	249948.42299777776	260362.94062268522	272513.3367173914	284900.3065681819	298466.98783333343	313390.3372250001	42214.50605555557	44559.7563919753	47180.91853267972	50129.72594097222	53471.707670370364	57291.11536111111	61698.124235042735	66839.63458796298	72915.96500505052	80207.56150555557	89119.51278395066	100259.4518819445	114582.23072222232	133679.26917592582	160415.123011111	200518.90376388872	267358.53835185163	401037.80752777745	802075.6150555549
99051.0	63044.63029666666	63681.444744107735	64331.25540476191	64994.4642233677	65671.48989236112	66362.76873333335	67068.75563475178	67584.44720071685	68319.06075724638	69069.81966666668	69837.26210740741	70621.95044569288	71424.47260984848	72245.44355938697	73085.50685658914	73945.3363490196	74825.63797222222	75628.38280254352	76550.68015379405	77495.75027914952	78464.44715763889	79457.66800773558	80476.3560591168	81521.50354040402	82594.15490277777	83991.20850814813	85126.22483933934	86292.33750837139	87490.84219598766	88723.10757902975	89990.58054444446	91294.79185668277	92637.36232516341	94869.86265091212	96307.28481228957	97788.93534786324	99316.88746267362	100893.34599382716	102520.65802598567	104201.32455100182	105938.01329351851	109326.5884811676	111211.52966187737	113162.60912962962	115183.37000694443	117277.61309797979	119449.42074794238	123063.27876624737	125429.88028098289	127889.28969825708	130447.07549222221	133109.26070634922	135882.37030439818	138773.48456619386	140658.6334492754	143784.38085925928	147052.2076969697	150472.02648062017	154054.69377777778	155453.22291598917	159339.5534888889	163425.18306552706	167725.84577777775	172258.97674474472	177043.94832098766	181771.91277777782	187118.14550653598	192788.39234006737	198813.0296006945	205226.35313620072	211270.1202111111	218555.2967701149	226360.8430833333	234744.57801234568	240335.02211324786	249948.42299777776	260362.94062268522	271683.06847584544	284032.29886111117	298466.98783333343	313390.3372250001	329884.5655000001	348211.4858055555	47180.91853267972	50129.72594097222	53471.707670370364	57291.11536111111	61698.124235042735	66839.63458796298	72915.96500505052	80207.56150555557	89119.51278395066	100259.4518819445	114582.23072222232	133679.26917592582	160415.123011111	200518.90376388872	267358.53835185163	401037.80752777745	802075.6150555549
107830.0	63179.88930166666	63818.070001683496	64469.27479761906	65133.90649656358	65812.38468923612	66362.76873333335	67068.75563475178	67789.92505017921	68526.7720615942	69279.81351282052	70049.58921851852	70836.66325468164	71641.62533712121	72465.09229501916	73307.70964728681	73945.3363490196	74825.63797222222	75727.15168273094	76650.65353252033	77596.95789711934	78566.91987083333	79561.43784388185	80581.45627777778	81521.50354040402	82594.15490277777	83695.41030148148	84826.42935960961	85988.43524124811	87182.71906404322	88410.64468466355	89673.65389444446	91294.79185668277	92637.36232516341	94020.00952404644	95444.55512289563	96912.93289401708	98427.19747048612	99989.5339382716	101602.26835663083	104201.32455100182	105938.01329351851	107733.57284086627	109591.04823467431	111513.6982037037	113505.01424305554	117277.61309797979	119449.42074794238	121703.18340356393	124043.62923824786	126475.85726252724	129005.37440777777	131638.13715079366	135882.37030439818	138773.48456619386	141790.29944806764	144941.19499135806	148235.31305934346	150472.02648062017	154054.69377777778	157812.12533333336	161757.42846666666	165905.05483760685	170270.9773333333	172258.97674474472	177043.94832098766	182102.34684444446	187458.29822222225	193138.85271380472	198813.0296006945	205226.35313620072	212067.23157407405	219379.89473180074	226360.8430833333	234744.57801234568	243773.2156282051	253524.1442533333	264087.65026388894	271683.06847584544	284032.29886111117	297557.646425926	313390.3372250001	329884.5655000001	348211.4858055555	368694.5143823528	50129.72594097222	53471.707670370364	57291.11536111111	61698.124235042735	66839.63458796298	72915.96500505052	80207.56150555557	89119.51278395066	100259.4518819445	114582.23072222232	133679.26917592582	160415.123011111	200518.90376388872	267358.53835185163	401037.80752777745	802075.6150555549
117388.0	63409.43481444444	64049.93415600448	64703.50491269842	65370.55135509737	65812.38468923612	66505.14663333334	67212.64819326242	67935.3648405018	68673.7927192029	69428.44978205129	70199.87700185186	70988.63966479401	71795.32875189393	72465.09229501916	73307.70964728681	74170.15329019607	75053.13130555555	75957.3858995984	76883.69548373984	77832.87690946502	78805.78787083333	79803.32948945147	80581.45627777778	81627.96869696968	82702.02091666666	83804.71452888887	84937.21067117117	86100.73410502284	87296.57763425926	88526.10689671362	89673.65389444446	90973.2720668277	92311.1143031046	93688.89212852406	95108.42079713807	96571.62727094017	98080.55894704863	99989.5339382716	101602.26835663083	103267.8793132969	104989.01063518519	106768.48539171374	108609.32134674327	110514.74803703703	113505.01424305554	115568.74177474747	117708.90365946502	119929.82637002096	122236.16918482905	124632.95681590415	129005.37440777777	131638.13715079366	134380.5983414352	137239.76000827426	140223.2330519324	143339.30489753088	148235.31305934346	151682.64592118864	155294.13749074074	159081.7993807588	163058.84436527776	165905.05483760685	170270.9773333333	174872.89563963964	179730.47607407407	184865.63253333338	187458.29822222225	193138.85271380472	199174.44186111115	205599.4238566308	212067.23157407405	219379.89473180074	227214.8909722222	235630.25730452675	244692.959508547	253524.1442533333	264087.65026388894	275569.7220144928	284032.29886111117	297557.646425926	312435.52874722227	328879.5039444445	348211.4858055555	368694.5143823528	391737.92153124994	53471.707670370364	57291.11536111111	61698.124235042735	66839.63458796298	72915.96500505052	80207.56150555557	89119.51278395066	100259.4518819445	114582.23072222232	133679.26917592582	160415.123011111	200518.90376388872	267358.53835185163	401037.80752777745	802075.6150555549
127792.0	63926.98214777777	64572.70924017957	65231.614436507945	65370.55135509737	66051.49459837964	66746.7734888889	67456.84554728134	68182.18797252091	68923.29871135265	69680.6975982906	70454.92757160493	71246.5559712859	71795.32875189393	72620.56241570882	73464.98756007753	74329.28153137256	75214.15393055556	76120.34855622491	77048.6454898374	77999.86333539095	78805.78787083333	79803.32948945147	80826.4490982906	81876.14324242422	82953.46091666666	84059.50706222221	85195.44634684685	86362.50725570777	87296.57763425926	88526.10689671362	89790.76556666668	91092.08100966184	92431.67043627452	93811.24760696519	95232.63014646465	96571.62727094017	98080.55894704863	99637.39321604939	101244.44794534051	102904.19299362478	104619.26287685185	106392.4707222222	108609.32134674327	110514.74803703703	112488.22568055554	114533.46614747473	116654.45626131687	118855.48373794548	122236.16918482905	124632.95681590415	127125.61595222222	129720.01627777779	132422.51661689818	135240.0169704492	140223.2330519324	143339.30489753088	146597.01637247475	150006.24931136952	153577.82667592593	159081.7993807588	163058.84436527776	167239.84037464386	171640.88880555553	176279.83174624623	179730.47607407407	184865.63253333338	190302.85701960788	196069.6102626263	202196.78558333337	205599.4238566308	212452.73798518514	219778.6944674329	227627.93355555553	235630.25730452675	244692.959508547	254480.6778888889	265084.03946759267	275569.7220144928	288095.618469697	301814.45744444453	312435.52874722227	328879.5039444445	347150.5874969135	367571.21029084956	391737.92153124994	417853.7829666666	447700.48175	61698.124235042735	66839.63458796298	72915.96500505052	80207.56150555557	89119.51278395066	100259.4518819445	114582.23072222232	133679.26917592582	160415.123011111	200518.90376388872	267358.53835185163	401037.80752777745	802075.6150555549
139119.0	64806.08273999999	64572.70924017957	65231.614436507945	65904.1053069874	66590.60640393519	67291.56015555556	68007.42781678488	68738.69048148149	69485.85016062802	70249.43093162394	71029.98016419754	71246.5559712859	72056.17592550504	72884.40783269476	73731.90094702842	74599.335075817	75487.42239814815	76396.90941499332	77328.57904200543	77999.86333539095	78974.86162708334	79974.54341983121	80999.85807905984	82051.80428787878	83131.43329166666	84239.85240222221	85378.22878603604	86362.50725570777	87561.98652314815	88795.25393896714	90063.75756666668	91369.02941545894	92712.69161274511	94096.46312935324	95232.63014646465	96697.74753333333	98208.64983854168	99767.51729629628	101376.67080107528	103038.58343715846	104755.8931611111	106392.4707222222	108226.8236657088	110125.53987037037	112092.06736805555	114130.10495656564	116243.62541872429	118855.48373794548	121141.16611752135	123516.48310021787	125986.81276222221	128557.97220634922	131236.2632939815	135240.0169704492	138180.01733937202	141250.68439135805	144460.92721843437	147820.4836653747	153577.82667592593	157323.6273265583	161256.71800972222	165391.50565099716	169743.91369444443	176279.83174624623	181176.49373919753	186352.9649888889	191833.93454738564	196069.6102626263	202196.78558333337	208719.26253763438	215676.57128888887	219778.6944674329	227627.93355555553	236058.59776131687	245137.7745982906	254480.6778888889	265084.03946759267	276609.4324879228	289182.5885101011	301814.45744444453	316905.1803166667	333584.4003333334	347150.5874969135	367571.21029084956	390544.4109340277	417853.7829666666	447700.48175	482138.98034615384	66839.63458796298	72915.96500505052	80207.56150555557	89119.51278395066	100259.4518819445	114582.23072222232	133679.26917592582	160415.123011111	200518.90376388872	267358.53835185163	401037.80752777745	802075.6150555549
151450.0	64806.08273999999	65460.689636363626	66128.65585714286	66810.39457731959	67506.33618750001	68216.9292	68942.64121276596	69683.95993548387	70441.39428260869	71215.47553846154	71029.98016419754	71828.0698289638	72644.29789520202	73479.28982503193	74333.70017183463	75208.21429150327	76103.55017592594	77020.46041900938	77328.57904200543	78283.25285733881	79261.79351805555	80265.10736005625	81294.1471980057	82349.91534343433	83433.4668611111	84545.91308592592	85378.22878603604	86547.79356392696	87749.84625231482	88985.75957981222	90256.98471666669	91565.0569589372	92911.6019142157	94096.46312935324	95522.16711616163	96991.7389179487	98507.23483854167	100070.84174074074	101684.88757526882	103038.58343715846	104755.8931611111	106531.41677401129	108368.16533908044	110269.36122222221	112238.45695833332	114279.15617575755	116243.62541872429	118436.90137002096	120714.53408867521	123081.48573747277	125543.11545222222	128557.97220634922	131236.2632939815	134028.52421513005	136942.18778502417	139985.34751358026	144460.92721843437	147820.4836653747	151340.01899074073	155031.23896612469	158907.0199402778	165391.50565099716	169743.91369444443	174331.58703753754	179174.13112191358	184293.39201111114	191833.93454738564	197647.0840791246	203823.55545659727	210398.50885842292	215676.57128888887	223113.69443678157	231082.04066666664	239640.6347654321	245137.7745982906	254943.2855822222	265565.9224814815	276609.4324879228	289182.5885101011	302953.1879629631	316905.1803166667	333584.4003333334	352116.86701851845	367571.21029084956	390544.4109340277	416580.70499629626	447700.48175	482138.98034615384	522317.22870833345	72915.96500505052	80207.56150555557	89119.51278395066	100259.4518819445	114582.23072222232	133679.26917592582	160415.123011111	200518.90376388872	267358.53835185163	401037.80752777745	802075.6150555549
164874.0	66048.49492499999	66715.65143939393	67396.42339285715	68091.23188144331	68800.51554687502	69524.73150000001	70264.3563031915	71019.88701612904	71791.8423097826	71215.47553846154	72006.7586	72815.82330337078	73643.27584090909	74489.75027586207	75355.9101627907	76242.45028235295	77150.09850000001	77020.46041900938	77959.73432655827	78922.2001824417	79908.72768472222	80920.23056680731	81957.66942022792	83022.05473737372	84114.45019444443	84545.91308592592	85688.42542492492	86862.2394718417	88068.65946450617	89309.06311893585	90584.90687777779	91897.73161513689	92911.6019142157	94298.34224129355	95727.10500252526	97199.82969487179	98718.57703385418	100285.53857407407	101684.88757526882	103351.85294535519	105074.38382777777	106855.3055875706	108697.63844252871	110604.61455555554	112238.45695833332	114279.15617575755	116395.43684567901	118591.577163522	120872.18441666666	123242.22724836602	125543.11545222222	128105.21984920638	130774.07859606484	133556.50580023642	136459.90810024156	139985.34751358026	143166.83268434345	146496.2939095607	149984.30090740742	153642.4545880759	158907.0199402778	162981.5589131054	167270.54730555555	171791.3729084084	179174.13112191358	184293.39201111114	189713.78589379086	195462.68849663303	201570.89751215282	210398.50885842292	217411.792487037	224908.75084865896	231082.04066666664	239640.6347654321	248857.58225641024	258811.88554666666	265565.9224814815	277112.2669371981	289708.2790707071	302953.1879629631	318100.8473611112	334842.99722222233	352116.86701851845	372829.6239019607	396131.47539583326	416580.70499629626	446336.46963888884	482138.98034615384	522317.22870833345	569800.6131363638	80207.56150555557	89119.51278395066	100259.4518819445	114582.23072222232	133679.26917592582	160415.123011111	200518.90376388872	267358.53835185163	401037.80752777745	802075.6150555549
179488.0	67549.94618555556	68232.26887429853	68928.51651587302	69639.11977892325	70364.52727662039	71105.20651111112	71861.6448782506	72634.35073715652	71791.8423097826	72580.76365384617	73387.21658333333	74211.7920505618	75055.10786931818	75917.8102586207	76800.57549418605	77704.1116764706	77150.09850000001	78079.61775903616	79031.8082195122	80007.50955555555	81007.603425	82033.01612658227	83084.72146153846	84163.7438181818	84114.45019444443	85235.97619703703	86387.81371321321	87571.2084216134	88787.47520524693	90038.00302503914	91324.26021111113	91897.73161513689	93249.16884477125	94640.94748424545	96074.90123400674	97552.97663760683	99077.24189756945	100285.53857407407	101903.04726075269	103573.58901912568	105299.81550277778	107084.55813841807	108930.8436235632	110604.61455555554	112579.69695833331	114626.60053939393	116749.31536419752	118952.13263522011	121239.67364743589	123242.22724836602	125707.07179333332	128272.52223809525	130944.86645138891	133730.92743971632	136459.90810024156	139492.35050246917	142662.6311957071	145980.36680490957	149456.0898240741	153642.4545880759	157483.5159527778	161521.55482336183	165772.12205555555	171791.3729084084	176563.35548919754	181608.02278888892	186949.43522385624	195462.68849663303	201570.89751215282	208073.18452867382	215008.95734629626	224908.75084865896	232941.20623611106	241568.65831893004	250859.76056196578	258811.88554666666	269595.7141111112	281317.2668985508	289708.2790707071	303503.9114074075	318679.10697777785	334842.99722222233	353445.38595679007	374236.2910130718	396131.47539583326	422540.2404222222	446336.46963888884	480670.0442264957	522317.22870833345	569800.6131363638	626780.6744500002	89119.51278395066	100259.4518819445	114582.23072222232	133679.26917592582	160415.123011111	200518.90376388872	267358.53835185163	401037.80752777745	802075.6150555549
195397.0	69070.57323833332	69768.25579629629	70480.17677380954	71206.77653436427	71948.51378993057	72705.86656666668	73479.3332322695	72634.35073715652	73423.85454951691	74230.71009401711	75055.4957617284	75898.81593882648	76761.30248358585	77643.61630523628	78546.44905297158	77704.1116764706	78629.160625	79576.49990963857	80546.94503048781	81541.35175925925	82560.61865625001	83605.689778481	84677.55759615384	84163.7438181818	85271.16149999999	86408.11031999999	87575.78748648649	88775.45580821918	90008.44825	91276.17287323945	91324.26021111113	92647.8002141707	94010.2678643791	95413.40619071313	96859.06386026937	98349.2033042735	99077.24189756945	100649.8965308642	102273.28195878136	103949.89313843352	105682.39135740741	107473.61832956685	109326.61174904212	110841.91105555555	112821.23089583332	114872.52600303029	116999.79500308642	119207.33830503144	121239.67364743589	123616.9221503268	126089.26059333333	128662.51080952382	131342.97978472224	133730.92743971632	136638.12151449278	139674.52421481482	142848.945219697	146171.01371317828	149456.0898240741	153101.3603075881	156928.89431527778	160952.7121182336	165772.12205555555	170252.44967867868	174981.68439197532	179981.1610888889	186949.43522385624	192614.56962457913	198633.77492534727	205041.3160519713	215008.95734629626	222423.05932375474	230366.74001388886	238898.84149588476	250859.76056196578	260894.15098444442	271764.74060879636	281317.2668985508	294104.4153939394	308109.3875555556	318679.10697777785	335451.6915555556	353445.38595679007	374236.2910130718	397626.05920138885	422540.2404222222	452721.6861666666	480670.0442264957	520725.88124537043	569800.6131363638	626780.6744500002	89119.51278395066	100259.4518819445	114582.23072222232	133679.26917592582	160415.123011111	200518.90376388872	267358.53835185163	401037.80752777745	802075.6150555549
212716.0	70317.89548777777	71028.17726038158	71752.95457936508	72492.67576059565	73247.80779976852	74018.83735555556	73479.3332322695	74269.43358960573	75076.71004166667	75901.72883333334	76745.08137592592	77607.38566104868	78489.28777083333	79391.46349233716	80314.62004457365	79470.52492418302	80416.60260185186	81385.47733199467	82377.98315311654	83394.99529080933	84437.43273194446	85506.26099437411	84677.55759615384	85777.26613636363	86905.914375	88064.65989999998	89254.72287162162	90477.39030821918	91734.02072916667	91276.17287323945	92580.11820000001	93921.85904347827	95303.06285294119	96725.49662686569	98191.03445454546	99701.66575384614	99885.9096059028	101471.4002345679	103108.03572222222	104798.33138979963	106544.97024629629	108350.81719962334	109326.61174904212	111244.62248148148	113231.1335972222	115289.88148080806	117424.87928600823	119207.33830503144	121499.78711858974	123882.13588562093	126359.77860333333	128938.54959523812	131342.97978472224	134137.51126950356	137053.54412318842	140099.17843703707	143283.25067424244	146171.01371317828	149651.27594444444	153301.30706504066	157133.83974166666	160952.7121182336	165188.30980555553	169652.85871921922	174365.43812808645	179981.1610888889	185274.72465032683	190889.11024579126	196854.39494097227	205041.3160519713	211876.02658703702	219182.09646934862	227010.02848611108	238898.84149588476	248087.2584764957	258010.74881555553	271764.74060879636	283580.5988961353	296470.6261186869	308109.3875555556	323514.8569333334	335451.6915555556	354087.8966419752	374916.5964444443	397626.05920138885	424134.4631481481	452721.6861666666	487546.4312564102	520725.88124537043	568064.5977222223	626780.6744500002	696422.9716111114	100259.4518819445	114582.23072222232	133679.26917592582	160415.123011111	200518.90376388872	267358.53835185163	401037.80752777745	802075.6150555549
231570.0	71065.41962333332	71783.25214478113	72515.73430952382	73263.31919931271	74026.47877430556	74805.70486666667	74806.27179550828	75610.64030943847	76432.49509541062	77272.41262393162	78130.99498641974	79008.87133458177	79906.69941792928	80825.16722733078	80314.62004457365	81259.49792745098	82226.87290277777	83217.55811847391	84232.40638821138	85272.3126399177	86338.21654791667	87431.1053649789	86602.49510968661	87727.20283838383	88881.50813888888	90066.59491407407	91283.71106156157	92534.17285692543	93819.3697021605	93026.04919014085	94354.99275000002	95722.45641304349	97130.13959558825	98579.84317164181	100073.47715909092	99701.66575384614	101259.50428125	102866.798	104525.93990322581	106239.47990163934	108010.1379	108350.81719962334	110218.93473754787	112152.60025925926	114155.32526388887	116230.87663232323	117424.87928600823	119640.44304612158	121941.22079700854	124332.22512636166	126818.86962888888	129407.00982539685	131624.76937847224	134425.29638652483	137347.58543840583	140399.75400370374	143283.25067424244	146615.41929457363	150106.2626111111	153767.39096747967	157611.57574166666	161162.91255555555	165404.04183333332	169874.42134234234	174593.15526851852	179347.30778888892	184622.2286062092	190216.84159427613	196854.39494097227	203204.53671326162	209978.02127037034	217218.64269348653	227010.02848611108	235417.80731893005	244472.3383696581	258010.74881555553	268761.1966828704	280446.4661038648	296470.6261186869	310588.27498148155	323514.8569333334	340541.95466666674	359460.9521481481	374916.5964444443	398348.8837222221	424134.4631481481	454429.7819444444	487546.4312564102	528175.3005277779	568064.5977222223	624871.0574944445	696422.9716111114	783475.8430625005	114582.23072222232	133679.26917592582	160415.123011111	200518.90376388872	267358.53835185163	401037.80752777745	802075.6150555549
252095.0	71206.5839761111	71925.84240011222	72659.77956746033	73408.84945990836	74173.52497511575	74805.70486666667	75601.51023758865	76414.42970250896	77245.02132971014	78093.86771794871	78961.57735925924	79848.78609363295	80756.15866287878	81684.3903716475	81764.99475322997	82726.93586797385	83711.7803425926	84720.35600937082	85753.53108265583	86812.21665157749	87897.36935972222	87431.1053649789	88552.01697222222	89702.04316666666	90882.33320833332	92094.0976511111	93338.61248423423	94617.22361415526	93819.3697021605	95140.76927543039	96499.92312222224	97898.47273268922	99338.15615522877	100820.81520232176	100073.47715909092	101613.06911538461	103200.77332031251	104838.88083333333	106529.83052419354	108276.22118852459	108010.1379	109840.8182033898	111734.62541379308	113694.88199999998	115725.14774999997	117829.24134545453	118383.30027366255	120616.94744863731	122936.50413034187	125347.02381917211	127853.96429555555	129407.00982539685	132102.98919675927	134913.69109456267	137846.59742270532	140909.8551432099	143590.6575037879	146929.97512015505	150428.30786111113	154097.2909796748	157611.57574166666	161652.8981965812	165906.92183333333	170390.8926936937	174593.15526851852	179581.53113333337	184863.34087254904	190465.2602929293	196161.1178940973	202488.895890681	209238.5257537037	217218.64269348653	224976.45136111107	233308.91252263373	244472.3383696581	254251.23190444443	264845.03323379636	280446.4661038648	293194.0327449495	307155.6533518519	326117.6887305556	343281.7776111112	359460.9521481481	380605.7140392156	398348.8837222221	424905.4759703703	454429.7819444444	489385.919017094	528175.3005277779	576191.236939394	624871.0574944445	694301.1749938275	783475.8430625005	114582.23072222232	133679.26917592582	160415.123011111	200518.90376388872	267358.53835185163	401037.80752777745	802075.6150555549
274439.0	70761.75867833332	71476.5239175084	72205.87620238095	72950.26667869416	73710.16528993056	74954.29892222222	75751.68508096927	76566.21932915173	77398.46084359902	78248.99338034188	79118.42664012345	80007.39772596753	80916.57270012626	81684.3903716475	82634.20886434108	83606.37602745098	84601.69002777777	85620.98749799198	86665.14588211382	87735.08595473251	88831.77452916667	89009.99428832628	90151.14806125355	91321.94219191917	92523.54669444443	93757.19398370369	95024.18309159158	96325.88422983258	95931.35171990741	97282.49751877936	98672.24748333334	100102.28005555556	101574.37240931374	103090.40781840797	102348.40331144782	103922.99413162393	105546.79091493058	107222.13680246913	108951.52610573478	110737.61669763207	110080.82487499999	111946.60156779659	113876.715387931	115874.55249999999	117943.74093749998	117829.24134545453	120011.26433333333	122275.62781132075	124627.08219230769	127070.75047058823	127853.96429555555	130463.22887301589	133181.21280787038	136014.85563356976	138971.70032125607	140909.8551432099	144112.3518510101	147463.80189405684	150974.8447962963	154097.2909796748	157949.7232541667	161999.71615811967	166262.86658333332	170390.8926936937	175123.9730462963	180127.51513333336	185425.38322549022	190465.2602929293	196417.29967708339	202753.34160215053	209238.5257537037	216453.6473314176	224184.1347361111	233308.91252263373	242282.3322350427	251973.62552444442	264845.03323379636	276360.03467874404	288921.85443686874	307155.6533518519	322513.4360194445	343281.7776111112	362352.98747839493	383667.8690947711	404393.5711666666	431353.14257777773	455255.86711111106	490275.5491965812	530168.0789351853	576191.236939394	633810.3606333334	694301.1749938275	781088.821868056	895400.9635000008	133679.26917592582	160415.123011111	200518.90376388872	267358.53835185163	401037.80752777745	802075.6150555549
298764.0	69849.38244666666	70554.93176430975	71274.88004761905	72009.67262542955	72759.77338194445	74486.06176666667	75278.46667907802	76087.91255734766	76914.95508514492	77760.17437179487	78624.17630925926	79507.59402059924	80411.08940719697	81846.64824840358	82798.35346059431	83772.4517366013	84769.7428287037	85791.06503145919	86837.29753184282	87909.3629334705	88831.77452916667	89956.227371308	91109.51233760684	92292.75275757574	93507.13108333331	94753.8928311111	96034.35084234233	96325.88422983258	97663.74373302469	99039.28941940532	100454.13641111112	101909.9934605475	103408.66983496732	104952.08281757879	104652.38369444445	106262.42036666666	107922.77068489585	109635.83053703702	111404.1503844086	110737.61669763207	112583.2436425926	114491.43421280602	116465.42445785439	118508.67751851851	120624.90390277776	120088.17259090907	122312.02763888889	124619.80174528301	127016.33639423076	129506.85279411766	129612.16547999998	132257.31171428572	135012.67237500002	137885.2824255319	138971.70032125607	142059.9603283951	145288.59579040407	148667.40034366926	152207.10035185187	154657.15808401085	158523.5870361111	162588.2943960114	166866.9337222222	170756.45757207207	175499.69250462964	180513.96943333338	185425.38322549022	191044.33423232325	197014.46967708337	203369.7751505376	209511.78632222218	216736.33067816088	224476.91391666664	232487.25083744858	241429.06817735042	251086.23090444444	262472.526587963	273884.37557004835	288921.85443686874	302680.0379814815	317814.03988055565	339487.827388889	358348.26224382705	383667.8690947711	407647.11091319437	431353.14257777773	462164.0813333333	490275.5491965812	531131.844962963	578365.1770202022	633810.3606333334	704233.7340370374	781088.821868056	895400.9635000008	1044634.4574166657	160415.123011111	200518.90376388872	267358.53835185163	401037.80752777745	802075.6150555549
325245.0	68634.97089944444	69328.25343378226	70035.68459126985	70757.70195819015	71494.76135358798	73525.66573333334	74307.85366666668	75106.86284587813	75923.24178985506	76757.56312820513	77610.42494074073	78482.45218726591	79374.29823484848	81335.35480268199	82281.11474224806	83249.12785686275	84240.18890277778	85255.13093775102	86294.82765650407	87360.19589917695	89008.22997013888	90134.9164254571	91290.49227706552	92476.08308585857	93692.87365277777	94942.11196814814	96225.11348123122	97349.88989497717	98701.97169907407	100092.140314554	101522.02803333334	102993.36177294685	104507.97003431372	104952.08281757879	106542.2658905724	108181.37767350426	109871.71169965278	111615.70712345677	113415.9604641577	113230.44793169398	115117.62206388888	117068.76820056495	119087.19523850572	121176.44427777777	120624.90390277776	122818.08397373736	125092.492936214	127452.72865199162	129903.74266452991	129506.85279411766	132096.98984999998	134792.8467857143	137601.03109375003	140528.712606383	140882.7885652174	144013.51720000003	147286.5516818182	150711.8203255814	152207.10035185187	155919.46865311655	159817.45536944445	163915.33884045584	166866.9337222222	171376.85084984984	176137.31892901234	181169.81375555557	185823.2038284314	191454.21000505053	197437.15406770838	203369.7751505376	210148.7676555555	217395.27688505742	224476.91391666664	232790.87369135802	241744.3688333333	251086.23090444444	261548.15719212967	272919.8162004831	286333.6653686869	299968.6018148149	317814.03988055565	334541.0946111112	358348.26224382705	379427.57178758155	407647.11091319437	434823.584974074	462164.0813333333	497715.1645128205	531131.844962963	579416.5581414142	636201.6947222224	704233.7340370374	792262.9507916671	892672.9392777785	1044634.4574166657	160415.123011111	200518.90376388872	267358.53835185163	401037.80752777745	802075.6150555549
354073.0	67288.18666888888	67967.86532210998	68661.41496825397	69369.26460710196	70091.86111342594	72247.3377888889	73015.9264887707	73801.04397789726	74603.22923852658	75423.04494444445	76261.0787771605	77117.94483083645	79374.29823484848	80286.64649042145	81220.21214728682	82175.74405490197	83154.02672222222	84155.88246586347	85182.17371544716	86233.80548971193	88452.19834791667	89571.84642827003	90720.20343376067	91898.38789393938	93107.57720833331	94349.0115711111	95623.99821396395	97543.26572070016	98898.03330015432	100290.96334663538	101723.69139444445	103197.94779146538	104715.56467075164	106067.79048258708	107674.87821717172	109331.4148051282	111039.71816145834	112802.25337037035	114621.64455376344	115275.23850455372	117196.49247962963	119182.8737080979	121237.75084099613	123364.72892592591	123340.30935416665	125582.86043333332	127908.46895987654	130321.83629874213	132828.02545833332	132450.87487363836	135099.8923711111	137857.03303174605	140729.05455324077	140528.712606383	143583.68461956523	146774.43316666668	150110.21573863638	153601.1509883721	154300.19700000001	158063.6164390244	162015.20685	166169.44292307692	168228.90038888887	172775.62742642642	177574.95041049385	181169.81375555557	186498.3376895425	192149.80246801348	197437.15406770838	203806.09452150535	210599.63100555554	217861.6872471264	225159.39391666662	233498.63072839504	241744.3688333333	251414.14358666664	261889.73290277782	272919.8162004831	285325.2623914142	299968.6018148149	314967.03190555563	331544.24411111115	353126.71097839496	373898.8704477123	403141.79502430547	430017.9146925925	465882.4124722221	497715.1645128205	539191.4282222224	579416.5581414142	637358.2139555557	706890.7719135806	792262.9507916671	892672.9392777785	1044634.4574166657	160415.123011111	200518.90376388872	267358.53835185163	401037.80752777745	802075.6150555549
385457.0	65943.4261811111	66609.52139506172	67289.2103888889	67982.91358877435	70091.86111342594	70829.67017777778	71583.17730732862	72352.88889127837	73139.33333574879	73943.06227350427	74764.65185432098	75604.70412234706	77994.28511300505	78890.77114878672	79808.10569702843	80747.0245875817	81708.29868981482	82692.73602342706	83701.18402371275	84734.53197462278	87311.72805833333	88416.93980590715	89550.49031623932	90713.48369696968	91907.08216666665	93132.50992888887	95623.99821396395	96933.91599771689	98280.22038657407	99664.44884272301	101088.22668333334	102553.27344685991	104061.40982107844	106278.48354643451	107888.76360016836	109548.59073247862	111260.28746267362	113026.32377160493	114621.64455376344	116500.68790710381	118442.36603888888	120449.86376836155	122526.58555747123	124676.17477777776	125567.67051388886	127850.71906868684	130218.32497736624	132675.27450524108	135226.72209188034	135432.49654575164	138141.14647666665	140960.35354761907	143897.02757986114	143723.2897565012	146847.70909903385	150110.99152345682	153522.60496717173	153601.1509883721	157258.32125	161093.89006097562	165121.23731250002	166169.44292307692	170542.32299999997	175151.57497297297	180016.8965	182648.52042222227	188020.5357287582	193718.12772053873	198154.48379513892	204546.5639175627	211364.7827148148	217861.6872471264	225642.46179166663	233999.59000617283	242479.34729487178	252178.52118666665	262685.9595694445	273276.24302898557	285697.890439394	298912.17964814825	313857.7886305556	331544.24411111115	349963.3687839505	373898.8704477123	397267.54985069437	430017.9146925925	460733.4800277777	501719.52112393157	539191.4282222224	588208.8307878788	637358.2139555557	706890.7719135806	795252.1184027783	905443.3723333341	1041451.7624907398	1253561.348899999	200518.90376388872	267358.53835185163	401037.80752777745	802075.6150555549
419622.0	64685.65345666667	65339.04389562289	66005.76883333335	66686.24067697595	68691.06893865742	69414.13282222224	70152.58104373523	70906.90987216249	71677.63715338164	72465.3034957265	73270.47353456791	74093.73728214731	76463.84848737373	77342.74329757344	78242.07752196382	79162.57255163399	80104.98412962964	81070.10442034807	82058.7642303523	83071.83539368998	85793.71362430556	86879.70999929676	87993.5524351852	89136.32584343433	90309.1722361111	91513.29453259258	94391.05736036036	95684.085543379	97013.03117592592	98379.41189671363	99784.83206666667	101230.9890531401	104061.40982107844	105614.56519154231	107214.78587626263	108864.24412051281	110565.24793489584	112320.25187037035	114849.3289937276	116732.10487887067	118677.63996018517	120689.12538323915	122769.97237260533	124676.17477777776	126902.53504166663	129209.85386060603	131602.62893209874	134085.6974025157	135226.72209188034	137878.2264466231	140635.79097555554	143505.90915873015	146495.61559953704	146958.666464539	150153.42008333336	153490.16275185187	156978.57554166668	157092.89810594317	160833.20520370372	164755.96630623308	168874.8654638889	169355.11519230768	173811.82875	178509.44574324324	180016.8965	185160.23640000002	190606.12570588238	196382.0689090909	199771.81921180562	206216.07144444442	213089.94049259258	218653.22349808423	226462.2671944444	233999.59000617283	242999.57423717948	252719.55720666665	262685.9595694445	274107.08824637684	285697.890439394	299302.55188888893	314267.67948333337	330376.6196111112	348730.8762561728	370549.4493006535	393708.78988194437	423752.05317407404	460733.4800277777	496174.5169529914	543529.4812175927	588208.8307878788	647029.7138666668	708175.7932839509	795252.1184027783	905443.3723333341	1041451.7624907398	1253561.348899999	200518.90376388872	267358.53835185163	401037.80752777745	802075.6150555549
456815.0	63559.19178	64201.20381818181	64856.318142857155	65524.93997938145	67380.88901736113	68090.16153333335	68814.52495390072	69554.46608243728	70310.49288768116	71083.13566666668	71872.9482851852	72680.50950187266	74935.71156944445	75797.04158748404	76678.40253617571	77580.50138954249	78504.07878703704	79449.91106157967	80418.81241598917	83071.83539368998	84110.23333611111	85174.91983403655	86266.90598575499	87387.2554141414	88537.0877222222	89717.58222518518	92749.96067492492	94020.50808143076	95326.34847145063	96668.9730978091	98049.95842777779	99470.97231803543	102719.68006862745	104252.80962189056	105832.39764646465	107460.58837948716	109139.66007291667	110872.03562962962	114131.8688360215	116002.88307923496	117936.26446388887	119935.18420056495	122003.03220402295	124923.83153703703	127154.61424305553	129466.516320202	131864.04440020575	134352.04523794548	136664.26850641024	139343.96004575162	142130.83924666664	145031.46861904764	148052.95754861113	149612.54359101655	152864.99019082126	156261.9899728395	159813.3988358586	160629.2400891473	164453.74580555555	168464.81277642277	172676.43309583334	173204.99021937323	177763.01627777776	182567.42212312313	183468.04145833335	188709.98550000004	194260.2791911765	196382.0689090909	202519.00856250004	209051.8798064516	213089.94049259258	220437.86947509574	228310.65052777773	234849.75857201646	243882.4415940171	253637.73925777775	263249.5387569445	274695.17087681167	286566.5013484849	300212.52522222226	314267.67948333337	330808.08366666676	348730.8762561728	369244.4572124182	393708.78988194437	419956.0425407407	454020.05697222217	488944.6767393162	537522.3933657408	592941.2522373738	647029.7138666668	718921.9042962965	796697.7674444448	908859.5638888897	1056350.6010555546	1249742.114988888	1566951.6861249986	267358.53835185163	401037.80752777745	802075.6150555549
497305.0	62576.91348222222	63209.00351739618	63853.99334920636	64512.281940435285	66207.49143750001	66904.41240000002	67616.16146808512	68343.21696774194	69086.07802173913	69845.2656923077	70621.3242	71414.8222247191	73506.42438257576	74351.32581226055	75215.8761124031	76100.76877254903	77006.73030555557	77934.52223694781	78884.9432398374	81411.637260631	82429.28272638889	83472.69136849507	84542.85407834758	85640.8132222222	86767.66602777777	87924.56824148148	90929.98198498497	92175.59817656013	93455.81481790124	94772.09389984352	96125.98095555557	97519.11111433172	100933.78073447714	102440.2550737977	103992.38015067342	105592.26292222222	107242.14203038196	108944.39825308642	112660.2942688172	114507.1843387978	116415.6374111111	118388.78380790958	120429.96973563216	124143.43627777776	126360.28335416663	128657.74305151514	131040.29384876542	133512.75222327042	136935.7384155983	139620.7528943355	142413.1679522222	145319.55913492065	148052.95754861113	151203.0204751773	154490.04265942032	157923.15471851855	159813.3988358586	163529.98950645994	167423.5606851852	171507.06216531165	172676.43309583334	177104.03394444444	181764.66641666665	186677.22496846845	187638.739404321	192999.8462444445	198676.31231045755	200146.95431818184	206401.54664062505	213059.66104838706	216020.27579999997	223469.25082758616	231450.29549999995	236766.6005473251	245873.00826068374	253637.73925777775	264205.97839351854	275693.19484541065	287181.3150075758	300856.6157222223	315223.1514833334	331813.8436666667	349186.3105370369	369726.6817450979	392322.2357881944	419956.0425407407	449952.90272222215	488944.6767393162	529690.0664675927	586388.065489899	652235.3774611112	718921.9042962965	796697.7674444448	908859.5638888897	1056350.6010555546	1249742.114988888	1566951.6861249986	267358.53835185163	401037.80752777745	802075.6150555549
541383.0	61740.643249444445	62364.28611054994	63000.65637698414	63650.14767983964	64313.17005150464	65870.43524444445	66571.18455555556	67287.00374432497	68018.38421980676	68765.838991453	69529.9038691358	70311.13874406992	72226.35429545454	73056.54227586207	73906.03695348838	74775.51974117648	75665.7045	76577.33949397592	77511.2094878049	79858.83142798355	80857.06682083334	81880.57399578059	82930.32494444445	84007.34215151514	85112.70191666666	86247.53794222222	89112.73808258258	90333.46052207003	91588.09191820989	92878.06504381848	94204.89454444447	95570.18287117554	98953.2156895425	100430.12935655059	101951.79798316499	103520.28718290597	105137.79167013889	106806.64550617283	110701.56596684588	112516.34573679417	114391.61816574074	116330.45915160075	118336.15672318006	122542.77622222221	124731.04008333331	126998.87717575756	129350.7082345679	131791.28763522013	136080.305150641	138748.54642810457	141523.51735666665	144411.7524047619	148347.0499502315	151503.37016193854	154796.9216871981	158236.85328024693	161512.31732575758	165268.41772868217	169203.38005555555	173330.29176422764	175794.73871944443	180302.2961225071	185047.09338888887	190048.36618318316	191862.70343981482	197344.49496666668	203148.74481862749	204696.80662289564	211093.58182986118	217903.05221146953	220161.64974999995	227753.430775862	231450.29549999995	240022.52866666665	249254.16438461537	255707.9285911111	266362.42561574077	275693.19484541065	288224.7037020202	301949.68959259265	315899.44650833344	332525.73316666676	350247.9460925925	369726.6817450979	392834.5993541666	418477.0515074074	448368.2694722222	484564.6644700854	529690.0664675927	577843.7088737375	645026.872038889	724705.9749567903	808787.1423333337	910511.7342222229	1060336.1578703695	1267620.7212666655	1566951.6861249986	267358.53835185163	401037.80752777745	802075.6150555549
589369.0	61045.404665	61662.02491414141	62291.22925000001	62933.40687113403	63588.96319270835	64990.150788888895	65681.53537174941	66387.78844026284	67109.39483635266	67846.86071367523	68600.71472160493	69371.5092690387	71110.1289570707	71927.48676117498	72763.85288630491	73619.89821437909	74496.32557407407	75393.871665328	76313.30912466126	78468.138	79448.989725	80454.6731392405	81486.14330769231	82544.4049090909	83630.5155	84745.58903999999	87413.04521171171	88610.48418721462	89841.1853564815	91106.55416431927	92408.07636666669	93747.32385024156	96975.62673692813	98423.02415091213	99914.2820925926	101451.4248940171	103036.60340798613	104672.10504938272	108529.33333691757	110308.50273588342	112146.97778148147	114047.7740150659	116014.11494636013	120412.22964814815	122562.44803472221	124790.85618080807	127101.79796193416	129499.9450932914	134325.73547435895	136959.5734248366	139698.7648933333	142549.7600952381	147420.33057986113	150556.93335815603	153829.91017028986	157248.35261851855	161833.14540025254	165596.70692118863	169539.4856574074	173674.59506368564	177663.54905833333	182219.02467521367	187014.26216666662	190048.36618318316	195327.48746604938	200908.27282222224	206817.33966993465	209304.7673888889	215845.54136979172	222808.30076881716	225166.48728518517	232930.84891570878	235887.48187499997	244624.05527777778	254032.67278846152	259224.33095999996	270025.34475000005	277943.40064251213	290577.19158080814	301949.68959259265	317047.17407222226	332525.73316666676	350999.38500925916	370850.76645098027	394028.93935416656	419023.57264444436	448368.2694722222	482858.13635470084	524945.053175926	577843.7088737375	645026.872038889	716696.5244876546	815294.2218263893	924328.1626666675	1062263.6899259249	1267620.7212666655	1562177.6437361098	267358.53835185163	401037.80752777745	802075.6150555549
641607.0	60479.68561833333	61090.59153367003	61713.96491666667	62350.19135910653	62999.672519097236	64258.32070000001	64941.919856382985	65640.22006989247	66353.70072282609	67082.86226923078	67828.22740555556	68590.34232022472	69369.77802840908	70966.25660855684	71791.4456388889	72636.05088169935	73500.76577314814	74386.31716800536	75293.46737737129	76223.01635733883	78221.14185277779	79211.28288888888	80226.81215669516	81268.7188080808	82338.04405555555	83435.88464296295	85890.7997027027	87067.38600000001	88276.65525000001	89519.98842253523	90798.84540000002	92114.77069565219	95125.96096568629	96545.75142786073	98008.56584343436	99516.38993333334	101071.33352604168	102675.64040740741	106360.36480824373	108103.97734608379	109905.71030185185	111768.51895103577	113695.56238122603	118049.45029629629	120157.47619444442	122342.15757979796	124607.75309053497	126958.84277148846	131990.32865277777	134578.37431263618	137269.94179888887	140071.3691825397	145519.5467638889	148615.70733333335	151846.48357971016	155220.8498814815	160822.17881439396	164562.2294844961	168480.37780555556	172589.65531300814	178016.45994027777	182580.98455413105	187385.74730555553	192068.70168468467	197403.94339814814	203044.05606666667	206817.33966993465	213084.5317811448	219743.42339930558	222808.30076881716	230235.24412777773	238174.39047701145	241249.80780555552	250184.985872428	259807.48532905983	264193.97969999997	275202.06218750007	281765.5771304348	294573.1033636364	304414.2007037038	319634.91073888895	333733.8674444445	352274.6378580246	371646.40765686263	394874.3081354166	420297.535311111	448953.8278333333	483488.7376666666	523096.31438425934	572667.3307373738	635628.0797611113	716696.5244876546	815294.2218263893	924328.1626666675	1062263.6899259249	1272403.3894444434	1562177.6437361098	2089268.9148333315	401037.80752777745	802075.6150555549
698476.0	60029.45261444444	60635.810721661044	61254.54348412699	61886.0336231386	62530.67980671297	63662.826966666675	64340.09108333334	65031.92001971327	65738.7887155797	66461.19298717949	67199.65068703704	67954.70294194756	68726.91547537879	70167.13179885058	70983.02868023256	71818.12313529412	72673.10079166667	73548.68031927712	74445.61544512196	75364.69711728395	77175.80406180555	78152.7129739803	79154.67083262108	80182.65357070706	81237.6884861111	82320.85766592591	84563.39659759759	85721.79929071538	86912.37983641976	88136.49786228483	89395.5906888889	90691.17895974236	93469.39967647061	94864.4653432836	96301.80572727275	97783.37196923076	99311.23715625002	100887.606	104331.69912365593	106042.05484699454	107809.42242777778	109636.70077401129	111526.98871839078	115690.22137037037	117756.11818055554	119897.1385111111	122117.4558909465	126958.84277148846	129400.35897863246	131937.62091938997	134576.37333777777	137322.82993650794	142989.52270717596	146031.8529775414	149206.45847705318	152522.15755432102	158748.596469697	162440.42429457363	166308.05344444443	170364.34743089433	176904.39669583333	181440.40686752135	186215.15441666663	192450.22696246245	197796.06660030864	203447.3827888889	209015.94006862745	215349.75643434344	222079.4363229167	226831.92092831538	234392.9849592592	242475.50168199226	246680.6187083333	255816.93791975308	259807.48532905983	270199.7847422222	281458.10910648154	287167.36923913046	300220.43147727277	308600.39400000003	324030.41370000003	336457.80077777785	355149.9008209876	372996.67537908483	394874.3081354166	421199.2620111111	450318.78783333325	483488.7376666666	523779.46580555564	570650.5247828284	629934.0638111113	706253.4219567904	806283.5900486115	931764.8249444452	1078382.8564444436	1272403.3894444434	1584525.9015833319	2089268.9148333315	401037.80752777745	802075.6150555549
760385.0	59680.937567222216	60283.77532042648	60898.91588492064	61526.739760022916	62167.643299189825	63188.8974888889	63861.11980260048	64547.79851015532	65249.40501570048	65966.43144444445	66699.39179382716	67448.82316229712	68215.28706186869	69516.88002107281	70325.21583527132	71152.57131568628	71999.62573611112	72867.09110642572	73755.7141686992	74666.27854115226	76306.75583125	77272.66413291139	78263.33931410257	79279.7463181818	80322.90087499999	81393.87288666666	83433.30168843844	84576.22362937596	85750.89340200619	86958.65246400627	88200.91892777779	89479.19311513688	92024.87276797387	93398.37833167498	94813.50527609429	96272.17458803418	97776.42731597224	99328.43409876543	102514.82545161291	104195.39636065574	105931.9863	107727.44369491524	109584.81341379309	113483.60255555555	115510.09545833332	117610.2790121212	119788.24714197531	124421.55883228511	126814.28111752137	129300.83564923749	131886.8523622222	134578.4207777778	140183.72222685188	143166.35461465723	146278.6666714976	149529.303708642	155988.57022601014	159616.21139405685	163416.59737962965	167402.3680474255	174623.45611666667	179100.98063247863	183814.1643333333	191247.9964279279	196560.44077314815	202176.45336666668	209431.12934150329	215777.5272003367	222520.57492534726	229243.28910752683	236884.73207777773	245053.17111494247	251135.34102777773	260436.64995473248	265656.05091666663	276282.2929533333	281458.10910648154	293695.4181980677	307045.20993434347	314516.6425000001	330242.4746250001	341084.64600000007	355149.9008209876	376041.0714575162	396308.9675902777	422729.5654296296	451284.92358333326	484958.69458974357	523779.46580555564	571395.780878788	627715.5772611112	699926.7375679015	794535.0997013893	921466.9600555563	1078382.8564444436	1274716.42791111	1590504.2368055542	2082903.5249814796	401037.80752777745	802075.6150555549
827782.0	59422.794246666665	60023.02449158248	60635.50433333334	61260.61262542955	61898.74400694446	62550.309733333335	63490.3591140662	64173.05114755078	64870.584312198065	65583.44787606839	66312.15285246914	67057.233221598	67819.2472354798	68999.37082120051	69801.6890865633	70622.88542875818	71463.63406481482	72324.64170414995	73206.64952981031	74110.43532647462	75599.60702291667	76556.56407383965	77538.05848504274	78545.04625757574	79578.53370833333	80639.58082444443	82493.79008783784	83623.84200684933	84785.28425694445	85979.44319014087	87207.72095000002	88471.60096376813	90795.0636021242	92150.21380514099	93546.42916582493	94985.60499914529	96469.75507725695	98001.0210308642	100930.50561648745	102585.10406921676	104294.8558037037	106062.56522410545	107891.23014176243	111507.35399999999	113498.55674999999	115562.16687272726	117702.20700000001	122048.40274842767	124395.48741666667	126834.61462091505	129371.30691333333	132011.5376666667	137382.13787731485	140305.16208747047	143355.2743067633	146540.94706913584	152927.6969747475	156484.15504392763	160209.96825925927	167402.3680474255	171587.42724861111	175987.1048703704	180618.3444722222	188782.1147207207	194026.06235185184	199569.66413333334	208122.8196421569	214429.57175252525	221130.49586979172	229698.65798745517	237355.27992037032	245539.94474521067	253805.07008333327	263205.2578641975	270453.4441837607	281271.5819511111	287794.0551597223	300306.8401666667	307045.20993434347	321666.4104074075	330242.4746250001	347623.6575000001	360033.7929999999	381212.2514117646	399543.63842361106	422729.5654296296	452924.5343888888	485999.14847435895	525371.919138889	571395.780878788	627715.5772611112	699926.7375679015	794535.0997013893	921466.9600555563	1087058.9624351843	1294059.4277333322	1590504.2368055542	2082903.5249814796	401037.80752777745	802075.6150555549
901152.0	59247.29261888888	59845.750120089775	60456.421039682544	61079.683112256585	61715.929811342605	62365.57117777778	63215.738560283695	63895.477684587815	64589.99374637681	65299.7738974359	66025.32694074074	66767.18454681648	67525.9025530303	68598.77881289911	69396.43903165375	70212.8677261438	71048.73519907407	71904.74405689425	72781.6311795393	73680.16983607682	75036.81576805556	75986.6488790436	76960.83668518519	77960.32807070705	78986.1218611111	80039.27015259258	81120.8819114114	82848.8844086758	83999.5633587963	85182.6558004695	86399.55088333334	87651.71828743962	89772.65391911766	91112.54427611943	92493.03737121214	93916.00717692307	95383.44478906252	96897.46772222222	99581.68266039428	101214.16926138433	102901.07208240741	104645.15804990583	106449.38491283523	109784.05874074073	111744.4883611111	113776.20633131312	115883.17311522634	118069.64807966456	122229.21496153846	124625.86623529413	127118.38356	129712.63628571431	134761.77803472226	137629.04990780144	140620.98577536235	143745.89657037042	149871.42313888893	153356.80507235142	157008.15757407408	164117.5284607046	168220.46667222222	172533.81197150997	177074.1754444444	185499.92134984984	190652.69694290127	196099.91685555558	205439.3601372549	211664.7952929293	218279.32014583336	228263.73767204297	235872.52892777772	245539.94474521067	254309.22848611107	263728.0888004115	273328.5370128205	284261.6784933333	292991.2311990741	305729.9803816425	313957.15108333336	328907.49161111115	337749.7309277779	355526.03255555563	366936.0829166666	388520.5583823528	405038.0171249999	426179.88098518515	456621.30105555546	487764.8831880342	526499.077513889	573133.0026969698	628535.3589666667	697461.752512346	787417.5797638893	908040.1139444452	1075044.7867314806	1294059.4277333322	1593395.5348888875	2112701.202111109	3133903.372249997	802075.6150555549
981025.0	59148.79274499999	59746.25529797979	60355.91096428572	60978.13685051547	61613.325776041675	62261.88710000001	63029.03470094563	63706.76625686977	64399.23110748792	65106.91496581197	65830.32513209876	66569.99170661673	67326.468885101	68100.33634355044	69096.27237984496	69909.16970196078	70741.42172222222	71593.72800803214	72466.82225203252	73361.47437860082	74601.17195902778	75545.49059142053	76514.02252207977	77507.71112626261	78527.54943055555	79574.58342296295	80649.91563138137	82232.12686910198	83374.23974228396	84548.5248090767	85756.36087777778	86999.20668760066	88278.60678594772	90268.18749004976	91635.88730050506	93045.67018205128	94499.50877864585	95999.50098148147	98460.33010483872	100074.43387704917	101742.34110833333	103466.7875677966	105250.69769827585	108316.91798148147	110251.14865972221	112255.71499898989	114334.52453600823	116491.7797159329	120340.21823504273	122699.83035729849	125153.82696444444	127707.98669841271	132414.98287500002	135232.32293617024	138172.1560434783	141242.64840000003	147012.84876515155	150431.7522248062	154013.46061111114	160837.62483197835	164858.56545277778	169085.70815669515	173535.33205555554	181859.96396996995	186911.62963580247	192251.96191111114	201867.56146895429	207984.76030134683	214484.28406076395	225320.58853763438	232831.27482222219	244006.0644080459	252720.56670833327	262080.58769753083	273871.4768311966	284826.3359044444	296105.91509722226	308980.08531884063	319626.7976717172	334847.12137037044	345352.86619166675	363529.3328333334	375277.4788086419	397352.6246209149	412803.0932812499	432040.55159999995	456621.30105555546	491746.0165213675	528411.9567870371	574362.6300151516	630446.3029666668	698372.6210740743	784644.4715763893	899905.8054444452	1075044.7867314806	1304470.7549222212	1593395.5348888875	2112701.202111109	3133903.372249997	802075.6150555549
1067978.0	59120.95798777777	59718.139381593704	60327.508150793656	60949.441224513175	61584.331237268525	62232.58735555556	62924.247601063835	63600.85241397849	64292.16602717391	64998.673346153846	65720.88082777777	66459.31769101124	67214.53721022727	67987.11809770115	68892.20071963825	69702.69719869281	70532.49121296297	71382.28026372156	72252.79587669377	73144.80570233196	74059.1157736111	75218.72689451475	76183.06954700855	77172.46006060604	78187.88716666665	79230.39232888888	80301.07330630631	81754.70899619484	82890.19106558642	84057.65854538343	85258.4822388889	86494.11241626409	87766.08465767975	89596.19793200665	90953.71608249159	92353.00402222222	93796.01971006945	95284.84541975308	97547.88002956989	99147.02560382514	100799.47603055555	102507.94172598868	104275.32003160917	107097.20116666667	109009.65118749999	110991.64484545453	113047.04567592593	115180.0088018868	118732.00624893162	121060.08480283225	123481.28649888889	126001.31275396828	130368.56975462966	133142.36911111113	136036.76843961354	139059.80773827163	144452.7085909091	147812.07390697676	151331.409	157769.8864796748	161714.13364166667	165860.6498888889	170225.40383333332	178225.47616516516	183176.18383641978	188409.78908888894	197906.431379085	203903.59596632997	210275.5833402778	221403.13193369174	228783.23633148146	240859.9394712643	249462.08016666662	258701.4164691358	272160.610301282	283047.0347133333	296694.099900463	309593.8433743962	323024.63465151517	338406.76011111116	351589.4774388889	370094.18677777785	383725.40687962953	397352.6246209149	422187.1636597222	440323.2994999999	462900.5909999999	498508.32876923075	532724.8512314815	576449.4074040405	631798.8930166669	700495.8921851855	785669.1987083338	896736.5389444452	1059380.1329351843	1290053.7440777766	1617574.2846666654	2120672.315740739	3133903.372249997	802075.6150555549
1162638.0	59153.138815555554	59750.64526823793	60360.34573015874	60982.61733562429	61617.85293287038	62266.46191111112	62928.87108037826	63570.92256750299	64261.91085628019	64968.0857008547	65689.95331975308	66428.04268289637	67182.90680429293	67955.1241238825	68777.66598255814	69586.81499411765	70415.22945833333	71263.60571686749	72132.6740792683	73023.20091975309	73935.99093125	74996.57293530238	75958.06746011396	76944.53586868686	77956.9639722222	78996.39015851851	80063.90894444444	81401.08800913242	82531.65867592592	83694.07640375588	84889.70606666668	86119.99166183575	87386.46212745098	89076.02621973467	90425.66298063974	91816.82702649572	93251.46494878473	94731.64693209877	96821.69776523298	98408.938712204	100049.08769074074	101744.83493973633	103499.05623180074	106104.71161111111	107999.43860416664	109963.06476060605	111999.41781172839	114112.61437421384	117395.00897115385	119696.87189215687	122090.80933	124582.45850000002	128626.34010300928	131363.07074349883	134218.78967270534	137201.4294432099	142220.25791414143	145527.70577260983	148992.65114814814	155022.4189756098	158897.97945	162972.28661538463	167261.031	174826.09042342342	179682.370712963	184816.15273333338	193951.25347385625	199828.5641851852	206073.20681597228	217058.6666738351	224293.95556296292	236672.31344636012	245124.89606944442	254203.59592386833	268651.4709487179	279397.5297866666	294840.66115972225	307659.8203405797	323666.2908005051	339078.9713148149	355327.0981166667	374028.52433333336	390654.97493209864	406297.48963725474	431691.0827395832	450332.97457037034	471774.96374999994	498508.32876923075	540050.6895000001	581154.3831616163	634094.3481444445	701998.7700185188	788057.8787083337	896736.5389444452	1049890.106351851	1290053.7440777766	1630588.4436527763	2120672.315740739	3124355.2874722197	802075.6150555549
1265689.0	59226.657077777774	59824.90613916947	60435.364365079375	61058.4093585338	61694.43445601853	62343.849555555564	63007.08199763594	63605.525608124255	64296.89001690821	65003.44924786325	65725.70979506173	66464.20091635456	67219.47592676767	67992.11358109834	68745.29998578811	69554.06822091504	70382.0928425926	71230.06986479252	72098.72925338754	72988.83702194787	73901.19748472222	74871.8895506329	75831.78557051282	76816.61395454544	77827.35887499999	78865.05699333332	79930.80100675675	81160.67482039574	82287.90641512346	83446.89101251957	84638.98945555557	85865.64147665056	87128.37149836602	88690.73768159206	90034.53673737374	91419.68345641025	92848.11601041668	94321.89562962962	96259.57672132617	97837.60256921676	99468.2292787037	101154.13146986815	102898.16821934863	105314.82914814814	107195.4510972222	109144.45929898988	111165.65298971193	113263.11814046121	116307.0877275641	118587.61885947712	120959.37123666666	123427.92983333334	127177.9263854167	129883.83971276597	132707.4014456522	135656.45481111115	140319.6437487374	143582.8912777778	147001.5315462963	152626.61824932252	156442.28370555557	160453.62431339032	164676.0881111111	171781.5994054054	176553.31050000002	181597.69080000004	190251.92193137258	196017.13168686873	202142.6670520834	212720.72961648746	219811.42060370368	232028.22989272026	240314.95238888884	249215.50618106994	263980.65730555553	274539.88359777775	291039.0935277778	303692.9671594203	321644.3576287879	336960.7556111112	356032.9198805556	374771.4946111112	394807.88679629617	413634.6793398691	439486.846798611	460470.48825555545	482499.61561111105	508065.34557692305	550404.1243750001	589146.2067272728	639269.8214777779	704549.2757160496	788057.8787083337	897907.6556666674	1046192.6287685176	1271256.1595222212	1630588.4436527763	2124527.3798518497	3124355.2874722197	802075.6150555549
1377873.0	59316.8961	59916.056666666664	60527.445000000014	61151.439278350525	61788.43343750001	62438.83800000001	63103.08095744682	63684.57750298686	64376.80117149759	65084.23854700856	65807.39675308642	66546.80570536829	67303.01940656565	68076.61733077906	68868.20590439277	69591.92801830066	70420.40335185186	71268.84194645249	72137.97416531167	73028.56643895748	73941.42351944445	74836.65568073135	75796.09998433047	76780.4649191919	77790.73419444443	78827.94398370369	79893.18646996997	80987.61368188736	82151.10103472222	83308.15879577465	84498.27535000001	85722.88803623189	86983.51874264707	88428.79495356552	89768.62518013468	91149.68095213674	92573.8947170139	94043.32161728395	95560.14938530466	97414.4167978142	99037.99041111111	100716.60041807908	102453.09352873561	104703.39924074073	106573.1027986111	108510.79557676766	110520.25475411523	112605.54257966457	115441.25502777778	117704.80904793029	120058.90522888888	122509.08696825398	125999.34503819447	128680.18216666668	131477.57743115944	134399.3013740741	138739.5560568182	141966.0573604651	145346.20158333334	148891.23089024393	154351.6081236111	158309.34166524216	162475.3769722222	169126.79319519518	173824.75967283951	178791.1813777778	186938.79935294122	192603.6114545455	198622.47431250007	208663.39824731182	215618.84485555554	227391.12476245206	235512.23636111108	244234.911781893	258800.71795726492	269152.74667555554	285979.0454143519	298412.91695410636	317497.192939394	332616.1068888889	353808.7933916667	372430.3088333334	395592.13320061716	418031.8801372547	444158.87264583324	468785.9699185184	493361.2374166666	519614.97065811965	550404.1243750001	589146.2067272728	639269.8214777779	704549.2757160496	789748.6162708338	900637.5756666674	1046192.6287685176	1259868.1276222211	1612567.1800972207	2156765.712888887	3169051.8031666637	802075.6150555549
1500000.0	59397.414521666666	59997.3884057239	60609.60665476191	61234.447960481106	61872.30679340279	62523.594233333344	63188.73885283689	63868.1876577061	64474.887065217394	65183.40230769232	65907.66233333334	66648.19786516853	67405.56375	68180.3403448276	68973.13500000001	69678.42009150327	70507.9250925926	71357.41816599734	72227.63058265584	73119.32972565158	74033.32134722223	74970.45199718706	75837.35745584045	76822.2582020202	77833.07738888888	78870.85175407407	79936.67407507508	81031.69700761036	82112.44164969136	83268.95491236307	84458.51141111112	85682.5478083736	86942.5852761438	88281.78021641793	89619.38294696971	90998.14268461538	92419.9886640625	93886.97261111111	95401.27862096774	97126.70921129326	98745.48769814815	100419.14003201504	102150.50451532565	103942.61862962962	106112.13258333331	108041.44408484847	110042.21156790123	112118.47971069181	114771.03378311965	117021.44621023966	119361.87513444443	121797.83176984129	125061.35961342594	127722.23960520096	130498.810031401	133398.78358765435	137453.8309507576	140650.43167054263	143999.25147222224	147511.4283373984	152613.5116625	156526.67862820515	160645.80174999998	166866.60337687688	171501.78680401237	176401.83785555558	184049.74553594773	189627.01055218859	195552.8546319445	205029.6509032258	211863.97259999998	223053.97743678157	231020.19091666664	239576.49428395063	253628.56223504274	263773.7047244444	280367.44445370376	292557.3333429952	311977.1404520203	326833.19475925935	349246.9122333334	372430.3088333334	393120.8815462962	418862.2586830064	445041.14985069435	473769.46415555547	502270.68205555546	531312.1018333333	562916.2182129631	600440.8629545455	648060.8274000001	710299.8016419755	792617.9351805559	902569.8471666675	1047558.9316111102	1255431.1545222213	1589070.1994027763	2156765.712888887	3169051.8031666637	802075.6150555549
