years	0.0	0.01	0.02	0.03	0.04	0.05	0.06	0.07	0.08	0.09	0.1	0.11	0.12	0.13	0.14	0.15	0.16	0.17	0.18	0.19	0.2	0.21	0.22	0.23	0.24	0.25	0.26	0.27	0.28	0.29	0.3	0.31	0.32	0.33	0.34	0.35	0.36	0.37	0.38	0.39	0.4	0.41	0.42	0.43	0.44	0.45	0.46	0.47	0.48	0.49	0.5	0.51	0.52	0.53	0.54	0.55	0.56	0.57	0.58	0.59	0.6	0.61	0.62	0.63	0.64	0.65	0.66	0.67	0.68	0.69	0.7	0.71	0.72	0.73	0.74	0.75	0.76	0.77	0.78	0.79	0.8	0.81	0.82	0.83	0.84	0.85	0.86	0.87	0.88	0.89	0.9	0.91	0.92	0.93	0.94	0.95	0.96	0.97	0.98	0.99
10000.0	14166.10012888889	14376.586320987653	14523.286181405898	14673.010781214205	14825.854643518522	14981.91627134503	15141.298359338063	15304.108019115889	15470.45701932367	15640.462041514042	15814.24495308642	15991.933098626716	16173.65961111111	16359.563744572157	16549.791229974162	17254.400742483664	17459.810275132277	17670.169435073632	17885.65930623306	18106.469914951987	18332.80078888889	18564.861558368495	18802.872603988606	19047.065754689756	19297.685040935674	19554.98750814815	19819.244096096096	21319.65472146119	21615.76103703704	21920.20837558686	22233.35420952381	22555.57673429952	22887.276392156866	23228.87753233831	23580.830222222226	23943.612225641027	24317.731166666665	24703.7268994709	25102.174107526884	28003.767868852457	28470.49733333333	28953.048135593217	29452.23862068965	29968.944561403503	30504.104285714282	31058.72436363636	31633.885925925922	32230.751698113207	32850.57384615384	33494.70274509803	6004.7691466666665	6127.315455782314	6254.967861111112	6388.0522836879445	6526.922985507247	6671.96571851852	6823.601303030304	6982.289705426356	7148.534698412698	7322.8892032520325	7505.961433333334	7698.421982905983	7901.012035087719	8114.5529009009015	8339.957148148149	8578.241638095238	8830.5428627451	9098.135070707072	9382.451791666668	9685.11152688172	10007.948577777777	10353.050252873563	10722.802047619047	11119.94286419753	11547.632974358974	12009.538293333333	12509.935722222224	13053.845971014494	13647.202606060608	14297.0693968254	15011.92286666667	15802.024070175443	16679.91429629629	17661.085725490193	18764.90358333333	20015.897155555554	21445.604095238094	23095.265948717948	25019.87144444445	27294.405212121215	30023.84573333334	33359.8285925926	37529.80716666668	42891.20819047622	50039.742888888846	60047.69146666661	75059.61433333327	100079.48577777769	150119.22866666655	300238.4573333331
10886.0	14166.10012888889	14309.192049382717	14455.20421315193	14604.226936998855	14756.35430092593	14911.684346198832	15070.319286052012	15232.365729988052	15397.934922705314	15640.462041514042	15814.24495308642	15991.933098626716	16173.65961111111	16359.563744572157	16549.791229974162	16744.49465620915	16943.83387830688	17147.976455153952	17357.098119241193	17571.38328120713	17791.025572222225	18016.228427566806	18802.872603988606	19047.065754689756	19297.685040935674	19554.98750814815	19819.244096096096	20090.74059056317	20369.778654320988	20656.67694522692	20951.772330158732	21255.42120450886	21568.00092810458	23228.87753233831	23580.830222222226	23943.612225641027	24317.731166666665	24703.7268994709	25102.174107526884	25513.685158469947	25938.913244444444	26378.55584180791	26833.35852873563	27304.119204678358	30504.104285714282	31058.72436363636	31633.885925925922	32230.751698113207	32850.57384615384	33494.70274509803	34164.5968	34861.83346938776	35588.12166666667	36345.315744680855	6526.922985507247	6671.96571851852	6823.601303030304	6982.289705426356	7148.534698412698	7322.8892032520325	7505.961433333334	7698.421982905983	7901.012035087719	8114.5529009009015	8339.957148148149	8578.241638095238	8830.5428627451	9098.135070707072	9382.451791666668	9685.11152688172	10007.948577777777	10353.050252873563	10722.802047619047	11119.94286419753	11547.632974358974	12009.538293333333	12509.935722222224	13053.845971014494	13647.202606060608	14297.0693968254	15011.92286666667	15802.024070175443	16679.91429629629	17661.085725490193	18764.90358333333	20015.897155555554	21445.604095238094	23095.265948717948	25019.87144444445	27294.405212121215	30023.84573333334	33359.8285925926	37529.80716666668	42891.20819047622	50039.742888888846	60047.69146666661	75059.61433333327	100079.48577777769	150119.22866666655	300238.4573333331
11851.0	14367.278746666665	14512.402774410773	14660.488517006805	14811.627573883161	14756.35430092593	14911.684346198832	15070.319286052012	15232.365729988052	15397.934922705314	15567.142998779	15740.11125432099	15916.966436953808	16097.841055555557	16282.87371136654	16472.209452196385	16666.00015163399	16943.83387830688	17147.976455153952	17357.098119241193	17571.38328120713	17791.025572222225	18016.228427566806	18247.205715099713	18484.182412698414	18727.395339181287	18977.093943703705	19233.54115915916	19497.014325722987	20369.778654320988	20656.67694522692	20951.772330158732	21255.42120450886	21568.00092810458	21889.91138971808	22221.576713804716	22563.447124786326	22916.00098611111	23279.747033509702	23655.226824372763	25513.685158469947	25938.913244444444	26378.55584180791	26833.35852873563	27304.119204678358	27791.69276190476	28296.996266666665	28821.014716049383	29364.80744654088	29929.51528205128	33494.70274509803	34164.5968	34861.83346938776	35588.12166666667	36345.315744680855	37135.431304347825	37960.66311111111	38823.40545454546	39726.2753488372	7148.534698412698	7322.8892032520325	7505.961433333334	7698.421982905983	7901.012035087719	8114.5529009009015	8339.957148148149	8578.241638095238	8830.5428627451	9098.135070707072	9382.451791666668	9685.11152688172	10007.948577777777	10353.050252873563	10722.802047619047	11119.94286419753	11547.632974358974	12009.538293333333	12509.935722222224	13053.845971014494	13647.202606060608	14297.0693968254	15011.92286666667	15802.024070175443	16679.91429629629	17661.085725490193	18764.90358333333	20015.897155555554	21445.604095238094	23095.265948717948	25019.87144444445	27294.405212121215	30023.84573333334	33359.8285925926	37529.80716666668	42891.20819047622	50039.742888888846	60047.69146666661	75059.61433333327	100079.48577777769	150119.22866666655	300238.4573333331
12902.0	14367.278746666665	14512.402774410773	14660.488517006805	14811.627573883161	14965.915361111112	15123.451312280702	15284.339092198583	15448.686824372759	15616.607333333332	15788.2184029304	15963.64305185185	16143.009827715354	16097.841055555557	16282.87371136654	16472.209452196385	16666.00015163399	16864.40491534392	17067.590516733606	17275.731864498644	17489.012504801096	17707.625161111115	17931.772315049227	18161.666831908835	18484.182412698414	18727.395339181287	18977.093943703705	19233.54115915916	19497.014325722987	19767.806191358024	20046.22599687011	20332.600653968257	20627.2760257649	20930.61832026144	21243.01560862355	22221.576713804716	22563.447124786326	22916.00098611111	23279.747033509702	23655.226824372763	24043.017428051004	24443.734385185184	24858.034967984935	25286.62177777778	25730.24672124756	27791.69276190476	28296.996266666665	28821.014716049383	29364.80744654088	29929.51528205128	30516.368522875815	31126.69589333333	31761.934585034018	32423.64155555556	36345.315744680855	37135.431304347825	37960.66311111111	38823.40545454546	39726.2753488372	40672.13904761904	41664.142439024385	42705.746	7698.421982905983	7901.012035087719	8114.5529009009015	8339.957148148149	8578.241638095238	8830.5428627451	9098.135070707072	9382.451791666668	9685.11152688172	10007.948577777777	10353.050252873563	10722.802047619047	11119.94286419753	11547.632974358974	12009.538293333333	12509.935722222224	13053.845971014494	13647.202606060608	14297.0693968254	15011.92286666667	15802.024070175443	16679.91429629629	17661.085725490193	18764.90358333333	20015.897155555554	21445.604095238094	23095.265948717948	25019.87144444445	27294.405212121215	30023.84573333334	33359.8285925926	37529.80716666668	42891.20819047622	50039.742888888846	60047.69146666661	75059.61433333327	100079.48577777769	150119.22866666655	300238.4573333331
14046.0	14773.474768888887	14922.701786756454	15074.974253968257	15230.386359679267	15389.036217592597	15551.026072514622	15716.462520094565	15885.456740740741	15616.607333333332	15788.2184029304	15963.64305185185	16143.009827715354	16326.45312121212	16514.11350191571	16706.13807751938	16902.680878431373	17103.90326984127	17309.9743935743	17521.07164227642	17489.012504801096	17707.625161111115	17931.772315049227	18161.666831908835	18397.532634920637	18639.60543274854	18888.13350518519	19143.378552552553	19405.61661491629	19675.139067901237	19952.25370266041	20332.600653968257	20627.2760257649	20930.61832026144	21243.01560862355	21564.879481481483	21896.646858119657	22238.781965277776	22591.778504409172	22956.162028673836	24043.017428051004	24443.734385185184	24858.034967984935	25286.62177777778	25730.24672124756	26189.715412698413	26665.89205656566	27159.704872427985	27672.15213417191	29929.51528205128	30516.368522875815	31126.69589333333	31761.934585034018	32423.64155555556	33113.50626950355	33833.36510144928	34585.217659259266	35371.24533333334	39726.2753488372	40672.13904761904	41664.142439024385	42705.746	43800.76512820512	44953.41684210526	46168.37405405405	8339.957148148149	8578.241638095238	8830.5428627451	9098.135070707072	9382.451791666668	9685.11152688172	10007.948577777777	10353.050252873563	10722.802047619047	11119.94286419753	11547.632974358974	12009.538293333333	12509.935722222224	13053.845971014494	13647.202606060608	14297.0693968254	15011.92286666667	15802.024070175443	16679.91429629629	17661.085725490193	18764.90358333333	20015.897155555554	21445.604095238094	23095.265948717948	25019.87144444445	27294.405212121215	30023.84573333334	33359.8285925926	37529.80716666668	42891.20819047622	50039.742888888846	60047.69146666661	75059.61433333327	100079.48577777769	150119.22866666655	300238.4573333331
15291.0	15359.620213333332	15514.767892255892	15673.081850340137	15834.660013745704	15389.036217592597	15551.026072514622	15716.462520094565	15885.456740740741	16058.12474879227	16234.587658119657	16414.971965432098	16599.409852684144	16788.03951010101	16981.00548148148	17178.459033591735	16902.680878431373	17103.90326984127	17309.9743935743	17521.07164227642	17737.381168724278	17959.098433333333	18186.428793248942	18419.588136752136	18658.803567099567	18904.314140350874	19156.371662222224	19143.378552552553	19405.61661491629	19675.139067901237	19952.25370266041	20237.2858984127	20530.57989694042	20832.500189542487	21143.433028192372	21463.788074074077	21896.646858119657	22238.781965277776	22591.778504409172	22956.162028673836	23332.492553734064	23721.367429629627	24123.424504708095	24539.345616858234	24969.86045224171	26189.715412698413	26665.89205656566	27159.704872427985	27672.15213417191	28204.308905982907	28757.3345708061	29332.48126222222	29931.10332879819	30554.66798148149	33113.50626950355	33833.36510144928	34585.217659259266	35371.24533333334	36193.832434108524	37055.590349206344	37959.38523577236	42705.746	43800.76512820512	44953.41684210526	46168.37405405405	47450.828888888886	48806.56685714286	50242.054117647065	9098.135070707072	9382.451791666668	9685.11152688172	10007.948577777777	10353.050252873563	10722.802047619047	11119.94286419753	11547.632974358974	12009.538293333333	12509.935722222224	13053.845971014494	13647.202606060608	14297.0693968254	15011.92286666667	15802.024070175443	16679.91429629629	17661.085725490193	18764.90358333333	20015.897155555554	21445.604095238094	23095.265948717948	25019.87144444445	27294.405212121215	30023.84573333334	33359.8285925926	37529.80716666668	42891.20819047622	50039.742888888846	60047.69146666661	75059.61433333327	100079.48577777769	150119.22866666655	300238.4573333331
16646.0	16115.68990222222	15514.767892255892	15673.081850340137	15834.660013745704	15999.60438888889	16168.021277192982	16340.0215035461	16515.720659498205	16695.239362318836	16878.70353113553	17066.24468148148	17258.000239700374	16788.03951010101	16981.00548148148	17178.459033591735	17380.55855163399	17587.469962962965	17799.3671914324	18016.43264498645	18238.857739368996	18466.84346111111	18700.600973277073	18419.588136752136	18658.803567099567	18904.314140350874	19156.371662222224	19415.241549549548	19681.20376255708	19954.553814814815	20235.603868544604	20524.683923809524	20822.143111111112	20832.500189542487	21143.433028192372	21463.788074074077	21794.0001982906	22134.531451388888	22485.873220458558	22848.54859498208	23223.11496539162	23610.16688148148	24123.424504708095	24539.345616858234	24969.86045224171	25415.750817460317	25877.855377777778	26357.074921810698	26854.37822222222	27370.80857264957	28757.3345708061	29332.48126222222	29931.10332879819	30554.66798148149	31204.767300236414	31883.13180676329	32591.645846913587	35371.24533333334	36193.832434108524	37055.590349206344	37959.38523577236	38908.36986666667	39906.02037606838	40956.17880701754	42063.10255855856	47450.828888888886	48806.56685714286	50242.054117647065	51764.54060606061	53382.1825	55104.18838709676	10007.948577777777	10353.050252873563	10722.802047619047	11119.94286419753	11547.632974358974	12009.538293333333	12509.935722222224	13053.845971014494	13647.202606060608	14297.0693968254	15011.92286666667	15802.024070175443	16679.91429629629	17661.085725490193	18764.90358333333	20015.897155555554	21445.604095238094	23095.265948717948	25019.87144444445	27294.405212121215	30023.84573333334	33359.8285925926	37529.80716666668	42891.20819047622	50039.742888888846	60047.69146666661	75059.61433333327	100079.48577777769	150119.22866666655	300238.4573333331
18122.0	16115.68990222222	16278.474648709314	16444.58153287982	16614.113301260022	16787.176981481483	16963.88410760234	17144.350959810876	17328.698819593785	17517.05424154589	16878.70353113553	17066.24468148148	17258.000239700374	17454.113878787877	17654.735877394633	17860.02350387597	18070.14142745098	18285.26215873016	18505.566522088357	18731.244162601623	18238.857739368996	18466.84346111111	18700.600973277073	18940.35226780627	19186.33086868687	19438.782590643274	19697.96635851852	19964.155093093093	20237.63666971081	20518.714956790125	20235.603868544604	20524.683923809524	20822.143111111112	21128.351098039217	21443.699621890548	21768.604161616164	22103.505764102563	22448.873041666666	22485.873220458558	22848.54859498208	23223.11496539162	23610.16688148148	24010.33920150659	24424.310567049808	24852.807243664716	25296.607373015875	25756.54568888889	26357.074921810698	26854.37822222222	27370.80857264957	27907.491093681914	28465.640915555552	29046.572362811796	29651.709287037043	31204.767300236414	31883.13180676329	32591.645846913587	33332.36507070708	34107.536351421186	34919.620550264546	35771.31861246612	38908.36986666667	39906.02037606838	40956.17880701754	42063.10255855856	43231.52207407408	44466.70841904762	45774.55278431373	51764.54060606061	53382.1825	55104.18838709676	56940.99466666666	58904.4772413793	61008.208571428564	11119.94286419753	11547.632974358974	12009.538293333333	12509.935722222224	13053.845971014494	13647.202606060608	14297.0693968254	15011.92286666667	15802.024070175443	16679.91429629629	17661.085725490193	18764.90358333333	20015.897155555554	21445.604095238094	23095.265948717948	25019.87144444445	27294.405212121215	30023.84573333334	33359.8285925926	37529.80716666668	42891.20819047622	50039.742888888846	60047.69146666661	75059.61433333327	100079.48577777769	150119.22866666655	300238.4573333331
19728.0	17009.91560888889	17181.732938271605	17357.056743764177	17535.99547308133	17718.662092592596	17905.1743251462	17144.350959810876	17328.698819593785	17517.05424154589	17709.549343101342	17906.322113580245	18107.51674406991	18313.283979797976	18523.78149680715	18739.17430490956	18959.63517908497	19185.34512169312	18505.566522088357	18731.244162601623	18962.494090534976	19199.525266666667	19442.55723206751	19691.820786324784	19947.558718614717	20210.026596491225	20479.493617777778	19964.155093093093	20237.63666971081	20518.714956790125	20807.71094209703	21104.96395555556	21410.8329983897	21725.698189542487	22049.962341625207	22384.052680134682	22103.505764102563	22448.873041666666	22805.20435978836	23173.030236559138	23552.915978142075	23945.464577777773	24351.319909604517	24771.17025287356	24852.807243664716	25296.607373015875	25756.54568888889	26233.518757201648	26728.49080922432	27242.50024786325	27776.666919389976	28465.640915555552	29046.572362811796	29651.709287037043	30282.596718676126	30940.914038647345	31628.489906172843	32347.319222222224	34107.536351421186	34919.620550264546	35771.31861246612	36665.60157777778	37605.74520797721	38595.37008187135	42063.10255855856	43231.52207407408	44466.70841904762	45774.55278431373	47161.66044444445	48635.46233333334	55104.18838709676	56940.99466666666	58904.4772413793	61008.208571428564	63267.771851851845	65701.14769230768	12009.538293333333	12509.935722222224	13053.845971014494	13647.202606060608	14297.0693968254	15011.92286666667	15802.024070175443	16679.91429629629	17661.085725490193	18764.90358333333	20015.897155555554	21445.604095238094	23095.265948717948	25019.87144444445	27294.405212121215	30023.84573333334	33359.8285925926	37529.80716666668	42891.20819047622	50039.742888888846	60047.69146666661	75059.61433333327	100079.48577777769	150119.22866666655	300238.4573333331
21476.0	17990.13618222222	18171.854729517396	18357.281818594107	18546.532146620848	17718.662092592596	17905.1743251462	18095.65490307329	18290.231837514933	18489.038705314008	18692.214954822954	18899.906232098765	19112.264729088638	19329.449555555555	19551.627136653893	18739.17430490956	18959.63517908497	19185.34512169312	19416.493858099064	19653.280368563683	19895.913459533604	20144.61237777778	20399.60747116737	20661.1409002849	19947.558718614717	20210.026596491225	20479.493617777778	20756.24353153153	21040.575634703197	21332.805851851852	21633.267906103287	21942.31459047619	22260.319149758456	21725.698189542487	22049.962341625207	22384.052680134682	22728.422721367522	23083.554326388887	23449.959950617285	23828.185111111114	24218.811096539164	23945.464577777773	24351.319909604517	24771.17025287356	25205.752187134498	25655.8549047619	26122.324993939394	26606.071753086417	26728.49080922432	27242.50024786325	27776.666919389976	28332.20025777778	28910.40842630386	29512.70860185186	30140.638572104024	30940.914038647345	31628.489906172843	32347.319222222224	33099.58245994832	33887.66775661375	34714.196238482386	36665.60157777778	37605.74520797721	38595.37008187135	39638.48819219219	40739.557308641975	41903.544660317464	45774.55278431373	47161.66044444445	48635.46233333334	50204.34821505375	51877.82648888889	53666.71705747126	61008.208571428564	63267.771851851845	65701.14769230768	68329.1936	71176.24333333335	13053.845971014494	13647.202606060608	14297.0693968254	15011.92286666667	15802.024070175443	16679.91429629629	17661.085725490193	18764.90358333333	20015.897155555554	21445.604095238094	23095.265948717948	25019.87144444445	27294.405212121215	30023.84573333334	33359.8285925926	37529.80716666668	42891.20819047622	50039.742888888846	60047.69146666661	75059.61433333327	100079.48577777769	150119.22866666655	300238.4573333331
23380.0	18990.034315555553	19181.852843995508	18357.281818594107	18546.532146620848	18739.725189814817	18936.98545497076	19138.44274704492	19344.232454002387	19554.495850241543	19769.38042002442	19989.040202469136	20213.636159800248	19329.449555555555	19551.627136653893	19778.971638242896	20011.665422222224	20249.899534391538	20493.87422757698	20743.79952303523	20999.895813443072	21262.394511111113	20399.60747116737	20661.1409002849	20929.467405483403	21204.855134502923	21487.586536296298	21777.959327327328	22076.28753729072	22382.902641975306	22698.154791862285	21942.31459047619	22260.319149758456	22587.676784313728	22924.806288557214	23272.151838383837	23630.184943589742	23999.40658333333	24380.349544973546	23828.185111111114	24218.811096539164	24622.45794814815	25039.78774387947	25471.508222222223	25918.376787524365	26381.204944444446	26122.324993939394	26606.071753086417	27108.073106918237	27629.382205128204	28171.134797385617	28734.55749333333	29320.97703401361	29512.70860185186	30140.638572104024	30795.86984541063	31480.222508641982	32195.682111111117	32944.41890439276	33887.66775661375	34714.196238482386	35582.05114444445	36494.41143019943	37454.79067836257	38467.08231831832	40739.557308641975	41903.544660317464	43136.00185620916	44443.15342760943	45832.00197222223	50204.34821505375	51877.82648888889	53666.71705747126	55583.38552380952	57642.02943209877	65701.14769230768	68329.1936	71176.24333333335	74270.86260869565	77646.81090909091	14297.0693968254	15011.92286666667	15802.024070175443	16679.91429629629	17661.085725490193	18764.90358333333	20015.897155555554	21445.604095238094	23095.265948717948	25019.87144444445	27294.405212121215	30023.84573333334	33359.8285925926	37529.80716666668	42891.20819047622	50039.742888888846	60047.69146666661	75059.61433333327	100079.48577777769	150119.22866666655	300238.4573333331
25452.0	18990.034315555553	19181.852843995508	19377.58603628118	19577.354964490263	19781.285745370373	19989.509805847953	20202.164165484635	20419.39173715651	20641.341647342993	20868.169577533576	19989.040202469136	20213.636159800248	20443.33657070707	20678.317450830138	20918.76300258398	21164.86609673203	21416.828788359788	21674.86287014726	21939.19046612466	20999.895813443072	21262.394511111113	21531.538745428974	21807.584113960114	22090.799492063492	22381.467906432747	22679.88747851852	22986.372444444445	23301.254258751906	22382.902641975306	22698.154791862285	23022.414146031748	23356.07232206119	23699.543973856213	24053.268510779435	24417.711973063975	23630.184943589742	23999.40658333333	24380.349544973546	24773.58098924731	25179.70526775956	25599.367022222217	26033.25459887005	26482.10381609195	25918.376787524365	26381.204944444446	26860.863216161615	27358.2866090535	27874.48069601677	28410.5284017094	28171.134797385617	28734.55749333333	29320.97703401361	29931.830722222225	30568.678184397166	31233.214666666667	31927.286103703707	32195.682111111117	32944.41890439276	33728.80983068783	34551.46372899729	35415.25032222223	36494.41143019943	37454.79067836257	38467.08231831832	39535.61238271605	40665.20130793651	41861.23664052288	44443.15342760943	45832.00197222223	47310.45364874551	48887.46877037037	50573.24355555556	55583.38552380952	57642.02943209877	59859.03056410256	62253.39178666666	71176.24333333335	74270.86260869565	77646.81090909091	81344.27809523811	85411.49200000001	15802.024070175443	16679.91429629629	17661.085725490193	18764.90358333333	20015.897155555554	21445.604095238094	23095.265948717948	25019.87144444445	27294.405212121215	30023.84573333334	33359.8285925926	37529.80716666668	42891.20819047622	50039.742888888846	60047.69146666661	75059.61433333327	100079.48577777769	150119.22866666655	300238.4573333331
27709.0	19937.50933333333	20138.898316498315	20344.397278911565	20554.13333333333	20768.238888888893	20986.851929824563	21210.11631205674	21438.182078853046	20641.341647342993	20868.169577533576	21100.03812839506	21337.117208489388	21579.58444949495	21827.625650063856	22081.435250645995	22341.216841830068	22607.18370899471	21674.86287014726	21939.19046612466	22210.04466941015	22487.67022777778	22772.32428129395	23064.277156695156	23363.813223665224	23671.231818713448	23986.848242962962	22986.372444444445	23301.254258751906	23624.882790123458	23957.62761815337	24299.879441269844	24652.05160708535	25014.58177777778	25387.933744610284	24417.711973063975	24793.36908034188	25180.765472222218	25580.460162257496	25993.04822939068	26419.16377413479	26859.483170370368	26033.25459887005	26482.10381609195	26946.702128654964	27427.893238095236	27926.582206060604	28443.741135802466	27874.48069601677	28410.5284017094	28967.597586056643	29546.949537777775	30149.948507936515	30778.072435185193	31432.92504018913	31233.214666666667	31927.286103703707	32652.906242424244	33412.27615503876	34207.80653968253	34551.46372899729	35415.25032222223	36323.33366381767	37279.21086549708	38286.757105105105	39350.27813580247	40665.20130793651	41861.23664052288	43129.758962962966	44477.56393055556	47310.45364874551	48887.46877037037	50573.24355555556	52379.43082539683	54319.40974485597	59859.03056410256	62253.39178666666	64847.28311111112	67666.73020289856	77646.81090909091	81344.27809523811	85411.49200000001	89906.83368421053	16679.91429629629	17661.085725490193	18764.90358333333	20015.897155555554	21445.604095238094	23095.265948717948	25019.87144444445	27294.405212121215	30023.84573333334	33359.8285925926	37529.80716666668	42891.20819047622	50039.742888888846	60047.69146666661	75059.61433333327	100079.48577777769	150119.22866666655	300238.4573333331
30165.0	20764.78297333333	20974.52825589225	21188.55405442177	21406.992756013744	21629.98226388889	21857.666287719298	22090.19465248227	21438.182078853046	21671.205797101447	21909.350915750914	22152.788148148145	22401.69588014981	22656.260606060605	22916.67739463601	23183.1503875969	23455.893333333333	22607.18370899471	22879.559416332	23158.578433604336	23444.486809327842	23737.542894444447	24038.018120956396	24346.19784045584	24662.382227994225	23671.231818713448	23986.848242962962	24310.99484084084	24644.022167427705	24986.300253086418	25338.219974960877	25700.194546031747	26072.661133655398	25014.58177777778	25387.933744610284	25772.59940740741	26169.10093675214	26577.993138888887	26999.866045855382	27435.347756272404	26419.16377413479	26859.483170370368	27314.728647834272	27785.672245210724	28273.140179337228	28778.01768253968	29301.254367676764	28443.741135802466	28980.415496855345	29537.731179487175	30116.902379084964	30719.240426666664	31346.163700680274	30778.072435185193	31432.92504018913	32116.249497584544	32829.9439308642	33576.07902020202	33412.27615503876	34207.80653968253	35042.14328455284	35918.196866666665	36839.17627350427	37808.62828070175	38286.757105105105	39350.27813580247	40474.5717968254	41665.00037908497	43129.758962962966	44477.56393055556	45912.32405734766	47442.73485925925	49078.69123371647	52379.43082539683	54319.40974485597	56408.617811965814	58664.96252444444	64847.28311111112	67666.73020289856	70742.49066666668	74111.18069841272	85411.49200000001	89906.83368421053	94901.65777777776	100484.10823529409	18764.90358333333	20015.897155555554	21445.604095238094	23095.265948717948	25019.87144444445	27294.405212121215	30023.84573333334	33359.8285925926	37529.80716666668	42891.20819047622	50039.742888888846	60047.69146666661	75059.61433333327	100079.48577777769	150119.22866666655	300238.4573333331
32838.0	21411.351524444442	21627.627802469135	21848.317882086172	22073.558272623137	22303.4911712963	22538.2647625731	22090.19465248227	22327.723627240142	22570.416275362313	22818.442827838826	23071.981081481477	23331.216823970033	23596.344287878783	23867.566636015323	24145.096480620155	23455.893333333333	23735.130158730157	24021.09558232932	24314.03577235772	24614.20905349794	24921.886666666665	25237.353586497888	25560.9094017094	24662.382227994225	24986.88725730994	25320.045754074075	25662.208534534533	26013.74563774734	26375.047660493827	26746.527205007827	25700.194546031747	26072.661133655398	26456.082620915036	26850.949525704807	27257.782094276095	27677.132588034186	28109.587784722222	26999.866045855382	27435.347756272404	27885.107555555558	28349.859348148148	28830.365438794724	29327.440704980843	29841.957208576994	28778.01768253968	29301.254367676764	29843.870189300407	30406.96207966457	30991.711350427347	31599.391965141607	30719.240426666664	31346.163700680274	31999.20877777778	32680.0430070922	33390.47872463768	34132.489362962966	33576.07902020202	34356.91806718346	35174.93992592592	36032.8652899729	36933.68692222222	36839.17627350427	37808.62828070175	38830.483099099096	39909.10762962963	41049.36784761905	41665.00037908497	42927.57614814815	44269.06290277778	45697.09718996415	47442.73485925925	49078.69123371647	50831.501634920634	52714.149843621395	56408.617811965814	58664.96252444444	61109.33596296298	63766.26361352658	70742.49066666668	74111.18069841272	77816.73973333335	81912.3576140351	94901.65777777776	100484.10823529409	106764.36499999998	20015.897155555554	21445.604095238094	23095.265948717948	25019.87144444445	27294.405212121215	30023.84573333334	33359.8285925926	37529.80716666668	42891.20819047622	50039.742888888846	60047.69146666661	75059.61433333327	100079.48577777769	150119.22866666655	300238.4573333331
35749.0	21834.484555555555	22055.034904601573	22280.08628117914	22509.777892325317	22744.254745370374	22538.2647625731	22778.03353664303	23022.958628434884	23273.208178743957	23528.957719169717	23790.39058271605	24057.698342072406	24331.081277777776	24610.748878671773	24145.096480620155	24429.156439215687	24719.979730158728	25017.81081124498	25322.906065040646	25635.53453497942	25955.978716666665	26284.535409282696	25560.9094017094	25892.86926406926	26233.564912280697	26583.345777777777	26942.58018018018	27311.656621004568	27690.985185185185	26746.527205007827	27128.620450793653	27521.788863123995	27926.521052287586	28343.33479933665	28772.779265993267	29215.437408547008	28109.587784722222	28555.77171781305	29016.348681003583	29492.026528233153	29983.5603037037	30491.756241054612	31017.476176245207	29841.957208576994	30374.849301587303	30927.11928888889	31499.84372016461	32094.18039412998	32711.37617094017	31599.391965141607	32231.37980444444	32889.16306575964	33574.35396296297	34288.70191962175	33390.47872463768	34132.489362962966	34908.22775757576	35720.047007751935	36570.52431746031	36032.8652899729	36933.68692222222	37880.70453561254	38877.56518128655	39928.31018618619	39909.10762962963	41049.36784761905	42256.70219607843	43537.20832323233	44897.74608333333	45697.09718996415	47220.33376296296	48848.621134099616	50593.21474603175	52714.149843621395	54741.61714529914	56931.281831111104	61109.33596296298	63766.26361352658	66664.73014141415	69839.24110052912	77816.73973333335	81912.3576140351	86463.04414814812	100484.10823529409	106764.36499999998	113881.98933333332	21445.604095238094	23095.265948717948	25019.87144444445	27294.405212121215	30023.84573333334	33359.8285925926	37529.80716666668	42891.20819047622	50039.742888888846	60047.69146666661	75059.61433333327	100079.48577777769	150119.22866666655	300238.4573333331
38918.0	22010.313075555554	22232.639470258135	22459.503138321998	22691.04440778923	22744.254745370374	22983.667953216376	23228.175059101657	23477.940382317804	23733.135386473426	23993.939072039073	24260.53839506173	24533.128714107366	24811.914267676766	24610.748878671773	24896.920377260984	25189.82532287582	25489.704195767197	25796.80906559572	26111.404298102978	26433.76731412894	26764.189405555557	26284.535409282696	26621.51663247863	26967.25061471861	27322.08285964912	27686.377297777777	28060.51753153153	28444.908182648403	27690.985185185185	28080.999061032864	28482.15619047619	28894.941062801932	29319.86666666667	29757.47661691542	30208.347474747476	29215.437408547008	29671.928618055554	30142.911611992946	30629.087605734767	31131.203795992715	31650.05719259259	30491.756241054612	31017.476176245207	31561.642424951264	32125.24318253968	32709.33851313131	33315.067004115226	32094.18039412998	32711.37617094017	33352.7757037037	34019.83121777778	34714.11348752835	35437.32418518519	34288.70191962175	35034.10848309179	35812.6442271605	36626.56795959596	37478.34860981911	36570.52431746031	37462.488325203245	38399.050533333335	39383.64157264957	40420.05319298245	39928.31018618619	41037.42991358025	42209.92791111112	43451.396379084974	43537.20832323233	44897.74608333333	46346.06047311827	47890.92915555555	48848.621134099616	50593.21474603175	52467.037514403295	54485.0004957265	56931.281831111104	59303.41857407409	61881.82807729469	66664.73014141415	69839.24110052912	73331.20315555557	77190.74016374271	86463.04414814812	91549.10556862743	97270.92466666666	113881.98933333332	122016.41714285713	23095.265948717948	25019.87144444445	27294.405212121215	30023.84573333334	33359.8285925926	37529.80716666668	42891.20819047622	50039.742888888846	60047.69146666661	75059.61433333327	100079.48577777769	150119.22866666655	300238.4573333331
42367.0	21936.11668444444	22157.693620650953	22383.792535147397	22691.04440778923	22927.40945370371	23168.750605847952	23415.226676122933	23667.003307048984	23924.253342995165	24187.157225885225	24455.90341728395	24730.688848938826	24811.914267676766	25097.108684546616	25388.935529715764	25687.628888888892	25993.433994708997	26306.60789825971	26627.420189701897	26956.153772290807	26764.189405555557	27102.976613220813	27450.45067236467	27806.95003174603	28172.830953216373	28548.46869925926	28934.258816816815	28444.908182648403	28839.97635185185	29246.173201877933	29663.975676190475	30093.88836714976	30536.44554901961	30992.213393034825	30208.347474747476	30673.091282051282	31152.35833333333	31646.840211640214	32157.27311827957	32684.441530054642	31650.05719259259	32186.49883992467	32741.438475095783	33315.84967641325	33910.77556349206	34527.33511919192	33315.067004115226	33943.65317400419	34596.415735042734	35274.77682788671	35980.27236444444	36714.563637188214	35437.32418518519	36191.30980614658	36978.07741062802	37799.81246419754	38658.89911111112	37478.34860981911	38370.690243386234	39306.560737127365	40289.22475555556	39383.64157264957	40420.05319298245	41512.48706306306	42665.611703703704	43884.62918095238	43451.396379084974	44768.105360269365	46167.10865277778	47656.37022222221	47890.92915555555	49542.34050574712	51311.7098095238	53212.14350617283	54485.0004957265	56664.40051555556	59025.41720370372	61881.82807729469	64694.63844444445	67775.33551322753	73331.20315555557	77190.74016374271	81479.11461728394	91549.10556862743	97270.92466666666	103755.65297777778	122016.41714285713	131402.29538461537	142352.4866666667	27294.405212121215	30023.84573333334	33359.8285925926	37529.80716666668	42891.20819047622	50039.742888888846	60047.69146666661	75059.61433333327	100079.48577777769	150119.22866666655	300238.4573333331
46123.0	21626.273199999996	21844.720404040403	22067.625714285718	22614.55328293242	22850.1215462963	23090.64914152047	23336.294345153667	23587.222241338113	23843.605091787438	24105.622730158728	24373.46298271605	24730.688848938826	25011.719404040403	25299.21043167305	25593.387297157624	25894.485971241833	26202.753661375664	26518.449488621154	26841.84521409214	26956.153772290807	27293.105694444446	27638.588045007033	27992.92891737892	28356.47344877345	28729.58494152047	29112.646074074077	28934.258816816815	29330.618526636226	29737.98822839506	30156.833133020347	30587.64503492064	31030.944238325283	31487.281653594775	30992.213393034825	31461.792383838383	31945.819958974356	32444.973395833327	32959.97297354497	33491.58544086021	32684.441530054642	33229.18222222222	33792.38870056497	34375.01609195402	34978.086549707594	35602.695238095235	34527.33511919192	35166.73021399177	35830.25342557652	36519.296760683756	37235.361403050105	37980.068631111106	36714.563637188214	37479.450379629634	38276.88549408984	39108.99170048309	39978.08040493828	38658.89911111112	39557.943276485785	40499.79906878307	41487.59904607046	40289.22475555556	41322.2818005698	42409.710269005845	43555.918654654655	44765.80528395061	43884.62918095238	45175.353568627455	46544.303676767675	47998.81316666667	47656.37022222221	49244.9158962963	50943.016444444445	51311.7098095238	53212.14350617283	55258.76441025641	57469.11498666666	59025.41720370372	61591.73969082126	64391.36422222223	67775.33551322753	71164.1022888889	74909.58135672516	81479.11461728394	86272.00371241829	91664.00394444444	103755.65297777778	111166.77104761904	131402.29538461537	142352.4866666667	155293.62181818183	30023.84573333334	33359.8285925926	37529.80716666668	42891.20819047622	50039.742888888846	60047.69146666661	75059.61433333327	100079.48577777769	150119.22866666655	300238.4573333331
50211.0	21111.41231111111	21324.658900112234	22067.625714285718	22295.12701030928	22527.36791666667	22764.49810526316	23006.67361702128	23254.057204301072	23506.81869565217	23765.135384615383	24029.19244444444	24647.322117353306	24927.40532323232	25213.92722349936	25507.11242377261	25807.19609934641	26114.424624338626	26429.056246318614	26841.84521409214	27173.226019204387	27512.891344444444	27861.155791842473	28218.350096866096	28584.822176046175	28960.93825730994	29347.084100740743	29506.060210210213	29910.25281582953	30325.67299382716	30752.7951486698	31192.120793650796	31644.18051529791	31487.281653594775	31957.241081260363	32441.441703703706	32940.540806837605	33455.23675694444	33986.27226102293	34534.43794265233	34040.62782513661	34607.97162222222	35194.547412429376	35801.34995402298	36429.44381286549	35602.695238095235	36250.01696969697	36921.31358024691	37617.94213836478	38341.3641025641	39093.155555555546	37980.068631111106	38755.17207256236	39562.571490740746	40404.32833096927	41282.683294685994	39978.08040493828	40886.67314141415	41837.52600516796	42833.65757671957	41487.59904607046	42524.78902222223	43615.16822792023	44762.93581286549	45972.74488888889	44765.80528395061	46044.828292063496	47399.087947712425	46544.303676767675	47998.81316666667	49547.16197849461	51198.734044444434	50943.016444444445	52762.40988888889	54716.573218107	56821.0568034188	57469.11498666666	59863.66144444445	62466.42933333333	64391.36422222223	67457.61966137568	70830.50064444446	74909.58135672516	79071.22476543208	86272.00371241829	91664.00394444444	97774.93754074074	111166.77104761904	119718.06112820512	142352.4866666667	155293.62181818183	30023.84573333334	33359.8285925926	37529.80716666668	42891.20819047622	50039.742888888846	60047.69146666661	75059.61433333327	100079.48577777769	150119.22866666655	300238.4573333331
54661.0	20436.672506666662	20643.10354208754	21542.257460317465	21764.342588774343	21991.054490740746	22222.539274853803	22458.949267139484	22700.443345280764	22947.187294685988	23199.354188034187	24029.19244444444	24299.183370786515	24575.31045454545	24857.78528735632	25146.829302325583	25442.674352941176	25745.563333333335	26055.7508433735	26751.3618102981	27081.625536351163	27420.14585555556	27767.236309423348	28123.22651851852	28488.463226551226	28863.311426900582	29347.084100740743	29743.66631831832	30151.1138021309	30569.87927160494	31000.4409514867	31443.304393650797	31899.004457326893	32109.536111111116	32588.78291873964	33082.552356902364	33591.5147008547	34116.38211805555	34657.91199294533	34534.43794265233	35100.576269581055	35685.58587407407	36290.426312617696	36916.12331800766	37563.77460428849	37079.96959523809	37754.15086060606	38453.301802469134	39178.83579874213	39932.274948717946	39093.155555555546	39875.01866666666	40688.79455782313	41536.477777777785	42420.23262411348	41282.683294685994	42200.076256790126	43159.168898989905	44162.87050129199	42833.65757671957	43878.38093224932	44975.34045555556	46128.55431339031	47342.463637426896	45972.74488888889	47249.765580246916	48599.75888253969	50029.16355555556	48835.42394612795	50361.53094444444	51986.09645878135	51198.734044444434	52964.2076321839	54855.78647619047	56887.48227160493	56821.0568034188	59093.89907555555	61556.144870370386	62466.42933333333	65305.81248484849	68415.6130793651	70830.50064444446	74558.42173099417	79071.22476543208	83722.47328104574	88955.12786111109	97774.93754074074	104758.86165079365	119718.06112820512	129694.56622222225	155293.62181818183	170822.98400000003	33359.8285925926	37529.80716666668	42891.20819047622	50039.742888888846	60047.69146666661	75059.61433333327	100079.48577777769	150119.22866666655	300238.4573333331
59506.0	19653.358515555556	19851.877288439955	20853.747455782315	21068.734542955324	21288.20052777778	21512.286849122807	21741.14096453901	21974.916673835123	22213.774463768113	22457.88187545787	23457.124790123456	23720.687990012484	23990.24126262626	24265.99116219668	24548.1538501292	24836.95566013072	25132.633703703705	25435.43651941098	26373.50390243902	26699.10271604938	27032.841500000002	27375.029367088606	27725.99128205128	28086.069090909088	28455.622631578946	29248.155579259263	29643.400924924925	30049.474910197874	30466.828728395063	30895.938992175277	31337.30954920635	31899.004457326893	32368.107464052293	32851.21354560531	33348.95920538721	33862.02011623931	34391.11418055555	34657.91199294533	35216.91057347671	35794.236976320586	36390.80759259259	37007.60094161958	37645.66302681992	37563.77460428849	38234.55629365079	38929.73004444444	39650.65097119341	40398.77646121593	39932.274948717946	40715.26073202614	41529.56594666666	42377.10810884354	43259.96452777778	42420.23262411348	43342.4115942029	44305.5762962963	45312.52121212122	46366.30077519379	45214.367417989415	46317.15686720867	47475.08578888889	48692.39568091168	47342.463637426896	48621.98968168168	49972.600506172836	51400.389092063495	50029.16355555556	51545.19881481482	53155.98627777778	51986.09645878135	53718.966340740735	55571.34449042145	57556.03536507936	56887.48227160493	59075.46235897435	61438.48085333333	61556.144870370386	64232.49899516909	67152.15804040404	68415.6130793651	71836.39373333335	74558.42173099417	78700.55627160492	83330.00075816992	88955.12786111109	94885.4697185185	104758.86165079365	112817.23562393163	129694.56622222225	141484.98133333336	170822.98400000003	189803.3155555556	37529.80716666668	42891.20819047622	50039.742888888846	60047.69146666661	75059.61433333327	100079.48577777769	150119.22866666655	300238.4573333331
64781.0	18814.770026666665	19004.818208754208	20054.447464852612	20261.194345933563	20472.24845370371	20687.745805847953	20907.828208037827	21132.6435651135	21362.346212560384	21597.09726984127	22707.413896296293	22962.55337827715	23223.49148484848	23490.428168582373	23763.572682170543	24043.144125490195	24329.372031746032	25435.43651941098	25745.624769647697	26063.47198902606	26389.26538888889	26723.306722925456	27065.91321937322	27417.418585858584	28455.622631578946	28835.030933333335	29224.693513513514	29625.03178082192	30036.490555555556	30459.53971830986	30894.676000000003	31791.47345571659	32258.995124183013	32740.47266334992	33236.540430976434	33747.87182222222	34275.182319444444	34937.00488183422	35500.504960573475	36082.48045173042	36683.855125925926	37305.61538229755	37645.66302681992	38306.11325536062	38990.15099206349	39699.062828282826	40434.230658436216	41197.14067085954	41175.67600854701	41983.042204793026	42822.703048888885	43696.635764172344	44606.9823425926	44180.38930496454	45140.83255072463	46143.96216296296	47192.68857575757	46366.30077519379	47470.260317460314	48628.07154471544	49843.77333333333	48692.39568091168	49973.77451461988	51324.417069069066	52750.09532098765	51400.389092063495	52912.16524183007	54515.56418855219	56219.175569444444	54870.69551254479	56699.718696296295	58654.88140996169	57556.03536507936	59687.740378600814	61983.422700854695	61438.48085333333	63998.41755555556	66780.95744927536	67152.15804040404	70349.87985185187	71836.39373333335	75617.25656140353	79818.21525925923	83330.00075816992	88538.12580555555	94885.4697185185	101663.00326984127	112817.23562393163	122218.67192592596	141484.98133333336	155633.4794666667	189803.3155555556	213528.73000000007	42891.20819047622	50039.742888888846	60047.69146666661	75059.61433333327	100079.48577777769	150119.22866666655	300238.4573333331
70522.0	17967.254595555554	18148.742015712683	19198.74492517007	19396.670130584193	19598.71877777778	19805.021080701754	20015.712794326242	20230.935512544802	20450.83698550724	20675.571457875456	21837.065017283952	22082.425298377028	22333.36194949495	22590.067259259256	22852.742459948324	23121.598253594773	23396.855375661376	24622.49699598394	24922.771349593495	25230.45988477366	25545.840633333333	25869.205704641347	26200.862188034185	26541.133125541124	27778.17409356725	28148.54974814815	28528.935555555556	28919.742891933034	29321.40598765432	29734.383536776215	30159.16044444445	31342.424927536234	31803.342941176474	32278.019701492536	32767.08060606061	33271.189538461535	34275.182319444444	34819.232832451504	35380.83336200717	35960.84702367942	36560.19447407407	37179.858787193974	37948.815647509575	38614.584343079914	39304.13049206349	40018.75104646465	40759.83902880658	41197.14067085954	41989.39337606837	42812.71481481481	43668.96911111111	44560.17256235828	44606.9823425926	45556.06707328606	46546.41635748793	47580.781165432105	47192.68857575757	48290.192961240304	49439.95946031745	50645.81213008129	51911.95743333333	51121.8188034188	52467.129824561394	53885.16036036036	52750.09532098765	54257.240901587305	55853.04210457517	57545.558531986535	56219.175569444444	58032.69736200716	59967.1206074074	58654.88140996169	60749.698603174606	62999.68744032922	61983.422700854695	64462.75960888888	67148.70792592593	66780.95744927536	69816.45551515152	73141.04863492065	73867.37384444446	77755.13036257312	79818.21525925923	84513.40439215684	88538.12580555555	94440.66752592592	101663.00326984127	109483.23429059828	122218.67192592596	133329.4602828283	155633.4794666667	172926.08829629634	213528.73000000007	42891.20819047622	50039.742888888846	60047.69146666661	75059.61433333327	100079.48577777769	150119.22866666655	300238.4573333331
76773.0	17145.482208888887	17318.668897867567	18333.933260770977	18522.94288201604	18715.890203703708	18912.899574269006	19114.100633569742	19319.628597371564	19529.624560386474	19744.23581929182	20905.300029629627	21140.1910411985	21380.420484848484	21626.17244444444	21877.639565891473	22135.023560784313	22398.535746031746	23678.74519946453	23967.510384823847	24263.405574759945	24566.698144444446	24877.66900703235	25196.613481481483	25523.842227994228	26890.358561403504	27248.896675555556	27617.125009009007	27995.44178995434	28384.26737037037	28784.04578403756	30159.16044444445	30596.249726247992	31046.194575163405	31509.570613598673	31986.988350168354	32479.095863247865	33791.051875	34327.41777777778	34881.085806451614	35452.9068852459	36043.78866666666	36654.70033898305	37820.89083524904	38484.41523586744	39171.63693650794	39883.84851717172	40622.438304526746	41528.892595387835	42327.52514529914	43157.47661873638	44020.62615111111	44919.006276643995	45488.50949074075	46456.350118203314	47466.27077294687	48521.076790123465	48662.16255555556	49793.84075452196	50979.40839153439	52222.808596205956	51911.95743333333	53243.03326495726	54644.16571929824	56121.03506306306	55381.97037037037	56964.31238095238	58639.73333333334	57545.558531986535	59343.857236111115	61258.17521146952	63300.11438518518	62034.952352490414	64250.48636507936	66630.13400823045	65422.75234188034	68039.66243555555	67148.70792592593	70068.21696618358	73253.13591919192	73141.04863492065	76798.10106666668	77755.13036257312	82074.85982716047	86902.79275816992	89795.49216666665	95781.8583111111	101186.4294920635	108970.000991453	118606.83714814817	133329.4602828283	146662.40631111115	172926.08829629634	213528.73000000007	244032.83428571446	50039.742888888846	60047.69146666661	75059.61433333327	100079.48577777769	150119.22866666655	300238.4573333331
83578.0	16374.399942222222	16539.797921436588	17495.3900090703	17675.754854524628	17859.87730092593	18047.876009356725	18239.87469030733	18436.002375149343	18636.393705314007	18841.189240537242	19963.61621728395	20187.926511860172	20417.334767676766	20652.016776500637	20892.15650645995	21137.94658300654	21389.588804232804	22668.397622489963	22944.841495934957	23228.11114403292	23518.462533333335	23816.164590717297	24121.500034188033	24434.766268398267	25859.68225730994	26204.478020740742	26558.592588588588	26922.408925418575	27296.33127160494	27680.786641627546	29195.24643809524	29618.365951690823	30053.93015686275	30502.496278606963	30964.655313131316	31441.034625641023	32986.58173611111	33510.17827160494	34050.66501792115	34608.872641165755	35185.68718518518	36654.70033898305	37286.67793103448	37940.83017543859	38618.344999999994	39320.49672727272	40622.438304526746	41388.89940461216	42184.83977777778	43011.99349891067	43872.23336888888	44919.006276643995	45854.81890740742	46830.453352245866	47848.50668599034	48911.806834567906	49623.82853535354	50777.87105943152	51986.86798941799	53254.840379403795	53528.37881111111	54900.90134472934	56345.661906432746	56121.03506306306	57679.9527037037	59327.95135238095	61072.89109803922	60416.69494949495	62304.71666666667	64314.54623655912	63300.11438518518	65482.87695019157	67821.55112698412	66630.13400823045	69192.83147008547	71960.54472888888	70874.64837037039	73956.15482125604	73253.13591919192	76741.3804867725	80578.44951111112	80840.10638596493	85331.22340740738	86902.79275816992	92334.21730555555	95781.8583111111	102623.4196190476	108970.000991453	118050.83440740744	129389.2768888889	146662.40631111115	162958.22923456796	194541.8493333334	244032.83428571446	50039.742888888846	60047.69146666661	75059.61433333327	100079.48577777769	150119.22866666655	300238.4573333331
90986.0	15667.791155555553	15826.051672278338	16708.571369614518	16880.82468270332	17056.666606481485	17236.21046549708	17419.574406619387	17606.881658303464	17798.260806763283	17993.84609035409	19050.53578765432	19264.58675156055	19483.50251010101	19707.450814814812	19936.607219638245	20171.155539869284	20411.288343915345	21647.29469344043	21911.286092140923	22181.795796982165	22459.068244444446	22743.360247538676	23034.94178917379	23334.096877344877	24756.27635087719	25086.360035555557	25425.3649009009	25773.657570776257	26131.625037037036	26499.676093896716	28076.226450793656	28483.12828341385	28901.99781699347	29333.370918739638	29777.815932659938	30235.936177777778	31932.300791666665	32439.16270899471	32962.37501075269	33502.74181420765	34061.12084444444	35782.0547645951	36398.98674329502	37037.565458089666	37698.95055555555	38384.38602020202	40048.65407407407	40804.28905660377	41588.98692307692	42404.45725490196	43252.54639999999	44767.585070294794	45700.2430925926	46672.58869030733	47687.21018357488	48911.806834567906	50023.43880808081	51186.77459431524	52405.50732275131	53254.840379403795	54586.21138888889	55985.85783475784	57459.16988304094	57868.51763363363	59475.97645679012	61175.29006984128	61072.89109803922	62923.584767676766	64889.94679166666	66983.1708817204	66458.36444444444	68750.03218390804	67821.55112698412	70333.46042798353	73038.59352136751	71960.54472888888	74958.90075925927	78217.98340096619	77317.79822222223	80999.59813756615	80578.44951111112	84819.4205380117	85331.22340740738	90350.70713725488	92334.21730555555	98489.8317925926	102623.4196190476	110517.52882051282	118050.83440740744	128782.72844444447	142328.2045777778	162958.22923456796	194541.8493333334	222333.54209523826	284704.9733333331	60047.69146666661	75059.61433333327	100079.48577777769	150119.22866666655	300238.4573333331
99051.0	15032.809493333332	15184.656053872053	15987.541995464853	16152.362016036655	16320.615787037039	16492.41174269006	16667.862931442083	16847.08726403823	17030.207777777774	17217.352918192915	18193.777713580246	18398.202182272158	18607.27266161616	18821.14935887612	19039.99993281654	19263.999932026145	19493.333264550267	20657.207480589026	20909.12464498645	21167.261986282578	21431.852761111113	21703.142036568213	21981.387447293448	22266.860011544013	23641.124467836256	23956.339460740743	24280.07377777778	24612.6775281583	24954.52027160494	25305.99238810642	26878.242895238098	27267.782647342996	27668.779450980393	28081.74630845771	28507.227313131316	28945.80004102564	30708.372680555556	31195.807167548504	31698.96534767025	32218.620517304193	32755.597525925925	34638.42797740112	35235.64225287356	35853.81141520467	36494.058047619044	37157.58637575757	39095.20798353909	39832.853417190774	40598.869829059826	41394.92610021786	42222.82462222222	44135.251428571435	45054.73583333334	46013.34723404256	47013.63739130435	48746.92596543211	49854.810646464655	51014.224847545214	52228.849248677245	53683.69042818428	55025.78268888889	56436.70019373219	57921.87651461988	59012.120420420426	60651.34598765432	62384.24158730159	62974.56330718955	64882.88340740741	66910.4735138889	66983.1708817204	69215.94324444444	71602.69990804596	71205.39047619047	73842.62716049382	76682.7282051282	75960.13726222221	79125.14298148149	78217.98340096619	81773.3462828283	85667.31515343917	85049.57804444447	89525.87162573102	89531.61056790121	94798.1758954248	95997.6263333333	102397.46808888887	105524.81977777778	110517.52882051282	119727.3228888889	128782.72844444447	142328.2045777778	158142.44953086425	183328.00788888897	222333.54209523826	284704.9733333331	60047.69146666661	75059.61433333327	100079.48577777769	150119.22866666655	300238.4573333331
107830.0	14471.177875555555	14617.351389450056	15339.601523809526	15497.741745704468	15659.176555555558	15824.009992982457	15992.350524822697	16164.311283154122	16340.010318840577	16519.57087179487	17408.656839506173	17604.25972534332	17804.30813131313	18008.95535121328	18218.36180878553	18432.695477124184	18652.132328042328	19728.192701472562	19968.780417344173	20215.308570644716	20467.99992777778	20727.088534458508	20992.82043874644	21265.45447041847	22559.845011695907	22860.642945185187	23169.570552552555	23486.961929984784	23813.169734567902	24148.566491392805	25667.50656507937	26039.499413848636	26422.433228758175	26816.797903814262	27223.113023569025	27641.93014700855	29398.078166666663	29864.71432804233	30346.403268817205	30843.885289617487	31357.950044444442	33310.777145009415	33885.10088888889	34479.57634307992	35095.28306349206	35733.37911919192	37845.68982716049	38559.75944654088	39301.29328205128	40071.90687581699	40873.345013333324	43084.51492063493	43982.10898148149	44917.89853427897	45894.37458937198	48058.3848888889	49150.62090909091	50293.65860465116	51491.126666666656	53502.7236205962	54840.29171111112	56246.45303703704	57921.87651461988	59487.33263663664	61139.75854320988	62886.60878730159	64219.07222222223	66165.10471380473	68232.76423611112	69068.87588530465	71371.17174814815	73832.24663601532	74159.93919047619	76906.60360493827	76682.7282051282	79750.03733333333	83072.95555555557	82565.36658937199	86318.33779797981	85667.31515343917	89950.68091111112	89525.87162573102	94499.5311604938	94798.1758954248	100723.06188888887	102397.46808888887	109711.57295238094	113642.1136068376	119727.3228888889	130611.62496969698	141661.00128888892	158142.44953086425	177910.2557222223	209517.72330158748	259389.13244444423	341645.96799999964	75059.61433333327	100079.48577777769	150119.22866666655	300238.4573333331
117388.0	13982.412675555554	14123.649167227833	14267.76803628118	14918.740077892326	15074.143620370374	15232.81881637427	15394.870080378252	15560.406317801673	15729.541169082124	15902.39326984127	16703.121659259257	16890.797183520597	17082.738060606058	17279.091371647508	17480.01103875969	17685.658227450982	17896.20177777778	18876.856813922357	19107.062384823847	19342.952043895744	19584.738944444445	19832.647032348803	20086.911737891736	20347.78072150072	21545.263081871344	21832.533256296298	22127.56748948949	22430.684852359213	22742.22214197531	23062.535129890457	24493.546012698414	24848.524940418683	25213.944424836605	25590.27195356551	25978.00334680135	26377.66493675214	28073.835305555556	28519.451738977077	28979.44289605735	29454.515730418945	29945.424325925924	31889.440723163836	32439.25866666666	33008.36846783625	33597.80361904761	34208.67277575757	36395.108362139916	37081.80851991614	37794.92022222222	38535.99708932461	40873.345013333324	41707.49491156463	42576.40105555556	43482.28192907802	44427.548927536234	46914.24958024692	47980.48252525253	49096.307700258396	51491.126666666656	52747.00780487804	54065.683000000005	55451.98256410256	57726.622853801164	59286.80184984985	60933.657456790126	62886.60878730159	64736.214928104586	66697.91841077442	68232.76423611112	70433.8211469534	72781.61518518518	73832.24663601532	76469.11258730158	79301.30194238682	79864.54989743589	83059.13189333332	83072.95555555557	86684.8231884058	90625.04242424243	90428.73483597886	94950.1715777778	94684.92727485382	99945.20101234566	100058.3271111111	106311.97255555555	107437.93268148147	109711.57295238094	118150.9247179487	123112.28974074077	130611.62496969698	143672.7874666667	157401.11254320992	177910.2557222223	209517.72330158748	259389.13244444423	341645.96799999964	75059.61433333327	100079.48577777769	150119.22866666655	300238.4573333331
127792.0	13564.176364444444	13701.18824691358	13840.996290249435	14414.85842840779	14565.013203703706	14718.329132163743	14874.907101654848	15034.852339307048	15198.274647342994	15365.288654456654	15536.014083950617	16259.750421972534	16444.520313131314	16633.53778799489	16826.951018087857	17024.91514771242	17227.59270899471	17435.154066934407	18332.69450406504	18559.02406584362	18791.011866666668	19028.872776371307	19272.832683760684	19523.12921212121	20615.51467836257	20890.388207407406	21172.69075075075	21462.727610350077	21760.821049382714	22067.311486697967	23391.99991746032	23731.014409017716	24079.999915032684	24439.40289883914	24809.696882154887	25191.384526495727	26789.81595138889	27215.051125220463	27654.003562724018	28107.34788342441	28575.80368148148	30452.973890772126	30978.025164750958	31521.49929044834	32084.383206349205	32667.73562828283	34842.16671604938	35499.56608805031	36182.25005128205	36891.705934640515	39306.71703111111	40108.894929705224	40944.49690740742	41815.65641607565	44427.548927536234	45414.827792592594	46446.98296969697	47527.14536434108	50265.2674074074	51491.24953929539	52778.53077777778	54131.82643874644	56911.24526315789	58449.38702702703	60072.98111111111	62674.6190984127	64517.990248366026	66473.08086195287	68782.22836111112	71001.00992114694	73367.71025185185	75291.32605363984	77980.30198412699	80868.46131687243	82351.35201709402	85645.40609777777	86519.92905555556	90281.66510144927	90625.04242424243	94940.52063492064	99687.54666666668	99947.54902923979	99945.20101234566	105824.3304836601	106311.97255555555	113399.43739259259	115112.07073015872	123966.84540170939	127996.83511111113	134304.3160808081	143672.7874666667	159636.43051851855	177076.2516111112	203326.00653968268	244437.34385185165	311266.95893333305	427057.4599999996	100079.48577777769	150119.22866666655	300238.4573333331
139119.0	13213.113782222223	13346.579578002245	13482.769165532884	13621.766785796106	14129.350379629634	14278.080383625733	14429.974855791965	14585.135875746715	14743.669961352656	14905.688312576312	15071.307071604939	15710.576039950061	15889.105313131313	16071.73870753512	16258.61939018088	16449.89726535948	16645.729375661376	16846.280331994647	17647.77789701897	17865.651698216734	18088.972344444446	18317.946677918426	18552.79214814815	18793.7375007215	19780.01249122807	20043.74599111111	20314.607423423422	20592.88971689498	20878.902074074074	21172.971117370893	22382.558793650795	22706.943703703706	23040.86934640523	23384.762918739634	23739.077508417507	24104.294085470083	25584.99990972222	25991.111019400356	26410.3224874552	26843.278593806925	27290.66657037037	29060.139337099812	29561.17622222222	30079.793348927873	30616.932515873017	31173.60401616162	33272.69369547325	33900.48036897275	34552.41268376068	35229.91097167756	37629.54005333333	38397.48985034014	39197.43755555556	40031.425588652484	42724.692425120775	43674.13003456791	44666.723898989905	45705.48491989664	48658.74406349206	49845.54269918699	51091.68126666667	52401.72437606837	55556.3481871345	57057.87111111111	58642.81197530864	61789.352000000006	63606.68588235295	65534.16121212122	68550.36463888889	70761.66672401433	73120.38894814815	75897.63129501915	78608.26098412697	80868.46131687243	83978.78675213674	87337.93822222222	89213.9646851852	93092.83271497586	94385.37715151515	98879.91892063493	99687.54666666668	104934.25964912282	105500.19064197528	111706.0842091503	112438.35113888887	119934.2412148148	121499.39720634921	123966.84540170939	134297.41585185187	139632.91103030305	147734.74768888892	159636.43051851855	177076.2516111112	203326.00653968268	244437.34385185165	311266.95893333305	427057.4599999996	100079.48577777769	150119.22866666655	300238.4573333331
151450.0	12925.204782222221	13055.762406285074	13188.98447165533	13324.953383734251	13763.660189814818	13908.540823391815	14056.504023640664	14207.649228195938	14362.080198067631	14519.905255189255	14681.23753580247	15240.647600499375	15413.836777777777	15591.007315453384	15772.298098191217	15957.854546405231	16147.829005291007	16342.381161981262	17051.72277506775	17262.23787105624	17478.015844444446	17699.256551336144	17926.170096866095	18158.9775007215	18397.91141520468	19294.903834074077	19555.64577777778	19823.531336377477	20098.858160493826	20381.94066979656	20673.111250793652	21786.680425120776	22107.07278431373	22437.029094527363	22776.984080808084	23127.39922051282	24480.923680555552	24869.509770723103	25270.630896057348	25684.90353369763	26112.985259259254	27753.220241054612	28231.724038314176	28727.017442495126	29239.999896825397	29771.63625858586	31750.89297942387	32349.96643186583	32972.08117094017	33618.5925664488	35934.50919111111	36667.86652154195	37431.780407407416	38228.201267139484	40901.67397101449	41810.60005925926	42760.84096969697	43755.27913178294	46793.710751322746	47935.020769647694	49133.39628888889	50393.226962962966	53780.71712280701	55234.250018018014	56768.53474074074	60318.3208888889	62092.38915032681	63973.97670033671	67582.10375000001	69762.17161290321	72087.57733333332	75641.78167049808	78343.27387301587	81519.67805761316	84655.05029059829	88041.25230222222	90977.0189814815	94932.54154589374	97324.32511111112	101958.8167830688	103823.91486666667	109288.3314385965	110763.94074074071	117279.46666666663	118687.7144722222	119934.2412148148	128500.97273015873	130845.50468376068	134297.41585185187	146506.27183838384	153596.20213333337	164149.71965432103	179590.9843333334	202372.85898412715	237213.67429629609	293324.81262222194	427057.4599999996	100079.48577777769	150119.22866666655	300238.4573333331
164874.0	12695.834759999998	12824.075515151515	12954.93342857143	13088.48944329897	13224.827875	13605.478718128656	13750.2178534279	13898.069658303466	14049.13563285024	14203.521738705738	14361.33864691358	14522.702002496879	15014.902025252526	15187.487106002554	15364.085793281656	15544.839743790852	15729.897359788361	15919.414195448464	16113.55339295393	16745.896746227707	16955.220455555558	17169.843499296763	17389.969698005698	17615.813460317462	17847.600479532164	18643.216900740743	18895.152264264263	19153.989966514462	19420.01760493827	19693.538979655714	19974.87525079365	20972.72155877617	21281.143934640528	21598.772948590384	21926.027084175086	22263.35057777778	23488.76483333333	23861.602370370372	24246.466924731183	24643.94998907104	25054.682488888888	26555.578229755174	27013.43302681992	27487.352904483425	27978.19849206349	28486.89301010101	30322.96285596708	30895.094230607967	31489.230658119657	32106.666553376905	34290.96441777777	34990.7800181406	35719.75460185186	36479.74938061466	39059.24912077295	39927.23243456791	40834.66953535354	41784.3130129199	44797.071492063485	45889.682991869915	47036.92506666667	48243.000068376066	51719.36451461988	53117.185177177176	54592.66254320988	58390.49287619048	60107.8603137255	61929.31062626263	65973.16347222222	68101.33003584229	70371.37437037037	74573.35586206896	77236.68999999999	81244.87660905349	84369.67955555556	88041.25230222222	91709.63781481484	95697.01337198068	99247.65707070708	103973.735978836	107056.75762222224	112691.32381286552	115359.90540740736	117279.46666666663	124609.4333333333	126600.22877037036	135643.10225396825	138385.66294017094	141749.29674074077	146506.27183838384	153596.20213333337	170662.44681481484	184668.43461111118	205246.8392380954	237213.67429629609	293324.81262222194	389083.69866666634	100079.48577777769	150119.22866666655	300238.4573333331
179488.0	12519.77450222222	12646.236870931536	12775.280104308391	12906.984022909508	13041.43177314815	13364.036589473684	13506.207191489362	13651.43522580645	13799.820391304345	13951.466769230768	14106.483066666666	14264.982876404492	14687.732707070707	14856.557220945082	15029.307886304912	15206.123273202616	15387.148550264552	15572.535882195452	15762.444856368564	16312.486150891631	16516.39222777778	16725.4604838256	16939.889464387466	17159.88802886003	17385.676029239767	18085.568485925927	18329.968060060062	18581.0635129376	18839.133839506172	19104.473752738657	19377.39480634921	20264.36619645733	20562.37158169935	20869.27265008292	21185.473750841753	21511.404116239315	21847.519805555556	22970.12361199295	23340.60947670251	23723.242418943533	24118.62979259259	24527.42012806026	25918.637057471264	26373.34998830409	26844.302666666666	27332.380896969695	29014.42806584362	29561.8701048218	30130.367606837604	30721.1591285403	32748.799884444445	33417.142739229035	34113.33321296297	34839.148813238775	37272.78741062802	38101.07157530865	38967.00502020203	39873.21443927648	42779.17760846561	43822.572184281846	44918.13648888889	46069.88357834758	49512.55270175438	50850.7298018018	52263.25007407407	56152.45290158731	57803.99563398694	59555.631865319876	63864.60158333334	65924.75002150536	70371.37437037037	72797.97348659004	75397.9011111111	80097.30814814813	83177.97384615384	87744.46673777777	91400.4861851852	95374.42036714977	100046.87761616163	104811.01464550267	109172.4227777778	112691.32381286552	118951.95291358021	122145.78219607839	129779.8935833333	132916.72888888887	135643.10225396825	146077.18704273502	149917.80151851854	154635.59644444447	161156.89902222223	170662.44681481484	184668.43461111118	205246.8392380954	236101.66881481462	284656.4091555553	389083.69866666634	569409.9466666662	150119.22866666655	300238.4573333331
195397.0	12391.814946666665	12516.984794612794	12644.709129251703	12775.066955326462	12908.140569444447	13044.015733333334	13318.909044917258	13462.123120669055	13608.450545893718	13757.993958485957	13910.860558024691	14067.162362047438	14227.016479797978	14592.913517241377	14762.598558139536	14936.276188235295	15114.089	15296.186457831327	15482.72531707317	15673.870074074071	16156.50597777778	16361.0187116737	16570.775361823362	16785.980236652238	17006.84839766082	17233.6063762963	17855.559165165167	18100.15586605784	18351.546919753087	18610.019411580597	18875.876831746034	19658.22661513688	19947.31818300654	20245.039349917082	20551.782370370373	20867.963637606837	21194.025569444446	22194.30583421517	22552.278508960575	22921.987992714025	23304.021125925923	23699.00453483992	24950.306681992337	25388.03136062378	25841.389063492064	26311.2325010101	27838.53609876543	28363.791496855345	28909.249025641024	29476.09704575163	30065.618986666665	31975.083990929706	32641.231574074078	33335.72586288417	34060.415555555555	36387.5554271605	37214.54532323233	38079.99986563307	40822.57668783068	41818.2492899729	42863.705522222226	43962.774894586895	47282.24893567251	48560.14755555556	49909.04054320988	53756.485790476196	55337.55890196079	57014.45462626263	61416.74536111112	63397.93069534049	68122.24168888888	70471.28450574711	72988.11609523809	78190.41596707818	81197.73965811965	86505.09279999998	90109.47166666668	95374.42036714977	99709.62129292931	104811.01464550267	110051.5653777778	114918.3397660819	121302.69197530861	125949.12661437906	133820.94702777776	138431.88648888888	142410.78095238094	146077.18704273502	158250.28596296298	163546.6925656566	170099.15608888894	179063.2211358025	191995.25266666673	211049.6395555557	239454.64577777756	284656.4091555553	366656.0157777775	569409.9466666662	150119.22866666655	300238.4573333331
212716.0	12306.454839999999	12430.762464646465	12557.60697959184	12687.066845360825	12819.223791666669	12954.162989473685	13182.78185815603	13324.532200716845	13469.364072463766	13617.379062271062	13768.683274074074	13923.387580524344	14081.607893939394	14390.545404853126	14557.877328165376	14729.146473202614	14904.493455026455	15084.06566532798	15268.017685636854	15456.511731138544	15869.793450000001	16070.676911392404	16276.71123076923	16488.09709090909	16705.045736842105	16927.77968	17466.49294894895	17705.759975646884	17951.673308641977	18204.51377777778	18464.578260317463	18732.180843800325	19431.049679738568	19721.065346600335	20019.86936700337	20327.86735726496	20645.490284722222	21530.438673721343	21877.70381362007	22236.354695810565	22606.960607407407	22990.12943126177	24107.60806130268	24530.548553606233	24968.594063492063	25422.5685010101	25893.35680658436	27304.109199161427	27829.188222222223	28374.858579520696	28942.35575111111	30679.203047619052	31318.353111111115	31984.701049645395	32680.020637681162	34817.313679012346	35608.61626262627	36436.72361757106	38986.66652910053	39937.560834688345	40935.99985555556	41985.64087749288	45119.69002339181	46339.14110510511	47626.339469135804	51335.01313015874	52844.86645751635	54446.22604713805	58796.15633333333	60692.806537634395	65511.19505185185	67770.20177777778	70190.56612698412	75691.37965432098	78602.58656410256	84445.64924444444	87964.21796296298	94027.2747826087	98301.24181818182	104457.69849735452	109680.58342222225	115843.75302923979	122279.51708641971	128438.14444444442	133820.94702777776	142742.3434962963	148319.87838095237	153365.4564102564	166145.91111111114	172636.67559595962	179901.36182222224	188999.06232098772	201446.12377777786	219423.14590476206	239454.64577777756	283322.00257777754	366656.0157777775	518778.26488888846	150119.22866666655	300238.4573333331
231570.0	12258.827688888889	12382.654231200899	12509.00784580499	12637.966689576175	12769.61217592593	12904.02914619883	13041.306052009459	13232.747139784946	13376.581347826086	13523.576747252746	13673.83871111111	13827.477348314605	13984.607772727271	14145.350390804597	14409.087147286824	14578.605819607845	14752.160650793652	14929.89752610442	15111.969447154472	15298.536971193415	15649.718127777778	15847.815825597749	16050.99295156695	16259.447405483405	16473.387502923975	16693.03266962963	16918.61419219219	17391.554465753426	17633.10383333333	17881.457408450704	18136.9068	18399.760521739132	19007.65409150327	19291.3504212272	19583.643609427614	19884.930434188034	20195.632472222223	20973.196479717815	21311.473842293908	21660.84226593807	22021.856303703702	22395.108105461393	23386.510973180077	23796.800639376215	24221.743507936506	24662.138844444446	25118.845119341564	26381.910708595387	26889.255145299143	27416.495442265794	27964.825351111107	29533.016072562365	30148.28724074075	30789.740160756504	31459.082338164255	33406.24331851852	34165.47612121212	34960.022077519374	37304.26465608465	38214.12476964769	39169.47788888889	40173.82347578347	43090.52616374269	44255.13497897898	45484.44428395062	48987.09202539683	50427.88884967321	51956.0066936027	56147.67061111112	57958.885792114685	62715.900088888884	64878.51733333332	67195.60723809522	72790.21672427983	75589.84044444445	81746.69002666665	85152.80211111112	91788.74917874396	95960.96505050507	102982.25333333336	108131.36600000002	115453.24570760237	121867.31491358022	129472.42985620911	136465.5284722222	145563.23037037035	152938.22517460317	159729.09979487178	166145.91111111114	172636.67559595962	189900.3431555556	199890.4020246914	201446.12377777786	219423.14590476206	246224.57948148128	287345.57493333303	355820.5114444441	518778.26488888846	150119.22866666655	300238.4573333331
252095.0	12244.298737777777	12367.978523007858	12494.182385487531	12622.988389461629	12754.477851851856	12888.735513450294	13025.849721040191	13181.535149342892	13324.812705314009	13471.239218559218	13620.919654320987	13773.963695380773	13930.486010101009	14090.606538952745	14309.831209302327	14478.182164705884	14650.541476190476	14827.054024096387	15007.87175609756	15193.154123456789	15383.06855	15685.841704641349	15886.942239316239	16093.266164502164	16305.019666666665	16522.41992888889	16745.695873873876	17150.376030441403	17388.575697530865	17633.485214397497	17885.392146031747	18144.600727858295	18411.43309150327	18949.007104477612	19236.113272727274	19532.053476923076	19837.241812499997	20152.11866666667	20847.1044874552	21188.860298724958	21542.00797037037	21907.12674952919	22284.835831417626	23180.901372319688	23594.84603968254	24023.843240404043	24468.729226337447	25592.785593291406	26084.954547008547	26596.424244008715	27128.352728888887	28535.53607256236	29130.02640740741	29749.814203309696	30396.549294685992	32158.17305679013	32889.04062626263	33653.90203617571	34455.185417989414	36665.38900813008	37582.023733333335	38545.66536752137	41231.02935672514	42345.3815015015	43521.64209876543	46783.99983492064	48159.99983006537	49619.393764309774	53579.631902777786	55308.00712544802	59890.84865185185	61956.050329501915	64168.76641269841	69684.33343209876	72364.5001025641	78613.43406222222	81888.99381481484	88855.09785507247	92893.96593939394	100530.53481481483	105557.06155555559	113822.49052631581	120145.96222222218	129035.980496732	137564.4567222222	146735.4205037037	155960.60396825397	164702.70403418803	173039.85811111113	181250.08484848487	189900.3431555556	199890.4020246914	212623.9451111112	230224.14146031762	255993.670222222	287345.57493333303	354152.5032222219	488874.6877037033	150119.22866666655	300238.4573333331
274439.0	12297.880542222221	12382.267492704827	12508.617160997735	12637.571977090494	12769.213351851855	12903.62612397661	13040.898742316787	13181.123459976105	13309.020367149758	13455.27333821734	13604.776375308642	13757.639031210987	13913.975838383838	14073.906595146871	14237.556671834627	14422.150222222224	14593.842486772488	14769.671914323966	14949.789864498645	15134.355171467763	15323.534611111112	15577.79093670886	15777.506205128204	15982.408883116883	16192.703736842104	16408.606453333334	16630.344378378377	16975.088968036533	17210.85409259259	17453.260488262913	17702.592780952382	17959.15209661836	18223.257274509808	18686.230600331673	18969.35530639731	19261.19154188034	19562.14765972222	19872.657940035275	20477.152838709677	20812.84386885246	21159.724599999998	21518.363999999998	21889.370275862068	22675.797863547756	23080.722825396824	23500.37233131313	23935.564411522635	24930.40336268344	25409.834196581196	25908.066239651416	26426.227564444445	27681.99258049887	28258.700759259267	28859.94971158393	29487.339922705316	31072.028167901237	31778.21062626263	32517.238780361753	33291.458751322745	35295.55579403794	36177.94468888889	37105.5842962963	39560.02498245614	40629.214846846844	41757.80414814815	44765.11758730159	46081.73869281046	47478.155016835015	51169.99981944445	52820.644974910385	57151.60736296296	59122.35244444444	61233.865031746034	66545.3873909465	69104.82536752136	75259.08010666666	78394.87511111112	85449.38485024155	89333.44779797981	97317.48812698414	102183.36253333335	111112.69637426903	117285.62395061726	127213.37176470585	137100.72927777775	146735.4205037037	157216.52196825395	167957.5735042735	178427.9293703704	188770.7543030303	199375.09333333335	211000.38128395067	224876.70227777786	242998.7944126986	255993.670222222	295469.4953777775	354152.5032222219	488874.6877037033	854114.9199999992	300238.4573333331
298764.0	12359.25075111111	12422.101557800224	12548.857696145127	12678.227363115693	12810.292231481484	12945.137412865499	13082.85164066194	13223.527464755078	13367.261458937197	13470.81848107448	13620.49424197531	13773.533503121098	13930.05092929293	14090.166457215837	14254.005602067185	14421.699785620916	14576.546116402118	14752.167153949134	14932.071631436314	15116.41819478738	15305.373422222225	15499.112326300985	15716.445754985756	15920.55544011544	16130.036432748537	16345.103585185187	16565.983363363364	16792.91464231355	17092.29838888889	17333.034985915496	17580.649771428572	17835.44179710145	18097.727705882357	18495.246189054727	18775.477191919195	19064.33068717949	19362.210854166668	19669.547534391535	20193.184681003582	20524.220495446265	20866.290837037035	21219.956783427493	21585.81810727969	22273.39431578947	22671.133499999996	23083.335927272725	23510.80511111111	23954.405207547166	24856.163042735043	25343.538788671023	25850.409564444442	26377.96894331066	27527.320379629637	28113.008047281328	28724.16039613527	30142.61414320988	30827.67355555556	31544.596196382427	32295.65801058201	34103.4455501355	34956.03168888889	35852.34019373219	38082.04704093567	39111.29155555556	40197.71632098765	42950.88426666667	44214.14556862746	45553.96816161617	48961.84736111111	50541.26179211468	54581.33314074074	56463.44807662835	58479.99979365079	63501.78595884774	65944.16234188034	71869.01838222222	74863.56081481483	81803.34794202898	85521.68193939394	93587.42150264552	98266.7925777778	107561.43424561404	117285.62395061726	124184.77830065356	135164.20749999996	146240.7778962963	156686.54774603175	169310.10058119657	181954.037962963	194648.65022222223	207647.82973333335	221527.88148148154	237375.42894444455	257001.94546031766	268594.83170370344	307192.40426666633	359181.96866666636	474427.34859259217	854114.9199999992	300238.4573333331
325245.0	12439.91564888889	12565.571362514029	12611.480358276647	12741.495619702178	12874.219532407411	13009.73763274854	13148.139096926716	13289.516936678614	13433.96820772947	13514.154442002442	13664.311713580248	13817.843305867666	13974.864252525253	14135.494876117496	14299.861095607237	14468.094755555558	14593.386687830689	14769.21062382865	14949.322948509485	15133.882491083676	15323.056022222225	15517.01875668073	15715.954894586896	15901.686672438673	16110.919391812866	16325.731650370373	16546.34964564565	16773.011969558604	17026.149567901237	17265.954491392804	17512.610984126986	17766.416940418683	18027.68777777778	18296.757744610284	18646.1436969697	18933.007446153846	19228.8356875	19534.055301587305	19849.12070967742	20314.45073224044	20653.024911111108	21003.07618079096	21365.198183908044	21740.02622222222	22356.74018253968	22763.226367676765	23184.767596707818	23622.216041928717	24415.066846153844	24893.79364705882	25391.669519999996	25909.86685714286	26927.50996296297	27500.4357068558	28098.271265700485	28722.677293827168	30029.804050505056	30728.17158656331	31459.79471957672	33083.356986449864	33910.440911111116	34779.939396011396	36795.82283040936	37790.304528528526	38840.03520987654	41346.222501587305	42562.287869281055	43852.05416835017	46977.52966666667	48492.93384946236	50109.364977777775	54026.86605363984	55956.39698412698	60645.92571193416	62978.461316239314	68581.92883555555	71439.50920370372	78118.4982415459	81669.33907070708	89594.142984127	94073.85013333336	103438.7290292398	113537.06948148145	120215.72062745095	131946.32694444442	144175.15466666664	154473.37999999998	168739.35911111112	183419.27562962967	198495.31414141416	214113.51524444448	230719.81081481485	249218.86666666676	257001.94546031766	283498.59348148125	307192.40426666633	359181.96866666636	474427.34859259217	778167.3973333327	300238.4573333331
354073.0	12538.101937777776	12664.749432098764	12793.981569160998	12824.655308132877	12958.245467592596	13094.648051461989	13233.952817966905	13376.253385902031	13521.647444444443	13670.236976800978	13732.500834567902	13886.798596754057	14044.603126262627	14206.035346104725	14371.221803617573	14540.295001307191	14713.393751322754	14816.723544846054	14997.415295392953	15182.568570644718	15372.350677777778	15566.937395218003	15766.513515669516	15920.058204906205	16129.53265497076	16344.593090370372	16565.46596996997	16792.390161339426	17025.617802469136	17245.491179968703	17491.855339682545	17745.360489533014	18006.32167320262	18275.07274295191	18573.98134680135	18859.734905982907	19154.41826388889	19458.456649029984	19772.30272401434	20174.516131147542	20510.758066666665	20858.398033898302	21218.025586206895	21590.271649122802	22128.240976190475	22530.57263030303	22947.805456790124	23380.782918238994	24076.489427350425	24548.577455337687	25039.54900444444	25550.560208616782	26449.65575	27012.414382978724	27599.640782608694	28212.966133333335	29375.465414141418	30058.615772609817	30774.2971005291	32227.10678590786	33032.78445555556	33879.77892877493	35695.20095906433	36659.936120120125	37678.267679012344	39949.7505015873	41124.7431633987	42370.947501683506	45222.43086111111	46681.21895340501	48237.25958518518	51837.27411494253	53688.60533333333	58028.85613168724	60260.73521367521	65497.59976888889	68226.66642592594	74545.57482125604	77934.01004040406	85558.35521693123	89836.2729777778	99025.10540350879	109185.32508641973	115607.99126797383	127729.20316666663	140742.74874074073	150795.8022222222	166355.94769230767	182800.9723703704	200093.75523232325	218344.8455555556	237903.90582716055	259559.78716666676	271286.2045079367	299835.6030370368	322313.7980444441	369336.8692222219	472203.33762962924	778167.3973333327	300238.4573333331
385457.0	12652.862515555555	12780.669207631874	12911.084199546487	13044.188160366552	13060.522851851854	13198.002039766083	13338.40631678487	13481.830040621266	13628.371671497582	13778.133997557996	13931.22437530864	13977.433313358302	14136.267782828283	14298.753619412515	14465.01819638243	14635.194881045754	14809.423391534394	14890.663555555559	15072.257013550136	15258.334260631002	15449.063438888892	15644.621203938115	15845.193270655272	16050.975001443003	16181.42176608187	16397.1740562963	16618.75748948949	16846.41170167428	17080.38964197531	17265.415236306733	17512.064025396827	17765.862054750407	18027.124732026146	18296.186295190713	18573.401239057242	18837.382673504275	19131.71677777778	19435.394821869493	19748.868931899644	20072.620881602918	20431.37948148148	20777.674048964218	21135.909808429118	21506.715243664716	21975.812214285714	22375.372436363636	22789.731185185185	23219.726113207547	23830.413358974358	24297.67636601307	24783.62989333333	25289.418258503407	26082.8635462963	26637.818089834516	27216.90109178744	27821.721116049386	28854.16990909091	29525.197116279065	30228.177999999996	31524.889712737127	32313.01195555556	33141.550723646724	34013.69679532164	35711.11833033033	36703.093839506175	37751.75366349207	39894.63636601308	41103.564740740745	43695.03961111111	45104.557017921135	46608.042251851846	49900.613363984674	51682.77812698413	55677.07219753086	57818.49805128205	62671.16462222221	65282.463148148156	71193.04322705315	74429.09064646465	81645.1533756614	85727.41104444447	94564.49787134505	104526.50014814812	110675.11780392154	122833.49072222221	136244.48337777777	145976.23219047618	162395.4793162393	180218.94333333336	199419.24258585862	220103.1307555556	242605.38395061737	259559.78716666676	284821.5619047621	316500.5719259257	340198.31217777746	383990.505333333	478909.29155555513	733312.031555555	300238.4573333331
419622.0	12785.053804444444	12914.195762065096	13045.973269841272	13180.467839633448	13180.065120370373	13318.802647953216	13460.49203782506	13605.228511350058	13753.111429951688	13904.244522588522	14058.736128395061	14087.754986267164	14247.84311111111	14411.611422733076	14579.188299741603	14750.708162091503	14926.311830687831	15106.146912985276	15170.628840108402	15357.920554183813	15549.894561111112	15746.728669479606	15948.609806267807	16155.73460894661	16262.172040935673	16479.001001481483	16701.690204204206	16930.48048097413	17165.62604320988	17407.39542410016	17568.40077460318	17823.015278582934	18085.118444444448	18355.045585406304	18633.15233670034	18859.145873504276	19153.82002777778	19457.848917107585	19771.68518996416	20095.81117668488	20407.164562962964	20753.04870809793	21110.859892720306	21481.225855750487	21864.819174603177	22288.777616161617	22701.532757201647	23129.8635639413	23574.66863247863	24130.303607843136	24612.909679999997	25115.21395918368	25638.447583333338	26365.56371631206	26938.72814492754	27537.36654814815	28454.03295959596	29115.754656330744	29808.986910052907	30536.03537127371	31739.586900000002	32553.42246153846	33410.09147368421	34932.9858978979	35903.346617283954	36929.156520634926	38862.099359477135	40039.73873400674	42388.05113888889	43755.407627240136	45213.921214814814	48215.21612260536	49937.188126984125	53596.955094650206	55658.376444444446	60131.23797333333	62636.70622222223	68120.83111111111	71217.23252525253	77973.33305820108	81871.99971111113	90239.38004678364	99818.08108641973	105689.73291503266	117592.31266666664	131022.3901037037	145976.23219047618	157205.17312820512	175928.43592592597	196602.48363636364	219361.1668444445	244559.03417283957	267641.89405555563	296639.756761905	316500.5719259257	359802.7236444441	402892.2475555552	478909.29155555513	733312.031555555	300238.4573333331
456815.0	12937.617866666666	13068.300875420875	13201.650884353743	13337.750378006873	13476.68527777778	13457.951373099415	13601.12106855792	13747.369682198327	13896.797613526569	14049.509675213674	14205.615338271604	14365.2289937578	14378.252858585858	14543.520132822476	14712.630832041345	14885.720606535948	15062.931566137566	15244.412669344045	15430.320140921409	15479.138194787378	15672.627422222222	15871.01511111111	16074.489663817663	16283.24926984127	16497.502549707602	16586.55419851852	16810.696822822825	17040.980340943686	17277.66062345679	17521.007956181536	17656.072501587303	17911.957610305963	18175.368751633992	18446.642912106137	18726.137501683505	19014.231924786327	19215.43834722222	19520.44530511464	19835.291197132618	20160.459905282332	20496.46757037037	20777.02511487759	21135.249685823754	21506.04353996101	21890.08003174603	22262.361341414144	22674.62729218107	23102.45044863732	23546.72834188034	24036.917037037034	24517.655377777777	25018.01569160998	25539.22435185186	26183.94646808511	26753.162695652176	27347.677422222227	27969.215545454546	28818.17429457364	29504.321301587297	30223.938894308943	31299.436255555556	32101.9859031339	32946.77500584795	34313.066918918914	35266.20766666666	36273.8136	38015.30818300654	39167.28721885523	40391.26494444445	42622.94768458781	44043.712607407404	46773.02194636015	48443.48701587301	51786.71361316872	53778.510290598286	57884.71150222222	60296.5744814815	65360.041275362324	68330.95224242425	74608.52931216932	78338.9557777778	86181.0523274854	95252.67893827158	100855.77769934639	112295.34122222221	125431.80017777777	140381.13225396824	151179.6808888889	170305.60422222223	191921.93010101013	216262.73200000005	244559.03417283957	272931.05694444454	305876.45034920657	332291.82222222193	359802.7236444441	402892.2475555552	492449.15896296257	711641.0228888883	300238.4573333331
497305.0	13115.45142222222	13247.930729517395	13383.113696145127	13521.083940435281	13661.928564814816	13805.738339181285	13763.423262411348	13911.417060931899	14062.628115942027	14217.16249084249	14375.130962962963	14536.649288389512	14701.838484848484	14695.46414303959	14866.341633074937	15041.239769934642	15220.302148148148	15403.679282463188	15591.529029810297	15620.817920438956	15816.078144444446	16016.281665260196	16221.61860968661	16432.28898124098	16648.50330994152	16717.46925037037	16943.380996996995	17175.482106544903	17414.030469135803	17659.298503912363	17911.574196825397	18028.863259259262	18293.993601307193	18567.038281923717	18848.357043771048	19138.33176752137	19311.329298611112	19617.858335097004	19934.275405017925	20261.066805100185	20598.751251851852	20843.865325800376	21203.242314176245	21575.229021442494	21960.500968253968	22288.081486868687	22700.823736625513	23129.14116561845	23573.932341880343	24036.16630936819	24488.597475555554	24988.364770975062	25508.955703703712	26082.612104018917	26649.62541062802	27241.839308641982	27860.972020202025	28619.66241860465	29301.082952380948	30015.74351219512	30979.537366666667	31773.884478632477	32610.03933333333	33837.22838438438	34777.15139506173	35770.784292063494	37340.69047058824	38472.22654545455	39674.483625	41694.20897491039	43084.01594074074	45562.46131800766	47189.69207936508	50237.69023868313	52169.90909401709	55929.650702222214	58260.05281481482	62918.16467632851	65778.08125252525	71584.80711111112	75164.04746666669	82462.0587134503	90968.88856790122	96319.9996601307	107159.26380555554	119781.6973037037	134391.21447619045	144729.0002051282	163777.98762962967	185787.93187878787	211114.12311111117	243734.62982716056	275128.91344444454	311921.2079365082	346079.7162222219	379800.68631111074	425247.89022222185	511987.340444444	711641.0228888883	300238.4573333331
541383.0	13327.693	13462.316161616161	13599.68673469388	13739.88969072165	13883.013541666669	14029.15052631579	14178.39680851064	14102.635937873356	14255.925458937196	14412.583980463978	14572.723802469134	14736.462272159799	14903.922070707069	15075.231519795656	15043.741705426357	15220.726901960785	15401.926031746032	15587.491405622492	15777.582764227642	15972.367736625512	15981.317255555556	16183.61241068917	16391.094621082622	16603.96597979798	16822.439216374267	17046.738405925928	17098.46285885886	17332.688377473365	17573.420160493828	17820.933120500784	18075.51787936508	18337.481906602257	18438.38520261438	18713.58498175788	18997.12414814815	19289.387596581197	19590.784277777777	19745.897855379193	20064.38007885305	20393.304342440802	20733.192748148147	20947.882629001884	21309.053019157087	21682.896054580895	22070.09062698413	22471.365002020204	22773.852855967078	23203.548192872116	23649.770273504273	24113.49125925926	24516.889635555555	25017.23432199547	25538.42670370371	26081.797484633575	26618.04073429952	27209.55275061729	27827.951676767683	28508.901602067184	29187.684973544972	29899.57972899729	30766.1371	31555.012410256408	32385.40747368421	33491.39174774775	34421.70818518518	35405.185561904764	36822.86618300654	37938.71061279462	39124.29531944444	40954.30567741935	42319.449199999995	44569.67166283525	46161.44565079365	47871.12882304527	50819.66839316239	52852.45512888889	56517.401518518534	58974.67984541063	63556.42125252526	68910.37083597886	72355.8893777778	79120.0499649123	87043.28419753084	92163.47738562089	102339.99963888888	114303.21472592592	128337.53282539682	138209.65073504273	156789.75022222224	178666.89559595962	204366.7250666667	240291.9244444445	274201.45855555567	314433.0439365082	356855.8587407404	398750.18666666624	449753.40455555514	511987.340444444	708305.0064444438	1708229.8399999985
589369.0	13588.015128888886	13725.267806958473	13865.321560090704	14008.263019473081	14154.182425925928	14303.17381988304	14455.33524349882	14330.852688172043	14486.622826086956	14645.816483516483	14808.547777777778	14974.935955056178	15145.10568181818	15319.187356321838	15250.524909560723	15429.942849673203	15613.632645502645	15801.74870147256	15994.452953929538	16191.915336076814	16394.31427777778	16376.731476793248	16586.68957264957	16802.101125541125	17023.18140350877	17250.157155555557	17483.267387387386	17513.772334855406	17757.019172839508	18007.118034428797	18264.362577777778	18529.063484702096	18607.150758169937	18884.86942620232	19171.003811447812	19465.94233162393	19770.097680555555	19901.749107583775	20222.7450609319	20554.26547176685	20896.83656296296	21251.020233521656	21448.130429118773	21824.41341910331	22214.135087301587	22618.028452525254	22887.5013909465	23319.341039832285	23767.789905982907	24233.825002178648	24595.761084444443	25097.715392290254	25620.58446296297	26165.70328132388	26648.79308212561	27240.988483950623	27860.101858585862	28475.11334366925	29153.092232804232	29864.14326287263	30610.74684444445	31432.891509971512	32260.072865497074	33131.96672672673	34184.59677777778	35161.299542857145	36446.514549019616	37550.95438383839	38724.421708333335	40386.36936200716	41732.58167407407	43778.740551724135	45342.26699999999	47021.61022222222	49712.326085470086	51700.819128888885	55054.64075925927	57448.32079227054	61655.34711111112	66582.91750264552	69912.0633777778	76164.09408187136	80395.43264197529	88428.29113725488	97923.6947222222	109162.66628148148	122467.73006349207	131888.32468376067	149727.12162962966	171043.36387878787	196533.5851555556	234571.24790123463	270328.4150000001	313373.09549206373	363908.07592592563	415295.6594666662	474750.85788888845	537189.6634074069	718363.9373333327	1708229.8399999985
641607.0	14352.769946666665	14058.351425364759	14201.803990929708	14348.21434135166	14497.67490740741	14650.282011695906	14806.13607565012	14965.34183990442	14769.581661835746	14931.884757020756	15097.79458765432	15267.432729088638	15440.92628282828	15618.408194125157	15800.017591731266	15679.638823529414	15866.301190476192	16057.461445783136	16253.284146341462	16453.94197530864	16659.616250000003	16601.837243319267	16814.68131054131	17033.053795093794	17257.172923976606	17487.268562962963	17723.583003003	17722.764200913243	17968.913703703704	18221.996995305166	18482.31123809524	18750.17082125604	19025.908627450983	19082.16985737977	19371.293643097644	19669.313545299145	19976.646569444445	20293.736197530867	20407.84276702509	20742.397566484517	21088.10419259259	21445.529687382295	21617.417134099614	21996.670066276798	22389.467746031743	22796.548977777777	23218.70729218107	23471.538960167716	23922.91470940171	24391.991468409586	24879.83129777778	25222.960716553294	25748.439064814822	26296.27819385343	26734.522917874398	27328.6234271605	27949.72850505051	28599.72219121447	29186.773375661374	29898.64589701897	30646.11204444445	31395.63778917379	32221.83878362573	33092.6992912913	34052.299135802474	35025.22196825397	36055.37555555556	37292.2873939394	38457.671375	39973.59660215053	41306.049822222216	42730.39636781609	44713.48036507936	46369.535193415635	48830.13369230769	50783.33903999999	53855.01992592594	56196.54253140097	60059.60810101011	64591.316021164035	67820.88182222223	73591.64566081873	77680.07041975307	85124.57573856208	93955.05933333332	104451.94103703702	111912.79396825396	125956.92263247863	142879.01840740745	163338.67814141416	188147.7002666667	227074.138962963	263892.653888889	313373.09549206373	366838.55125925894	428227.0304888885	498437.7333333329	566997.1869629625	718363.9373333327	1556334.7946666654
698476.0	14952.467013333333	15103.502033670035	14645.683619047622	14796.670048109967	14950.802027777781	15108.178891228072	15268.904198581562	15433.085964157706	15600.836898550724	15294.250451770451	15464.186567901234	15637.941473158551	15815.645353535352	15997.434380587483	16183.451059431525	16373.844601307192	16176.208486772486	16371.102564926374	16570.75015718157	16775.32731961591	16985.01891111111	17200.019150492262	17086.785897435897	17308.692207792206	17536.438157894736	17770.257333333335	18010.395945945947	18257.11369863014	18215.90475308642	18472.466791862287	18736.359174603174	19007.900611916266	19287.428562091503	19309.877412935322	19602.451313131314	19904.027487179486	20215.027916666666	20535.90137566138	20621.05452329749	20959.10459744991	21308.423007407404	21669.58271939736	22043.196214559386	22198.004413255356	22594.39734920635	23005.204573737374	23431.226880658432	23656.796109014675	24111.734495726494	24584.513603485837	25076.20387555555	25387.582956916103	25916.490935185193	26467.90563593381	27043.294888888893	27465.001669135807	28089.20625252526	28742.443607235142	29280.667957671954	29994.830590785907	30744.701355555557	31431.90978917379	32259.06530994152	33130.93193993994	34011.94093827161	34983.71067936509	36012.64334640524	37147.9626936027	38308.836527777785	39698.24141935483	41021.51613333333	42436.05117241379	44256.48195238095	45895.61091358025	48152.97885470085	50079.09800888888	52899.3115	55199.28156521739	58750.930828282835	61548.594201058215	66065.56891111113	71390.40191812867	75356.53535802467	82249.48632679737	90444.86172222221	100218.72995555555	107377.21066666667	120521.47042735042	136453.33285185188	155868.0200808081	179672.5459555556	218370.65017283958	255458.40633333343	308946.76000000024	365601.9447407404	436689.69111111073	498437.7333333329	599671.2060740736	738673.7384444438	1556334.7946666654
760385.0	15823.15622222222	15982.986083052749	16146.077777777778	15414.914446735396	15575.486472222226	15739.43896140351	15906.879801418443	16077.921519713262	16252.681536231883	16431.28243223443	15947.522162962963	16126.707805243444	16309.965848484848	16497.436720306512	16689.267379844965	16885.61170196079	16568.771322751323	16768.39507362785	16972.887696476962	17182.42951989026	17397.20988888889	17617.427735583686	17843.292193732195	17646.772894660895	17878.9672748538	18117.353505185187	18362.182606606606	18613.719354642315	18510.684722222224	18771.3985915493	19039.561428571433	19315.497101449277	19599.548529411768	19892.079104477612	19871.896094276093	20177.61757264957	20492.89284722222	20818.176860670195	21153.953906810035	21209.20961748634	21562.696444444442	21928.165875706214	22306.237701149425	22429.91895516569	22830.453222222222	23245.55237171717	23676.025563786006	23873.325501048217	24332.42791452991	24809.534344226577	25305.72503111111	25587.963138321997	26121.04570370371	26676.81263356974	27256.74334299517	27644.25699753087	28272.53556565657	28930.036392764858	29426.787502645504	30144.51402710027	30898.126877777784	31690.386541310545	32362.84353216374	33237.51497897898	34051.23560493827	35024.12805079365	36054.24946405229	37103.935569023575	38263.43355555556	39497.73786379928	40862.75896296296	42271.819616858236	43951.62442857143	45579.46237037037	47660.826717948716	49567.25978666666	52165.7270925926	54433.80218357488	57708.33981818182	60456.35600000001	64626.02391111113	69542.70411695908	73406.18767901234	79789.27273202613	87390.07922222221	96474.51917037036	103365.55625396826	115636.9961025641	130564.92629629631	148858.1812929293	171454.82208888893	209053.00029629635	245666.98144444457	301591.60444444465	360437.88666666637	440206.2615111107	519119.5743333328	599671.2060740736	767981.010666666	1466624.06311111
827782.0	17152.545173333332	17325.803205387205	17502.597115646262	17683.036261168385	16482.45439814815	16655.953918128653	16833.144917257683	17014.146475507765	17199.082850241542	17388.08376068376	17581.28469135802	16800.524734082395	16991.439787878786	17186.74369348659	17386.589550387598	17591.1376627451	17800.55596825397	17292.49391164659	17503.377983739836	17719.469069958846	17940.962433333334	18168.06322362869	18400.987111111113	18075.02326118326	18312.85251461988	18557.023881481484	18807.794474474475	19065.435494672758	19330.233209876544	19138.049477308294	19411.450184126985	19692.775549114333	19982.375189542487	20280.61959535655	20193.474242424243	20504.14307692308	20824.5203125	21155.068253968257	21496.279032258066	21500.74003642987	21859.085703703702	22229.578681732575	22612.847279693484	23009.56389863547	23102.889047619046	23522.941575757573	23958.55160493827	24410.59974842767	24586.64193162393	25068.732949891066	25570.107608888888	26091.946539682544	26360.130240740746	26920.98407565012	27506.222859903384	27862.448750617288	28495.686222222223	29158.3765994832	29852.62366137566	30341.257680216804	31099.789122222224	31897.219612535613	32524.344081871346	33403.38040840841	34331.25208641976	35136.80154920636	36170.236888888896	37146.802478114485	38307.64005555556	39543.37037992831	40814.32912592593	42221.71978544061	43781.52746031746	45403.06551440329	47332.518615384615	49225.819359999994	51632.56227777779	53877.45628985508	56908.06591919192	59617.97382010583	63479.17380000001	68027.39359064329	71806.6932345679	77724.19871895424	84776.10227777777	93216.08450370369	99874.37625396825	111316.75288888889	125273.41244444446	142434.46505050507	163743.99942222226	199636.16217283957	235184.62533333342	291952.4643809526	351856.8718518515	438722.33368888847	535283.7881111107	633001.1438518513	767981.010666666	1466624.06311111
901152.0	19283.454644444442	19478.237014590348	19676.994535147394	19879.8501489118	17867.23455555556	18055.31070877193	18247.388482269504	18443.596960573475	18644.07084057971	18848.95073992674	19058.383525925925	17778.82721598002	17980.859343434342	18187.535887611746	18399.018863049096	18615.477908496734	18837.09074074074	19064.043641231594	18234.7158699187	18459.83581893004	18690.58376666667	18927.173434599157	19169.829504273504	19418.78832900433	18885.223614035087	19137.02659555556	19395.635063063062	19661.32869406393	19934.402703703705	20215.168938967137	19882.52558730159	20170.67813204509	20467.30575163399	20772.78792703151	21087.52713804714	20904.63865982906	21231.273638888888	21568.277982363317	21916.153433691754	22275.43463752277	22212.821666666667	22589.310169491524	22978.781034482756	23381.917543859647	23420.448968253964	23846.27531313131	24287.873004115223	24746.13475890985	24880.034358974357	25367.878169934636	25875.23573333333	26403.301768707486	26635.528759259265	27202.24213711584	27793.59522705314	28411.230676543215	28756.50571717172	29425.261664082685	30125.863132275128	30580.736433604332	31345.254844444444	32148.979327635327	32736.62012865497	33621.39364564565	34555.32124691358	35312.145003174606	36350.737503267985	37452.27500336701	38430.87669444445	39670.58239426523	40861.482725925925	42270.49937164751	43729.638349206354	45349.25458436214	47149.33726495726	49035.310755555554	51276.895166666676	53506.32539130435	56326.43157575758	59008.642603174616	62598.87251111112	66820.18294736843	70532.41533333331	76030.61636601306	82581.96113888889	88087.42521481481	96886.97403174602	107557.02058119657	120593.148962963	136661.9044848485	156677.9115555556	190505.35787654328	224590.68244444454	280762.2645079367	340611.2084444441	438722.33368888847	545862.1138888884	664583.6444444439	805784.4951111104	1423282.0457777765
981025.0	22871.21892	23102.24133333333	23337.97848979592	23578.576206185568	23824.186375000005	20298.373309941522	20514.313451536647	20734.897467144565	20960.276787439612	21190.6094993895	21426.060716049382	21666.80297128589	19491.528606060605	19715.569164750956	19944.819968992248	20179.464909803923	20419.696634920634	20665.717076305224	20917.738016260162	19534.76076817558	19778.945277777777	20029.311673699012	20286.09772079772	20549.553535353534	20819.942397660816	19936.622684444446	20206.036504504507	20482.831525114158	20767.315296296296	21059.812694835684	20503.95706666667	20801.115864734304	21107.014627450983	21422.044696517412	21746.621131313135	21411.950632478634	21746.51236111111	22091.695097001764	22448.012759856632	22816.012969034608	22646.691881481478	23030.534116760824	23427.612291187736	23838.623033138396	24264.312730158726	24232.16909090909	24680.91296296296	25146.590566037736	25630.178846153845	25716.571416122	26230.90284444444	26766.227392290253	27323.857129629632	27526.846524822697	28125.256231884057	28750.26192592593	29056.940464646468	29732.68326614987	30440.604296296293	30860.640281842818	31632.15628888889	32443.23721937322	32995.005099415204	33886.76199399399	34828.06093827161	35542.61613968255	36587.987202614386	37696.714087542096	38622.65859722223	39868.550810035835	40992.93514074074	42406.48462835249	43921.001936507935	45401.647473251025	47147.86468376069	48977.19495111111	51017.911407407424	53299.25082125604	55938.43109090909	58602.16590476192	61959.07473333335	65220.07866666668	69554.30279012343	74681.38094117645	80782.52988888888	86168.03188148148	94379.38415873016	104339.81818803419	116520.10562962964	131556.1625050505	150328.09493333337	181937.77713580252	214318.5276111112	268782.42895238113	327555.975259259	432525.46399999957	550257.8268888884	692159.4324444438	850495.7804444437	1423282.0457777765
1067978.0	135014.41925333333	136378.20126599327	137769.81556462587	139190.12294158075	140640.02005555556	142120.44131929823	24331.083957446812	24592.70851612903	24860.02056521739	25133.207604395604	25412.465466666665	25697.99878651685	25990.0215	22164.890395913153	22422.621679586566	22686.41722875817	22956.493624338626	23233.07788487283	23516.40810298103	21175.98169547325	21440.681466666665	21712.082497890293	21990.44252991453	22276.032692640692	22569.13838596491	21097.541629629628	21382.64354354354	21675.556468797568	21976.60586419753	22286.135524256653	22604.50888888889	21670.24204830918	21988.922078431377	22317.11494527363	22655.253050505053	23003.795405128207	22426.203041666668	22782.17451851852	23149.62894623656	23529.131060109292	23921.283244444443	23589.43713747646	23996.151570881226	24417.13668615984	24853.156984126985	24705.48205252525	25162.990979423867	25637.764394129976	26130.798324786323	26132.731372549017	26655.386	27199.37346938776	27766.027083333338	27905.215791962175	28511.850917874395	29145.447604938276	29403.67696969697	30087.48341085271	30803.85206349206	31555.165528455283	31962.63451111111	32782.189242165245	33644.878432748534	34196.92571771772	35146.840320987656	36151.03575873016	36876.77040522876	37994.2482962963	38874.73640277778	40128.760157706085	41466.385496296294	42618.106038314174	44140.18125396826	45547.705711934155	47299.540547008546	49033.77927111111	51076.85340740742	53236.08146859904	55655.90335353537	58375.36994708996	61532.274200000014	64770.81494736843	68843.41637037035	73645.73236601305	79348.96724999999	84638.89839999999	92322.8913015873	101639.33678632478	113034.80303703707	127112.84250505052	144711.7787555556	174086.56839506177	204679.99927777788	256675.06565079384	327555.975259259	422228.2462222218	548402.9171111106	713711.7174814808	899506.8091111103	1416610.0128888877
1162638.0	135014.41925333333	136378.20126599327	137769.81556462587	139190.12294158075	140640.02005555556	142120.44131929823	143632.36090780143	145176.79489605734	146754.80353623186	148367.49368498166	150016.02139259258	151701.59466666664	153425.4764242424	155188.98764750955	26594.440604651165	26907.31637647059	27227.641571428572	27555.685445783136	27891.7303902439	28236.072740740736	24104.318305555556	24409.436258790436	24722.37774928775	25043.44759018759	25372.9666374269	25711.27285925926	23179.115099099097	23496.637223744296	23822.979407407405	24158.5143286385	24503.63596190476	22932.110466988728	23269.347385620917	23616.651077943614	23974.479124579124	24343.317264957263	24723.68159722222	23734.074624338627	24116.882279569894	24512.241005464482	24920.778355555554	24326.72872316384	24746.15508045977	25180.29815204678	25629.946333333333	26095.945357575758	25773.64427983539	26259.939454926625	26764.93829059829	27289.741002178645	27176.030257777773	27730.64312018141	28308.364851851857	28356.79361702128	28973.245652173915	29617.09555555556	30290.21136363637	30501.049819121443	31227.265291005286	31988.905907859076	32344.04466666667	33173.37914529914	34046.36280701754	34554.199471471475	35514.038345679015	36528.725155555556	37214.301516339874	38342.007622895624	39181.568555555554	40445.49012186379	41793.67312592592	42896.26085823755	44428.270174603174	45775.002781893	47535.579811965814	49191.522168888885	51241.16892592594	53297.58616425122	55720.203717171724	58306.18446560848	61294.13844444446	64520.14573099417	68369.19355555554	72893.0290980392	77448.84341666666	83465.16334814814	90684.53399999999	99424.65217094017	110109.28151851855	123310.69422222224	139824.1267555556	167031.21659259262	195847.3894444445	244935.4601269843	313579.5004444442	408733.4501333329	540656.8299999995	727816.1518518513	949501.7157777769	1436727.8746666654
1265689.0	135014.41925333333	136378.20126599327	137769.81556462587	139190.12294158075	140640.02005555556	142120.44131929823	143632.36090780143	145176.79489605734	146754.80353623186	148367.49368498166	150016.02139259258	151701.59466666664	153425.4764242424	155188.98764750955	156993.51075968993	158840.4932392157	160731.4514920635	162667.97500401607	164651.73079674796	166684.46821399176	168768.02406666667	28950.910025316454	29322.075538461537	29702.88171428571	30093.709105263155	30494.958560000003	30907.052594594596	26415.691293759515	26782.57589506173	27159.795273865417	27547.792349206353	27947.035716586153	25224.331137254903	25600.813691542287	25988.70480808081	26388.531035897435	26800.85183333333	25116.12098765432	25521.21971326165	25939.600364298723	26371.927037037032	26818.908851224103	25780.115540229883	26232.398269005847	26700.83395238095	27186.30366060606	26579.20360493827	27080.698012578618	27601.480666666666	28142.686169934637	27835.53582222222	28403.607981859415	28995.34981481482	29612.27215130024	29539.1633236715	30195.589175308643	30881.852565656565	30994.63488372093	31732.60238095238	32506.568292682925	32788.62855555556	33629.36262108262	34514.34584795321	34966.53477477477	35937.82740740741	36964.62247619048	37603.099424836604	38742.58728619529	39953.29313888889	40815.68553405017	42176.20838518518	43234.83426819923	44778.93549206349	46073.76166255144	47845.82941880342	49437.00300444444	51496.878129629644	53469.045835748795	55899.45701010102	58373.54675132276	61221.493688888906	64443.67756725148	68104.59827160492	72390.9108235294	76915.34274999998	82612.09964444443	89426.96073015872	97660.26738461538	107710.03985185188	120119.21620202022	135641.76364444447	160790.86528395067	187910.11866666673	233919.99917460338	299454.24325925903	393067.17031111073	527785.3077777773	733677.1025185179	949501.7157777769	1436727.8746666654
1377873.0	135014.41925333333	136378.20126599327	137769.81556462587	139190.12294158075	140640.02005555556	142120.44131929823	143632.36090780143	145176.79489605734	146754.80353623186	148367.49368498166	150016.02139259258	151701.59466666664	153425.4764242424	155188.98764750955	156993.51075968993	158840.4932392157	160731.4514920635	162667.97500401607	164651.73079674796	166684.46821399176	168768.02406666667	170904.32816877635	173095.40929914528	175343.4016277056	177650.5516491228	180019.2256711111	182451.9179099099	31330.43687671233	31765.581833333334	32212.984394366198	32673.169885714287	33146.69408695652	33634.14547058824	28781.275588723052	29217.355521885525	29666.8532991453	30130.397881944446	30608.658165784836	27665.395440860215	28118.9265136612	28587.575288888886	29072.110463276833	27281.30383141762	27759.923196881085	28255.636111111107	28769.374949494948	29302.14115226337	28212.201911949687	28754.744256410257	29318.562771241828	28705.53989333333	29291.367238095245	29901.604055555563	30537.808397163124	30256.017198067635	30928.373135802474	31631.29070707071	32366.902118863047	32352.41697354497	33141.50031436314	33970.03782222222	34173.571794871794	35072.87631578947	36020.791891891895	36431.80950617284	37472.71834920635	38051.817254901965	39204.90262626263	40430.05583333333	41242.109046594975	42616.84601481481	43630.56039846743	45188.7946984127	46437.41458436214	48223.46899145299	49759.66259555556	51832.981870370386	53735.872830917884	56178.41250505052	58561.33591534393	61489.40271111113	64518.13061988306	68023.8818765432	72110.7511111111	76617.67305555554	82043.03226666666	88512.9639047619	96305.9577094017	105798.623	117501.86165656567	132131.13782222226	155360.1408395062	180889.72344444453	223825.5879365081	272906.6657037035	376295.40053333296	510916.81266666617	731203.8894814808	996875.4666666657	1477347.4768888876
1500000.0	135014.41925333333	136378.20126599327	137769.81556462587	139190.12294158075	140640.02005555556	142120.44131929823	143632.36090780143	145176.79489605734	146754.80353623186	148367.49368498166	150016.02139259258	151701.59466666664	153425.4764242424	155188.98764750955	156993.51075968993	158840.4932392157	160731.4514920635	162667.97500401607	164651.73079674796	166684.46821399176	168768.02406666667	170904.32816877635	173095.40929914528	175343.4016277056	177650.5516491228	180019.2256711111	182451.9179099099	184951.25925114157	187520.02674074072	190161.1538779343	192877.7417904762	195673.0713816425	198550.6165490196	34136.147641791045	34653.362	35186.49064615385	35736.2795625	36303.5220952381	31102.34620071685	31612.22072859745	32139.091074074073	32683.821431261767	33247.33559386973	30092.184514619876	30629.544952380948	31186.445769696966	31763.97254320987	29855.011740041926	30429.14658119658	31025.796514161215	31646.31244444444	30515.238802721095	31150.972944444453	31813.759602836886	32505.363072463773	31895.04432592593	32619.931696969703	33378.53475968992	33137.54264550264	33945.775392953925	34794.41977777778	34841.06443304843	35757.9345497076	36724.36521321321	37021.36944444445	38079.122857142866	39199.097058823536	39743.79218855219	40985.78569444444	41734.25118279569	43125.392888888884	44086.39242911877	45660.906444444445	47352.05112757201	48664.85582905982	50611.45006222222	52242.09140740742	54086.58977777779	56545.07113131314	58853.57500529102	61796.253755555575	64725.6870643275	68102.47120987653	72108.49892810456	76526.8671111111	81725.51792592592	87903.24885714285	95321.65343589743	104331.4541851852	115416.67963636364	129252.04782222226	146812.37535802473	174780.1584444445	214754.4213333335	261129.85259259236	359345.0919111108	491333.9628888885	731203.8894814808	1038239.1486666657	1535962.021333332
