years	0.0	0.01	0.02	0.03	0.04	0.05	0.06	0.07	0.08	0.09	0.1	0.11	0.12	0.13	0.14	0.15	0.16	0.17	0.18	0.19	0.2	0.21	0.22	0.23	0.24	0.25	0.26	0.27	0.28	0.29	0.3	0.31	0.32	0.33	0.34	0.35	0.36	0.37	0.38	0.39	0.4	0.41	0.42	0.43	0.44	0.45	0.46	0.47	0.48	0.49	0.5	0.51	0.52	0.53	0.54	0.55	0.56	0.57	0.58	0.59	0.6	0.61	0.62	0.63	0.64	0.65	0.66	0.67	0.68	0.69	0.7	0.71	0.72	0.73	0.74	0.75	0.76	0.77	0.78	0.79	0.8	0.81	0.82	0.83	0.84	0.85	0.86	0.87	0.88	0.89	0.9	0.91	0.92	0.93	0.94	0.95	0.96	0.97	0.98	0.99
10000.0	9437.260872222221	9532.586739618406	9629.85803287982	9729.134919816723	9830.480075231482	9933.958812865496	10039.639225768322	10147.59233572282	10257.89225241546	10370.616343101343	10485.845413580246	10603.663901373284	10724.160082070706	10847.4262899106	10973.55915374677	11102.659849673204	11234.834371693123	11370.193821954486	11508.854722222222	11650.939348422495	11796.576090277777	11945.899838255977	12099.0524002849	12256.182950937951	12417.448516081871	12583.014496296297	12753.055232732733	12927.754619482497	13107.306766975309	13291.916721439751	13481.801246031746	13677.18966988728	13878.324812091507	14085.463988391379	14298.880109427611	14518.86288034188	14745.720112847222	14979.779162257495	15221.38850358423	15470.919462659383	15728.768120370372	15995.35741054614	16271.139434865898	16556.598021442496	16852.25155753968	17158.65613131313	17476.409022633743	17806.15258909853	18148.57860042735	18504.433082788673	18874.521744444442	19259.71606575964	19660.960150462965	20079.278451536644	20515.78450483092	20971.690827160495	21448.320164141416	21947.118307493536	22469.668743386243	23017.709444444445	23593.152180555553	24198.1048005698	24834.897032163743	25506.110465465466	26214.613533950618	26963.60249206349	27756.649624183014	28597.760218855223	29491.440225694445	30442.777007168457	31457.536240740737	32542.278869731796	33704.50311507936	34952.818045267486	36297.1572008547	37749.043488888885	39321.92030092593	41031.56900966184	42896.64032828283	44939.33748677249	47186.30436111112	49669.7940643275	52429.22706790122	55513.299248366	58982.88045138888	62915.072481481475	67409.00623015872	72594.3144017094	78643.84060185186	85793.28065656566	94372.60872222224	104858.4541358025	117965.76090277784	134818.01246031755	157287.68120370357	188745.21744444428	235931.52180555536	314575.36240740714	471863.0436111107	943726.0872222214
10886.0	9437.260872222221	9532.586739618406	9629.85803287982	9729.134919816723	9830.480075231482	9933.958812865496	10039.639225768322	10147.59233572282	10257.89225241546	10370.616343101343	10485.845413580246	10603.663901373284	10724.160082070706	10847.4262899106	10973.55915374677	11102.659849673204	11234.834371693123	11370.193821954486	11508.854722222222	11650.939348422495	11796.576090277777	11945.899838255977	12099.0524002849	12256.182950937951	12417.448516081871	12583.014496296297	12753.055232732733	12927.754619482497	13107.306766975309	13291.916721439751	13481.801246031746	13677.18966988728	13878.324812091507	14085.463988391379	14298.880109427611	14518.86288034188	14745.720112847222	14979.779162257495	15221.38850358423	15470.919462659383	15728.768120370372	15995.35741054614	16271.139434865898	16556.598021442496	16852.25155753968	17158.65613131313	17476.409022633743	17806.15258909853	18148.57860042735	18504.433082788673	18874.521744444442	19259.71606575964	19660.960150462965	20079.278451536644	20515.78450483092	20971.690827160495	21448.320164141416	21947.118307493536	22469.668743386243	23017.709444444445	23593.152180555553	24198.1048005698	24834.897032163743	25506.110465465466	26214.613533950618	26963.60249206349	27756.649624183014	28597.760218855223	29491.440225694445	30442.777007168457	31457.536240740737	32542.278869731796	33704.50311507936	34952.818045267486	36297.1572008547	37749.043488888885	39321.92030092593	41031.56900966184	42896.64032828283	44939.33748677249	47186.30436111112	49669.7940643275	52429.22706790122	55513.299248366	58982.88045138888	62915.072481481475	67409.00623015872	72594.3144017094	78643.84060185186	85793.28065656566	94372.60872222224	104858.4541358025	117965.76090277784	134818.01246031755	157287.68120370357	188745.21744444428	235931.52180555536	314575.36240740714	471863.0436111107	943726.0872222214
11851.0	9437.260872222221	9532.586739618406	9629.85803287982	9729.134919816723	9830.480075231482	9933.958812865496	10039.639225768322	10147.59233572282	10257.89225241546	10370.616343101343	10485.845413580246	10603.663901373284	10724.160082070706	10847.4262899106	10973.55915374677	11102.659849673204	11234.834371693123	11370.193821954486	11508.854722222222	11650.939348422495	11796.576090277777	11945.899838255977	12099.0524002849	12256.182950937951	12417.448516081871	12583.014496296297	12753.055232732733	12927.754619482497	13107.306766975309	13291.916721439751	13481.801246031746	13677.18966988728	13878.324812091507	14085.463988391379	14298.880109427611	14518.86288034188	14745.720112847222	14979.779162257495	15221.38850358423	15470.919462659383	15728.768120370372	15995.35741054614	16271.139434865898	16556.598021442496	16852.25155753968	17158.65613131313	17476.409022633743	17806.15258909853	18148.57860042735	18504.433082788673	18874.521744444442	19259.71606575964	19660.960150462965	20079.278451536644	20515.78450483092	20971.690827160495	21448.320164141416	21947.118307493536	22469.668743386243	23017.709444444445	23593.152180555553	24198.1048005698	24834.897032163743	25506.110465465466	26214.613533950618	26963.60249206349	27756.649624183014	28597.760218855223	29491.440225694445	30442.777007168457	31457.536240740737	32542.278869731796	33704.50311507936	34952.818045267486	36297.1572008547	37749.043488888885	39321.92030092593	41031.56900966184	42896.64032828283	44939.33748677249	47186.30436111112	49669.7940643275	52429.22706790122	55513.299248366	58982.88045138888	62915.072481481475	67409.00623015872	72594.3144017094	78643.84060185186	85793.28065656566	94372.60872222224	104858.4541358025	117965.76090277784	134818.01246031755	157287.68120370357	188745.21744444428	235931.52180555536	314575.36240740714	471863.0436111107	943726.0872222214
12902.0	9437.260872222221	9532.586739618406	9629.85803287982	9729.134919816723	9830.480075231482	9933.958812865496	10039.639225768322	10147.59233572282	10257.89225241546	10370.616343101343	10485.845413580246	10603.663901373284	10724.160082070706	10847.4262899106	10973.55915374677	11102.659849673204	11234.834371693123	11370.193821954486	11508.854722222222	11650.939348422495	11796.576090277777	11945.899838255977	12099.0524002849	12256.182950937951	12417.448516081871	12583.014496296297	12753.055232732733	12927.754619482497	13107.306766975309	13291.916721439751	13481.801246031746	13677.18966988728	13878.324812091507	14085.463988391379	14298.880109427611	14518.86288034188	14745.720112847222	14979.779162257495	15221.38850358423	15470.919462659383	15728.768120370372	15995.35741054614	16271.139434865898	16556.598021442496	16852.25155753968	17158.65613131313	17476.409022633743	17806.15258909853	18148.57860042735	18504.433082788673	18874.521744444442	19259.71606575964	19660.960150462965	20079.278451536644	20515.78450483092	20971.690827160495	21448.320164141416	21947.118307493536	22469.668743386243	23017.709444444445	23593.152180555553	24198.1048005698	24834.897032163743	25506.110465465466	26214.613533950618	26963.60249206349	27756.649624183014	28597.760218855223	29491.440225694445	30442.777007168457	31457.536240740737	32542.278869731796	33704.50311507936	34952.818045267486	36297.1572008547	37749.043488888885	39321.92030092593	41031.56900966184	42896.64032828283	44939.33748677249	47186.30436111112	49669.7940643275	52429.22706790122	55513.299248366	58982.88045138888	62915.072481481475	67409.00623015872	72594.3144017094	78643.84060185186	85793.28065656566	94372.60872222224	104858.4541358025	117965.76090277784	134818.01246031755	157287.68120370357	188745.21744444428	235931.52180555536	314575.36240740714	471863.0436111107	943726.0872222214
14046.0	9437.260872222221	9532.586739618406	9629.85803287982	9729.134919816723	9830.480075231482	9933.958812865496	10039.639225768322	10147.59233572282	10257.89225241546	10370.616343101343	10485.845413580246	10603.663901373284	10724.160082070706	10847.4262899106	10973.55915374677	11102.659849673204	11234.834371693123	11370.193821954486	11508.854722222222	11650.939348422495	11796.576090277777	11945.899838255977	12099.0524002849	12256.182950937951	12417.448516081871	12583.014496296297	12753.055232732733	12927.754619482497	13107.306766975309	13291.916721439751	13481.801246031746	13677.18966988728	13878.324812091507	14085.463988391379	14298.880109427611	14518.86288034188	14745.720112847222	14979.779162257495	15221.38850358423	15470.919462659383	15728.768120370372	15995.35741054614	16271.139434865898	16556.598021442496	16852.25155753968	17158.65613131313	17476.409022633743	17806.15258909853	18148.57860042735	18504.433082788673	18874.521744444442	19259.71606575964	19660.960150462965	20079.278451536644	20515.78450483092	20971.690827160495	21448.320164141416	21947.118307493536	22469.668743386243	23017.709444444445	23593.152180555553	24198.1048005698	24834.897032163743	25506.110465465466	26214.613533950618	26963.60249206349	27756.649624183014	28597.760218855223	29491.440225694445	30442.777007168457	31457.536240740737	32542.278869731796	33704.50311507936	34952.818045267486	36297.1572008547	37749.043488888885	39321.92030092593	41031.56900966184	42896.64032828283	44939.33748677249	47186.30436111112	49669.7940643275	52429.22706790122	55513.299248366	58982.88045138888	62915.072481481475	67409.00623015872	72594.3144017094	78643.84060185186	85793.28065656566	94372.60872222224	104858.4541358025	117965.76090277784	134818.01246031755	157287.68120370357	188745.21744444428	235931.52180555536	314575.36240740714	471863.0436111107	943726.0872222214
15291.0	9437.260872222221	9532.586739618406	9629.85803287982	9729.134919816723	9830.480075231482	9933.958812865496	10039.639225768322	10147.59233572282	10257.89225241546	10370.616343101343	10485.845413580246	10603.663901373284	10724.160082070706	10847.4262899106	10973.55915374677	11102.659849673204	11234.834371693123	11370.193821954486	11508.854722222222	11650.939348422495	11796.576090277777	11945.899838255977	12099.0524002849	12256.182950937951	12417.448516081871	12583.014496296297	12753.055232732733	12927.754619482497	13107.306766975309	13291.916721439751	13481.801246031746	13677.18966988728	13878.324812091507	14085.463988391379	14298.880109427611	14518.86288034188	14745.720112847222	14979.779162257495	15221.38850358423	15470.919462659383	15728.768120370372	15995.35741054614	16271.139434865898	16556.598021442496	16852.25155753968	17158.65613131313	17476.409022633743	17806.15258909853	18148.57860042735	18504.433082788673	18874.521744444442	19259.71606575964	19660.960150462965	20079.278451536644	20515.78450483092	20971.690827160495	21448.320164141416	21947.118307493536	22469.668743386243	23017.709444444445	23593.152180555553	24198.1048005698	24834.897032163743	25506.110465465466	26214.613533950618	26963.60249206349	27756.649624183014	28597.760218855223	29491.440225694445	30442.777007168457	31457.536240740737	32542.278869731796	33704.50311507936	34952.818045267486	36297.1572008547	37749.043488888885	39321.92030092593	41031.56900966184	42896.64032828283	44939.33748677249	47186.30436111112	49669.7940643275	52429.22706790122	55513.299248366	58982.88045138888	62915.072481481475	67409.00623015872	72594.3144017094	78643.84060185186	85793.28065656566	94372.60872222224	104858.4541358025	117965.76090277784	134818.01246031755	157287.68120370357	188745.21744444428	235931.52180555536	314575.36240740714	471863.0436111107	943726.0872222214
16646.0	9437.260872222221	9532.586739618406	9629.85803287982	9729.134919816723	9830.480075231482	9933.958812865496	10039.639225768322	10147.59233572282	10257.89225241546	10370.616343101343	10485.845413580246	10603.663901373284	10724.160082070706	10847.4262899106	10973.55915374677	11102.659849673204	11234.834371693123	11370.193821954486	11508.854722222222	11650.939348422495	11796.576090277777	11945.899838255977	12099.0524002849	12256.182950937951	12417.448516081871	12583.014496296297	12753.055232732733	12927.754619482497	13107.306766975309	13291.916721439751	13481.801246031746	13677.18966988728	13878.324812091507	14085.463988391379	14298.880109427611	14518.86288034188	14745.720112847222	14979.779162257495	15221.38850358423	15470.919462659383	15728.768120370372	15995.35741054614	16271.139434865898	16556.598021442496	16852.25155753968	17158.65613131313	17476.409022633743	17806.15258909853	18148.57860042735	18504.433082788673	18874.521744444442	19259.71606575964	19660.960150462965	20079.278451536644	20515.78450483092	20971.690827160495	21448.320164141416	21947.118307493536	22469.668743386243	23017.709444444445	23593.152180555553	24198.1048005698	24834.897032163743	25506.110465465466	26214.613533950618	26963.60249206349	27756.649624183014	28597.760218855223	29491.440225694445	30442.777007168457	31457.536240740737	32542.278869731796	33704.50311507936	34952.818045267486	36297.1572008547	37749.043488888885	39321.92030092593	41031.56900966184	42896.64032828283	44939.33748677249	47186.30436111112	49669.7940643275	52429.22706790122	55513.299248366	58982.88045138888	62915.072481481475	67409.00623015872	72594.3144017094	78643.84060185186	85793.28065656566	94372.60872222224	104858.4541358025	117965.76090277784	134818.01246031755	157287.68120370357	188745.21744444428	235931.52180555536	314575.36240740714	471863.0436111107	943726.0872222214
18122.0	9437.260872222221	9532.586739618406	9629.85803287982	9729.134919816723	9830.480075231482	9933.958812865496	10039.639225768322	10147.59233572282	10257.89225241546	10370.616343101343	10485.845413580246	10603.663901373284	10724.160082070706	10847.4262899106	10973.55915374677	11102.659849673204	11234.834371693123	11370.193821954486	11508.854722222222	11650.939348422495	11796.576090277777	11945.899838255977	12099.0524002849	12256.182950937951	12417.448516081871	12583.014496296297	12753.055232732733	12927.754619482497	13107.306766975309	13291.916721439751	13481.801246031746	13677.18966988728	13878.324812091507	14085.463988391379	14298.880109427611	14518.86288034188	14745.720112847222	14979.779162257495	15221.38850358423	15470.919462659383	15728.768120370372	15995.35741054614	16271.139434865898	16556.598021442496	16852.25155753968	17158.65613131313	17476.409022633743	17806.15258909853	18148.57860042735	18504.433082788673	18874.521744444442	19259.71606575964	19660.960150462965	20079.278451536644	20515.78450483092	20971.690827160495	21448.320164141416	21947.118307493536	22469.668743386243	23017.709444444445	23593.152180555553	24198.1048005698	24834.897032163743	25506.110465465466	26214.613533950618	26963.60249206349	27756.649624183014	28597.760218855223	29491.440225694445	30442.777007168457	31457.536240740737	32542.278869731796	33704.50311507936	34952.818045267486	36297.1572008547	37749.043488888885	39321.92030092593	41031.56900966184	42896.64032828283	44939.33748677249	47186.30436111112	49669.7940643275	52429.22706790122	55513.299248366	58982.88045138888	62915.072481481475	67409.00623015872	72594.3144017094	78643.84060185186	85793.28065656566	94372.60872222224	104858.4541358025	117965.76090277784	134818.01246031755	157287.68120370357	188745.21744444428	235931.52180555536	314575.36240740714	471863.0436111107	943726.0872222214
19728.0	9437.260872222221	9532.586739618406	9629.85803287982	9729.134919816723	9830.480075231482	9933.958812865496	10039.639225768322	10147.59233572282	10257.89225241546	10370.616343101343	10485.845413580246	10603.663901373284	10724.160082070706	10847.4262899106	10973.55915374677	11102.659849673204	11234.834371693123	11370.193821954486	11508.854722222222	11650.939348422495	11796.576090277777	11945.899838255977	12099.0524002849	12256.182950937951	12417.448516081871	12583.014496296297	12753.055232732733	12927.754619482497	13107.306766975309	13291.916721439751	13481.801246031746	13677.18966988728	13878.324812091507	14085.463988391379	14298.880109427611	14518.86288034188	14745.720112847222	14979.779162257495	15221.38850358423	15470.919462659383	15728.768120370372	15995.35741054614	16271.139434865898	16556.598021442496	16852.25155753968	17158.65613131313	17476.409022633743	17806.15258909853	18148.57860042735	18504.433082788673	18874.521744444442	19259.71606575964	19660.960150462965	20079.278451536644	20515.78450483092	20971.690827160495	21448.320164141416	21947.118307493536	22469.668743386243	23017.709444444445	23593.152180555553	24198.1048005698	24834.897032163743	25506.110465465466	26214.613533950618	26963.60249206349	27756.649624183014	28597.760218855223	29491.440225694445	30442.777007168457	31457.536240740737	32542.278869731796	33704.50311507936	34952.818045267486	36297.1572008547	37749.043488888885	39321.92030092593	41031.56900966184	42896.64032828283	44939.33748677249	47186.30436111112	49669.7940643275	52429.22706790122	55513.299248366	58982.88045138888	62915.072481481475	67409.00623015872	72594.3144017094	78643.84060185186	85793.28065656566	94372.60872222224	104858.4541358025	117965.76090277784	134818.01246031755	157287.68120370357	188745.21744444428	235931.52180555536	314575.36240740714	471863.0436111107	943726.0872222214
21476.0	9437.260872222221	9532.586739618406	9629.85803287982	9729.134919816723	9830.480075231482	9933.958812865496	10039.639225768322	10147.59233572282	10257.89225241546	10370.616343101343	10485.845413580246	10603.663901373284	10724.160082070706	10847.4262899106	10973.55915374677	11102.659849673204	11234.834371693123	11370.193821954486	11508.854722222222	11650.939348422495	11796.576090277777	11945.899838255977	12099.0524002849	12256.182950937951	12417.448516081871	12583.014496296297	12753.055232732733	12927.754619482497	13107.306766975309	13291.916721439751	13481.801246031746	13677.18966988728	13878.324812091507	14085.463988391379	14298.880109427611	14518.86288034188	14745.720112847222	14979.779162257495	15221.38850358423	15470.919462659383	15728.768120370372	15995.35741054614	16271.139434865898	16556.598021442496	16852.25155753968	17158.65613131313	17476.409022633743	17806.15258909853	18148.57860042735	18504.433082788673	18874.521744444442	19259.71606575964	19660.960150462965	20079.278451536644	20515.78450483092	20971.690827160495	21448.320164141416	21947.118307493536	22469.668743386243	23017.709444444445	23593.152180555553	24198.1048005698	24834.897032163743	25506.110465465466	26214.613533950618	26963.60249206349	27756.649624183014	28597.760218855223	29491.440225694445	30442.777007168457	31457.536240740737	32542.278869731796	33704.50311507936	34952.818045267486	36297.1572008547	37749.043488888885	39321.92030092593	41031.56900966184	42896.64032828283	44939.33748677249	47186.30436111112	49669.7940643275	52429.22706790122	55513.299248366	58982.88045138888	62915.072481481475	67409.00623015872	72594.3144017094	78643.84060185186	85793.28065656566	94372.60872222224	104858.4541358025	117965.76090277784	134818.01246031755	157287.68120370357	188745.21744444428	235931.52180555536	314575.36240740714	471863.0436111107	943726.0872222214
23380.0	76693.65084999999	77468.33419191919	78258.82739795919	79065.61943298968	79889.21963541667	80730.15878947369	81588.99026595746	10147.59233572282	10257.89225241546	10370.616343101343	10485.845413580246	10603.663901373284	10724.160082070706	10847.4262899106	10973.55915374677	11102.659849673204	11234.834371693123	11370.193821954486	11508.854722222222	11650.939348422495	11796.576090277777	11945.899838255977	12099.0524002849	12256.182950937951	12417.448516081871	12583.014496296297	12753.055232732733	12927.754619482497	13107.306766975309	13291.916721439751	13481.801246031746	13677.18966988728	13878.324812091507	14085.463988391379	14298.880109427611	14518.86288034188	14745.720112847222	14979.779162257495	15221.38850358423	15470.919462659383	15728.768120370372	15995.35741054614	16271.139434865898	16556.598021442496	16852.25155753968	17158.65613131313	17476.409022633743	17806.15258909853	18148.57860042735	18504.433082788673	18874.521744444442	19259.71606575964	19660.960150462965	20079.278451536644	20515.78450483092	20971.690827160495	21448.320164141416	21947.118307493536	22469.668743386243	23017.709444444445	23593.152180555553	24198.1048005698	24834.897032163743	25506.110465465466	26214.613533950618	26963.60249206349	27756.649624183014	28597.760218855223	29491.440225694445	30442.777007168457	31457.536240740737	32542.278869731796	33704.50311507936	34952.818045267486	36297.1572008547	37749.043488888885	39321.92030092593	41031.56900966184	42896.64032828283	44939.33748677249	47186.30436111112	49669.7940643275	52429.22706790122	55513.299248366	58982.88045138888	62915.072481481475	67409.00623015872	72594.3144017094	78643.84060185186	85793.28065656566	94372.60872222224	104858.4541358025	117965.76090277784	134818.01246031755	157287.68120370357	188745.21744444428	235931.52180555536	314575.36240740714	471863.0436111107	943726.0872222214
25452.0	76693.65084999999	77468.33419191919	78258.82739795919	79065.61943298968	79889.21963541667	80730.15878947369	81588.99026595746	82466.29123655915	83362.66396739132	84278.7371978022	85215.1676111111	86172.64140449438	87151.87596590909	88153.62166666666	89178.66377906976	11102.659849673204	11234.834371693123	11370.193821954486	11508.854722222222	11650.939348422495	11796.576090277777	11945.899838255977	12099.0524002849	12256.182950937951	12417.448516081871	12583.014496296297	12753.055232732733	12927.754619482497	13107.306766975309	13291.916721439751	13481.801246031746	13677.18966988728	13878.324812091507	14085.463988391379	14298.880109427611	14518.86288034188	14745.720112847222	14979.779162257495	15221.38850358423	15470.919462659383	15728.768120370372	15995.35741054614	16271.139434865898	16556.598021442496	16852.25155753968	17158.65613131313	17476.409022633743	17806.15258909853	18148.57860042735	18504.433082788673	18874.521744444442	19259.71606575964	19660.960150462965	20079.278451536644	20515.78450483092	20971.690827160495	21448.320164141416	21947.118307493536	22469.668743386243	23017.709444444445	23593.152180555553	24198.1048005698	24834.897032163743	25506.110465465466	26214.613533950618	26963.60249206349	27756.649624183014	28597.760218855223	29491.440225694445	30442.777007168457	31457.536240740737	32542.278869731796	33704.50311507936	34952.818045267486	36297.1572008547	37749.043488888885	39321.92030092593	41031.56900966184	42896.64032828283	44939.33748677249	47186.30436111112	49669.7940643275	52429.22706790122	55513.299248366	58982.88045138888	62915.072481481475	67409.00623015872	72594.3144017094	78643.84060185186	85793.28065656566	94372.60872222224	104858.4541358025	117965.76090277784	134818.01246031755	157287.68120370357	188745.21744444428	235931.52180555536	314575.36240740714	471863.0436111107	943726.0872222214
27709.0	77228.05236666666	78008.1337037037	78804.13506802722	79616.54883161512	80445.88788194445	80730.15878947369	81588.99026595746	82466.29123655915	83362.66396739132	84278.7371978022	85215.1676111111	86172.64140449438	87151.87596590909	88153.62166666666	89178.66377906976	90227.82452941177	91301.96529761906	92401.98897590363	93528.8425	94683.51956790122	95867.0635625	97080.57069620253	12099.0524002849	12256.182950937951	12417.448516081871	12583.014496296297	12753.055232732733	12927.754619482497	13107.306766975309	13291.916721439751	13481.801246031746	13677.18966988728	13878.324812091507	14085.463988391379	14298.880109427611	14518.86288034188	14745.720112847222	14979.779162257495	15221.38850358423	15470.919462659383	15728.768120370372	15995.35741054614	16271.139434865898	16556.598021442496	16852.25155753968	17158.65613131313	17476.409022633743	17806.15258909853	18148.57860042735	18504.433082788673	18874.521744444442	19259.71606575964	19660.960150462965	20079.278451536644	20515.78450483092	20971.690827160495	21448.320164141416	21947.118307493536	22469.668743386243	23017.709444444445	23593.152180555553	24198.1048005698	24834.897032163743	25506.110465465466	26214.613533950618	26963.60249206349	27756.649624183014	28597.760218855223	29491.440225694445	30442.777007168457	31457.536240740737	32542.278869731796	33704.50311507936	34952.818045267486	36297.1572008547	37749.043488888885	39321.92030092593	41031.56900966184	42896.64032828283	44939.33748677249	47186.30436111112	49669.7940643275	52429.22706790122	55513.299248366	58982.88045138888	62915.072481481475	67409.00623015872	72594.3144017094	78643.84060185186	85793.28065656566	94372.60872222224	104858.4541358025	117965.76090277784	134818.01246031755	157287.68120370357	188745.21744444428	235931.52180555536	314575.36240740714	471863.0436111107	943726.0872222214
30165.0	77228.05236666666	78008.1337037037	78804.13506802722	79616.54883161512	80445.88788194445	81292.68670175438	82157.5025177305	83040.91652329749	83943.53518115943	84865.9916117216	85808.94707407407	86773.09254681648	87759.15041666667	88153.62166666666	89178.66377906976	90227.82452941177	91301.96529761906	92401.98897590363	93528.8425	94683.51956790122	95867.0635625	97080.57069620253	98325.1933974359	99602.14396103896	100912.6984868421	102258.20113333334	103640.0687162162	105059.79568493151	13107.306766975309	13291.916721439751	13481.801246031746	13677.18966988728	13878.324812091507	14085.463988391379	14298.880109427611	14518.86288034188	14745.720112847222	14979.779162257495	15221.38850358423	15470.919462659383	15728.768120370372	15995.35741054614	16271.139434865898	16556.598021442496	16852.25155753968	17158.65613131313	17476.409022633743	17806.15258909853	18148.57860042735	18504.433082788673	18874.521744444442	19259.71606575964	19660.960150462965	20079.278451536644	20515.78450483092	20971.690827160495	21448.320164141416	21947.118307493536	22469.668743386243	23017.709444444445	23593.152180555553	24198.1048005698	24834.897032163743	25506.110465465466	26214.613533950618	26963.60249206349	27756.649624183014	28597.760218855223	29491.440225694445	30442.777007168457	31457.536240740737	32542.278869731796	33704.50311507936	34952.818045267486	36297.1572008547	37749.043488888885	39321.92030092593	41031.56900966184	42896.64032828283	44939.33748677249	47186.30436111112	49669.7940643275	52429.22706790122	55513.299248366	58982.88045138888	62915.072481481475	67409.00623015872	72594.3144017094	78643.84060185186	85793.28065656566	94372.60872222224	104858.4541358025	117965.76090277784	134818.01246031755	157287.68120370357	188745.21744444428	235931.52180555536	314575.36240740714	471863.0436111107	943726.0872222214
32838.0	79003.8049611111	79801.82319304152	80616.12751133787	81447.22160939289	80445.88788194445	81292.68670175438	82157.5025177305	83040.91652329749	83943.53518115943	84865.9916117216	85808.94707407407	86773.09254681648	87759.15041666667	88767.8762835249	89800.06089147287	90856.53219607843	91938.15757936508	93045.84622489961	94180.55166666667	95343.27452674895	95867.0635625	97080.57069620253	98325.1933974359	99602.14396103896	100912.6984868421	102258.20113333334	103640.0687162162	105059.79568493151	106518.9595138889	108019.22654929578	109562.35835714286	111150.21862318841	112784.78066176473	114468.13559701495	14298.880109427611	14518.86288034188	14745.720112847222	14979.779162257495	15221.38850358423	15470.919462659383	15728.768120370372	15995.35741054614	16271.139434865898	16556.598021442496	16852.25155753968	17158.65613131313	17476.409022633743	17806.15258909853	18148.57860042735	18504.433082788673	18874.521744444442	19259.71606575964	19660.960150462965	20079.278451536644	20515.78450483092	20971.690827160495	21448.320164141416	21947.118307493536	22469.668743386243	23017.709444444445	23593.152180555553	24198.1048005698	24834.897032163743	25506.110465465466	26214.613533950618	26963.60249206349	27756.649624183014	28597.760218855223	29491.440225694445	30442.777007168457	31457.536240740737	32542.278869731796	33704.50311507936	34952.818045267486	36297.1572008547	37749.043488888885	39321.92030092593	41031.56900966184	42896.64032828283	44939.33748677249	47186.30436111112	49669.7940643275	52429.22706790122	55513.299248366	58982.88045138888	62915.072481481475	67409.00623015872	72594.3144017094	78643.84060185186	85793.28065656566	94372.60872222224	104858.4541358025	117965.76090277784	134818.01246031755	157287.68120370357	188745.21744444428	235931.52180555536	314575.36240740714	471863.0436111107	943726.0872222214
35749.0	79003.8049611111	79801.82319304152	80616.12751133787	81447.22160939289	82295.63016782407	83161.89995906432	84046.60102245864	84950.32791517324	85873.701044686	86817.36808913309	87782.00551234567	88768.32018102372	87759.15041666667	88767.8762835249	89800.06089147287	90856.53219607843	91938.15757936508	93045.84622489961	94180.55166666667	95343.27452674895	96535.06545833332	97757.02831223629	99010.32354700855	100296.1719047619	101615.85837719298	102970.73648888888	103640.0687162162	105059.79568493151	106518.9595138889	108019.22654929578	109562.35835714286	111150.21862318841	112784.78066176473	114468.13559701495	116202.50128787881	117990.23207692306	119833.829453125	121735.95373015873	123699.43685483873	125727.29647540985	15728.768120370372	15995.35741054614	16271.139434865898	16556.598021442496	16852.25155753968	17158.65613131313	17476.409022633743	17806.15258909853	18148.57860042735	18504.433082788673	18874.521744444442	19259.71606575964	19660.960150462965	20079.278451536644	20515.78450483092	20971.690827160495	21448.320164141416	21947.118307493536	22469.668743386243	23017.709444444445	23593.152180555553	24198.1048005698	24834.897032163743	25506.110465465466	26214.613533950618	26963.60249206349	27756.649624183014	28597.760218855223	29491.440225694445	30442.777007168457	31457.536240740737	32542.278869731796	33704.50311507936	34952.818045267486	36297.1572008547	37749.043488888885	39321.92030092593	41031.56900966184	42896.64032828283	44939.33748677249	47186.30436111112	49669.7940643275	52429.22706790122	55513.299248366	58982.88045138888	62915.072481481475	67409.00623015872	72594.3144017094	78643.84060185186	85793.28065656566	94372.60872222224	104858.4541358025	117965.76090277784	134818.01246031755	157287.68120370357	188745.21744444428	235931.52180555536	314575.36240740714	471863.0436111107	943726.0872222214
38918.0	79295.85638888887	80096.8246352413	80914.1391723356	81748.30555555555	82599.8504050926	83161.89995906432	84046.60102245864	84950.32791517324	85873.701044686	86817.36808913309	87782.00551234567	88768.32018102372	89777.0510921717	90808.97121966793	91864.88948966407	92945.65289542484	94052.14876322751	95185.30718206159	96346.1036111111	95343.27452674895	96535.06545833332	97757.02831223629	99010.32354700855	100296.1719047619	101615.85837719298	102970.73648888888	104362.23292792792	105791.85255707763	107261.1838425926	108771.90474178405	110325.7890952381	111924.71357487924	112784.78066176473	114468.13559701495	116202.50128787881	117990.23207692306	119833.829453125	121735.95373015873	123699.43685483873	125727.29647540985	127822.75141666668	129989.23872881355	132230.4325	134550.2646491228	16852.25155753968	17158.65613131313	17476.409022633743	17806.15258909853	18148.57860042735	18504.433082788673	18874.521744444442	19259.71606575964	19660.960150462965	20079.278451536644	20515.78450483092	20971.690827160495	21448.320164141416	21947.118307493536	22469.668743386243	23017.709444444445	23593.152180555553	24198.1048005698	24834.897032163743	25506.110465465466	26214.613533950618	26963.60249206349	27756.649624183014	28597.760218855223	29491.440225694445	30442.777007168457	31457.536240740737	32542.278869731796	33704.50311507936	34952.818045267486	36297.1572008547	37749.043488888885	39321.92030092593	41031.56900966184	42896.64032828283	44939.33748677249	47186.30436111112	49669.7940643275	52429.22706790122	55513.299248366	58982.88045138888	62915.072481481475	67409.00623015872	72594.3144017094	78643.84060185186	85793.28065656566	94372.60872222224	104858.4541358025	117965.76090277784	134818.01246031755	157287.68120370357	188745.21744444428	235931.52180555536	314575.36240740714	471863.0436111107	943726.0872222214
42367.0	79295.85638888887	80096.8246352413	80914.1391723356	81748.30555555555	82599.8504050926	83469.32251461988	84357.29403073287	85264.36170848268	86191.14824879228	87138.30372405372	88106.50709876542	89096.46785268415	90108.92771464646	90808.97121966793	91864.88948966407	92945.65289542484	94052.14876322751	95185.30718206159	96346.1036111111	97535.56168038407	98754.75620138888	100004.81640646975	101286.92943732193	102602.3441053391	103952.3749488304	105338.40661481481	104362.23292792792	105791.85255707763	107261.1838425926	108771.90474178405	110325.7890952381	111924.71357487924	113570.66524509806	115265.74980099504	117012.20055555557	118812.38825641024	120668.83182291666	122584.21010582011	123699.43685483873	125727.29647540985	127822.75141666668	129989.23872881355	132230.4325	134550.2646491228	136952.94794642855	139443.00154545455	142025.27935185184	144705.00160377356	147487.79009615385	18504.433082788673	18874.521744444442	19259.71606575964	19660.960150462965	20079.278451536644	20515.78450483092	20971.690827160495	21448.320164141416	21947.118307493536	22469.668743386243	23017.709444444445	23593.152180555553	24198.1048005698	24834.897032163743	25506.110465465466	26214.613533950618	26963.60249206349	27756.649624183014	28597.760218855223	29491.440225694445	30442.777007168457	31457.536240740737	32542.278869731796	33704.50311507936	34952.818045267486	36297.1572008547	37749.043488888885	39321.92030092593	41031.56900966184	42896.64032828283	44939.33748677249	47186.30436111112	49669.7940643275	52429.22706790122	55513.299248366	58982.88045138888	62915.072481481475	67409.00623015872	72594.3144017094	78643.84060185186	85793.28065656566	94372.60872222224	104858.4541358025	117965.76090277784	134818.01246031755	157287.68120370357	188745.21744444428	235931.52180555536	314575.36240740714	471863.0436111107	943726.0872222214
46123.0	79490.95147222222	80293.89037598204	81113.21578798187	81949.43450744559	82803.07445023149	83674.68576023392	84564.84199172579	85264.36170848268	86191.14824879228	87138.30372405372	88106.50709876542	89096.46785268415	90108.92771464646	91144.66251596424	92204.4841731266	93289.24281045752	94399.82903439154	95537.1763721553	96702.26388888888	97896.11899862824	98754.75620138888	100004.81640646975	101286.92943732193	102602.3441053391	103952.3749488304	105338.40661481481	106761.89859609609	108224.39035768645	109727.50689043211	111272.96473395932	112862.57851587301	114498.26805958133	113570.66524509806	115265.74980099504	117012.20055555557	118812.38825641024	120668.83182291666	122584.21010582011	124561.37478494625	126603.36453551914	128713.42061111111	130895.00401129943	133151.81442528733	134550.2646491228	136952.94794642855	139443.00154545455	142025.27935185184	144705.00160377356	147487.79009615385	150379.70754901963	153387.30169999998	156517.65479591838	159778.43927083333	20079.278451536644	20515.78450483092	20971.690827160495	21448.320164141416	21947.118307493536	22469.668743386243	23017.709444444445	23593.152180555553	24198.1048005698	24834.897032163743	25506.110465465466	26214.613533950618	26963.60249206349	27756.649624183014	28597.760218855223	29491.440225694445	30442.777007168457	31457.536240740737	32542.278869731796	33704.50311507936	34952.818045267486	36297.1572008547	37749.043488888885	39321.92030092593	41031.56900966184	42896.64032828283	44939.33748677249	47186.30436111112	49669.7940643275	52429.22706790122	55513.299248366	58982.88045138888	62915.072481481475	67409.00623015872	72594.3144017094	78643.84060185186	85793.28065656566	94372.60872222224	104858.4541358025	117965.76090277784	134818.01246031755	157287.68120370357	188745.21744444428	235931.52180555536	314575.36240740714	471863.0436111107	943726.0872222214
50211.0	80320.74773888888	80293.89037598204	81113.21578798187	81949.43450744559	82803.07445023149	83674.68576023392	84564.84199172579	85474.14136798089	86403.20812198069	87352.69392551892	88323.27941358024	89315.67581148565	90330.6266729798	91368.90973818646	92204.4841731266	93289.24281045752	94399.82903439154	95537.1763721553	96702.26388888888	97896.11899862824	99119.8204861111	100374.5017580872	101661.35434472933	102981.63167388167	104336.65314327485	105727.80851851852	106761.89859609609	108224.39035768645	109727.50689043211	111272.96473395932	112862.57851587301	114498.26805958133	116182.06611928107	117916.12680762853	119702.73478956231	121544.31532478631	123443.4452517361	122584.21010582011	124561.37478494625	126603.36453551914	128713.42061111111	130895.00401129943	133151.81442528733	135487.81116959063	137907.2363690476	140414.64066666667	143014.91179012344	145713.30635220124	147487.79009615385	150379.70754901963	153387.30169999998	156517.65479591838	159778.43927083333	163177.98053191492	166725.32793478263	170430.33522222223	174303.7519318182	21947.118307493536	22469.668743386243	23017.709444444445	23593.152180555553	24198.1048005698	24834.897032163743	25506.110465465466	26214.613533950618	26963.60249206349	27756.649624183014	28597.760218855223	29491.440225694445	30442.777007168457	31457.536240740737	32542.278869731796	33704.50311507936	34952.818045267486	36297.1572008547	37749.043488888885	39321.92030092593	41031.56900966184	42896.64032828283	44939.33748677249	47186.30436111112	49669.7940643275	52429.22706790122	55513.299248366	58982.88045138888	62915.072481481475	67409.00623015872	72594.3144017094	78643.84060185186	85793.28065656566	94372.60872222224	104858.4541358025	117965.76090277784	134818.01246031755	157287.68120370357	188745.21744444428	235931.52180555536	314575.36240740714	471863.0436111107	943726.0872222214
54661.0	80320.74773888888	81132.06842312009	81959.9466723356	82804.8945761741	83667.4455613426	84548.15551461988	85447.60397754138	86366.3954181601	87305.16058574879	87352.69392551892	88323.27941358024	89315.67581148565	90330.6266729798	91368.90973818646	92431.33892118862	93518.7664379085	94632.08508597883	95772.23068942438	96940.18472222221	98136.97712620026	99363.68934027776	100374.5017580872	101661.35434472933	102981.63167388167	104336.65314327485	105727.80851851852	107156.56268768768	108624.46080669711	110133.1338734568	111684.30477308296	113279.79484126983	114921.5309983897	116182.06611928107	117916.12680762853	119702.73478956231	121544.31532478631	123443.4452517361	125402.86501763668	127425.49187275987	129514.43436247724	131673.00826851852	133904.75417137475	136213.4568295019	135487.81116959063	137907.2363690476	140414.64066666667	143014.91179012344	145713.30635220124	148515.48532051282	151427.55366013074	154456.1047333333	157608.27013605443	159778.43927083333	163177.98053191492	166725.32793478263	170430.33522222223	174303.7519318182	178357.32755813948	182603.93059523808	187057.685	191734.127125	24198.1048005698	24834.897032163743	25506.110465465466	26214.613533950618	26963.60249206349	27756.649624183014	28597.760218855223	29491.440225694445	30442.777007168457	31457.536240740737	32542.278869731796	33704.50311507936	34952.818045267486	36297.1572008547	37749.043488888885	39321.92030092593	41031.56900966184	42896.64032828283	44939.33748677249	47186.30436111112	49669.7940643275	52429.22706790122	55513.299248366	58982.88045138888	62915.072481481475	67409.00623015872	72594.3144017094	78643.84060185186	85793.28065656566	94372.60872222224	104858.4541358025	117965.76090277784	134818.01246031755	157287.68120370357	188745.21744444428	235931.52180555536	314575.36240740714	471863.0436111107	943726.0872222214
59506.0	79725.67715555555	80530.9870258137	81352.73179138322	82191.41974799542	83047.58037037037	84548.15551461988	85447.60397754138	86366.3954181601	87305.16058574879	88264.55795482294	89245.2752654321	90248.03116729089	91273.5769760101	92322.69855044699	93396.21830103359	94494.99733986928	95619.93778439153	95772.23068942438	96940.18472222221	98136.97712620026	99363.68934027776	100621.45755977496	101911.47624643875	103235.00191197691	104593.35720029239	105987.9352962963	107420.20469219219	108891.7143455099	110133.1338734568	111684.30477308296	113279.79484126983	114921.5309983897	116611.55351307192	118352.02446102821	120145.23695286197	121993.6252136752	123899.77560763888	125866.43871252204	127425.49187275987	129514.43436247724	131673.00826851852	133904.75417137475	136213.4568295019	138603.16659844053	141078.22314484126	143643.28174747474	146303.34252057612	145713.30635220124	148515.48532051282	151427.55366013074	154456.1047333333	157608.27013605443	160891.7757638889	164315.005035461	167887.07036231886	171617.89414814816	174303.7519318182	178357.32755813948	182603.93059523808	187057.685	191734.127125	196650.3867948718	201825.3969736842	207280.1374324324	26214.613533950618	26963.60249206349	27756.649624183014	28597.760218855223	29491.440225694445	30442.777007168457	31457.536240740737	32542.278869731796	33704.50311507936	34952.818045267486	36297.1572008547	37749.043488888885	39321.92030092593	41031.56900966184	42896.64032828283	44939.33748677249	47186.30436111112	49669.7940643275	52429.22706790122	55513.299248366	58982.88045138888	62915.072481481475	67409.00623015872	72594.3144017094	78643.84060185186	85793.28065656566	94372.60872222224	104858.4541358025	117965.76090277784	134818.01246031755	157287.68120370357	188745.21744444428	235931.52180555536	314575.36240740714	471863.0436111107	943726.0872222214
64781.0	77656.07915555555	80530.9870258137	81352.73179138322	82191.41974799542	83047.58037037037	83921.76542690059	84814.55016548464	85726.5345758662	86658.34473429952	87610.63423687423	88584.08572839506	89579.41253433209	90597.3604040404	92322.69855044699	93396.21830103359	94494.99733986928	95619.93778439153	96771.98522757698	97952.13138888888	99161.41696159121	100400.9346736111	101671.83258087201	102975.31761396011	104312.6594011544	104593.35720029239	105987.9352962963	107420.20469219219	108891.7143455099	110404.09926697532	111959.0865805947	113558.5021031746	115204.27749597425	116898.45804738565	118643.2111525705	120145.23695286197	121993.6252136752	123899.77560763888	125866.43871252204	127896.54256272403	129993.20719489983	132159.76064814816	134399.7565913371	136716.99377394633	138603.16659844053	141078.22314484126	143643.28174747474	146303.34252057612	149063.78294549263	151930.3941559829	154909.42149237473	158007.6099222222	161232.25502267573	160891.7757638889	164315.005035461	167887.07036231886	171617.89414814816	175518.30083333337	179600.1217829457	183876.31515873014	188361.10333333333	191734.127125	196650.3867948718	201825.3969736842	207280.1374324324	213037.9190277778	219124.71671428572	225569.56132352946	28597.760218855223	29491.440225694445	30442.777007168457	31457.536240740737	32542.278869731796	33704.50311507936	34952.818045267486	36297.1572008547	37749.043488888885	39321.92030092593	41031.56900966184	42896.64032828283	44939.33748677249	47186.30436111112	49669.7940643275	52429.22706790122	55513.299248366	58982.88045138888	62915.072481481475	67409.00623015872	72594.3144017094	78643.84060185186	85793.28065656566	94372.60872222224	104858.4541358025	117965.76090277784	134818.01246031755	157287.68120370357	188745.21744444428	235931.52180555536	314575.36240740714	471863.0436111107	943726.0872222214
70522.0	77656.07915555555	78440.48399551067	79240.89709750567	80057.8135624284	80891.74912037038	81743.24121637427	82612.85016548465	83501.16038231782	84408.78169082127	87610.63423687423	88584.08572839506	89579.41253433209	90597.3604040404	91638.70937420179	92704.2757622739	93794.9143006536	94911.52042328042	96055.03271753683	97226.43555555555	98426.76192043895	100400.9346736111	101671.83258087201	102975.31761396011	104312.6594011544	105685.19439327484	107094.33031851852	108541.5509984985	110028.42156012177	111556.59408179013	113127.81371674492	113558.5021031746	115204.27749597425	116898.45804738565	118643.2111525705	120440.83556397309	122293.77149572648	124204.61167534722	126176.11344797177	128211.21205197134	129993.20719489983	132159.76064814816	134399.7565913371	136716.99377394633	139115.53752436646	141599.74355158728	144174.28434343435	146844.17849794237	149614.82337526203	151930.3941559829	154909.42149237473	158007.6099222222	161232.25502267573	164591.26033564814	168093.20204491727	171747.402089372	175564.01102469137	175518.30083333337	179600.1217829457	183876.31515873014	188361.10333333333	193070.13091666665	198020.6470940171	203231.71675438597	207280.1374324324	213037.9190277778	219124.71671428572	225569.56132352946	232405.00257575762	239667.65890625003	247398.8737096774	31457.536240740737	32542.278869731796	33704.50311507936	34952.818045267486	36297.1572008547	37749.043488888885	39321.92030092593	41031.56900966184	42896.64032828283	44939.33748677249	47186.30436111112	49669.7940643275	52429.22706790122	55513.299248366	58982.88045138888	62915.072481481475	67409.00623015872	72594.3144017094	78643.84060185186	85793.28065656566	94372.60872222224	104858.4541358025	117965.76090277784	134818.01246031755	157287.68120370357	188745.21744444428	235931.52180555536	314575.36240740714	471863.0436111107	943726.0872222214
76773.0	76068.20496111111	76836.57066778901	77620.61730725624	78420.82985681557	79237.71350115741	80071.79469590643	82612.85016548465	83501.16038231782	84408.78169082127	85336.35072039072	86284.53239506173	87254.02152309613	88245.5444949495	89259.86109833972	90297.76645994833	91360.09312418301	92447.71328042328	96055.03271753683	97226.43555555555	98426.76192043895	99657.09644444444	100918.57867791843	102212.40660968662	103539.84046176047	104902.20678362573	106300.90287407408	108541.5509984985	110028.42156012177	111556.59408179013	113127.81371674492	114743.92534126983	116406.8807809984	118118.74667483661	119881.71304311775	121698.10263468015	123570.38113675211	124204.61167534722	126176.11344797177	128211.21205197134	130313.03520036432	132484.91912037038	134730.42622410547	137053.36460727968	139457.80960038985	141599.74355158728	144174.28434343435	146844.17849794237	149614.82337526203	152492.031517094	155482.07135076253	158591.71277777775	161828.2783446712	164591.26033564814	168093.20204491727	171747.402089372	175564.01102469137	179554.10218434344	183729.7789793281	188104.297526455	188361.10333333333	193070.13091666665	198020.6470940171	203231.71675438597	208724.46585585584	214522.3676851852	220651.5781904762	225569.56132352946	232405.00257575762	239667.65890625003	247398.8737096774	255645.5028333333	264460.865	33704.50311507936	34952.818045267486	36297.1572008547	37749.043488888885	39321.92030092593	41031.56900966184	42896.64032828283	44939.33748677249	47186.30436111112	49669.7940643275	52429.22706790122	55513.299248366	58982.88045138888	62915.072481481475	67409.00623015872	72594.3144017094	78643.84060185186	85793.28065656566	94372.60872222224	104858.4541358025	117965.76090277784	134818.01246031755	157287.68120370357	188745.21744444428	235931.52180555536	314575.36240740714	471863.0436111107	943726.0872222214
83578.0	75148.9952111111	75908.0759708193	76682.64817460318	78420.82985681557	79237.71350115741	80071.79469590643	80923.62229905439	81793.76877538831	82682.83147946862	83591.43402319902	84520.2277345679	85469.8932147316	86441.14200126263	89259.86109833972	90297.76645994833	91360.09312418301	92447.71328042328	93561.54115127177	94702.53555555556	95871.70266117969	97070.09894444444	98298.83437412095	99559.07584045584	103539.84046176047	104902.20678362573	106300.90287407408	107737.40156156156	109213.25637747337	110730.10716049383	112289.68613458531	113893.82450793652	115544.4596457327	117243.64287581702	119881.71304311775	121698.10263468015	123570.38113675211	125501.16834201387	127493.2503791887	129549.59312724015	131673.3569489982	133867.91289814815	134730.42622410547	137053.36460727968	139457.80960038985	141948.12762896824	144529.00267676768	147205.46568930038	149982.92730607965	152867.21436965812	155482.07135076253	158591.71277777775	161828.2783446712	165199.7008101852	168714.58806146574	172382.29649758455	176213.01419753087	179554.10218434344	183729.7789793281	188104.297526455	192692.2072222222	197509.51240277776	202573.85887464386	207904.7498976608	208724.46585585584	214522.3676851852	220651.5781904762	227141.33049019612	234024.40111111113	241337.66364583335	247398.8737096774	255645.5028333333	264460.865	273905.8958928571	284050.5587037037	36297.1572008547	37749.043488888885	39321.92030092593	41031.56900966184	42896.64032828283	44939.33748677249	47186.30436111112	49669.7940643275	52429.22706790122	55513.299248366	58982.88045138888	62915.072481481475	67409.00623015872	72594.3144017094	78643.84060185186	85793.28065656566	94372.60872222224	104858.4541358025	117965.76090277784	134818.01246031755	157287.68120370357	188745.21744444428	235931.52180555536	314575.36240740714	471863.0436111107	943726.0872222214
90986.0	75148.9952111111	75908.0759708193	76682.64817460318	77473.19093928981	78280.20334490741	79104.20548538011	79945.73958628843	80805.37119474314	81683.69044685991	82581.31341880342	83498.88356790123	85469.8932147316	86441.14200126263	87434.71834610472	88451.40111757106	89492.00583660131	90557.38685846562	91648.43971218208	92766.10361111112	93911.36414951988	95085.25620138888	98298.83437412095	99559.07584045584	100852.05085137086	102179.05152046784	103541.43887407408	104940.64750750751	106378.19062404872	107855.66549382717	109374.75937402193	113893.82450793652	115544.4596457327	117243.64287581702	118993.54799336652	120796.48053872056	122654.88793162392	124571.37055555555	126548.69389770723	129549.59312724015	131673.3569489982	133867.91289814815	136136.86057438795	138484.04782567048	140913.59252436645	143429.90667658727	146037.72316161616	147205.46568930038	149982.92730607965	152867.21436965812	155864.6107298475	158981.90294444445	162226.43157596374	165606.14890046298	168714.58806146574	172382.29649758455	176213.01419753087	180217.85542929295	184408.96834625318	188799.65806878306	193404.52777777775	197509.51240277776	202573.85887464386	207904.7498976608	213523.79719219217	219455.01378086422	225725.15703174603	227141.33049019612	234024.40111111113	241337.66364583335	249122.74956989245	257426.84122222217	264460.865	273905.8958928571	284050.5587037037	294975.5801923077	306774.60339999996	319556.87854166667	41031.56900966184	42896.64032828283	44939.33748677249	47186.30436111112	49669.7940643275	52429.22706790122	55513.299248366	58982.88045138888	62915.072481481475	67409.00623015872	72594.3144017094	78643.84060185186	85793.28065656566	94372.60872222224	104858.4541358025	117965.76090277784	134818.01246031755	157287.68120370357	188745.21744444428	235931.52180555536	314575.36240740714	471863.0436111107	943726.0872222214
99051.0	74605.46071666667	75359.05122895623	76128.02113945578	76912.84609965635	77714.02157986112	78532.0639122807	79367.51140070923	80220.92550179212	81683.69044685991	82581.31341880342	83498.88356790123	84437.07327091137	85396.58546717172	86378.15541507024	87382.55257105942	88410.5826013072	89463.08953703704	90540.95808567606	92766.10361111112	93911.36414951988	95085.25620138888	96288.86703938116	97523.3396937322	98789.87657287158	100089.74336988304	101424.27328148148	102794.87156906907	106378.19062404872	107855.66549382717	109374.75937402193	110937.25593650794	112545.04225442836	114200.11640522878	115904.59575456055	117660.72599326602	122654.88793162392	124571.37055555555	126548.69389770723	128589.8018637993	130697.8314025501	132876.1285925926	135128.2663653484	137458.06406130266	140913.59252436645	143429.90667658727	146037.72316161616	148742.1254423868	151548.58063941298	154462.97642094016	157491.66223311546	158981.90294444445	162226.43157596374	165606.14890046298	169129.68398345157	172806.41624396137	176646.5588271605	180661.25334595962	184408.96834625318	188799.65806878306	193404.52777777775	198239.6409722222	203322.70868945867	208673.3062865497	213523.79719219217	219455.01378086422	225725.15703174603	232364.13223856213	239405.46957912462	246886.89050347224	249122.74956989245	257426.84122222217	266303.62885057466	275814.4727380952	286029.8235802469	294975.5801923077	306774.60339999996	319556.87854166667	333450.65586956526	42896.64032828283	44939.33748677249	47186.30436111112	49669.7940643275	52429.22706790122	55513.299248366	58982.88045138888	62915.072481481475	67409.00623015872	72594.3144017094	78643.84060185186	85793.28065656566	94372.60872222224	104858.4541358025	117965.76090277784	134818.01246031755	157287.68120370357	188745.21744444428	235931.52180555536	314575.36240740714	471863.0436111107	943726.0872222214
107830.0	74362.94753888888	75114.08842312009	75880.55871315193	76662.83251431843	77461.4036863426	78276.78688304093	79367.51140070923	80220.92550179212	81092.89208333334	81984.02276556776	82894.95635185184	83826.36035580524	84778.93263257576	85753.40312260536	86750.53571705426	87771.13025490197	89463.08953703704	90540.95808567606	91645.11611111111	92776.53729766802	93936.24401388888	95125.31039381154	96344.86565527065	97596.09767676768	98880.25685672514	101424.27328148148	102794.87156906907	104203.02049467276	105650.28466820989	107138.31684663538	108668.86423015874	110243.77530595814	111865.00729575165	115904.59575456055	117660.72599326602	119470.891008547	121337.62368055555	123263.61770723104	125251.74057347672	127305.04779599274	129426.7985925926	135128.2663653484	137458.06406130266	139869.6090448343	142367.2806349206	144955.77664646466	147640.14288065842	150425.8059538784	154462.97642094016	157491.66223311546	160641.49547777776	163919.8933446712	167334.8911226852	170895.20795508276	172806.41624396137	176646.5588271605	180661.25334595962	184862.67784237722	189264.17017195767	193880.36944444443	198239.6409722222	203322.70868945867	208673.3062865497	214313.12537537536	220266.2677469136	226559.58968253966	232364.13223856213	239405.46957912462	246886.89050347224	254850.98374551968	263346.016537037	266303.62885057466	275814.4727380952	286029.8235802469	297030.97064102563	308912.2094666666	319556.87854166667	333450.65586956526	348607.5038636364	365207.8611904762	47186.30436111112	49669.7940643275	52429.22706790122	55513.299248366	58982.88045138888	62915.072481481475	67409.00623015872	72594.3144017094	78643.84060185186	85793.28065656566	94372.60872222224	104858.4541358025	117965.76090277784	134818.01246031755	157287.68120370357	188745.21744444428	235931.52180555536	314575.36240740714	471863.0436111107	943726.0872222214
117388.0	74409.71327777777	75161.32654320989	75928.27885487529	76711.04461626575	77461.4036863426	78276.78688304093	79109.51865839245	79960.15864396656	80829.2908031401	81717.52476800977	82625.49726543209	83553.873639201	84503.3494760101	85474.65234355045	86750.53571705426	87771.13025490197	88816.02466269842	89886.097248996	90982.26916666667	92105.50705761315	93256.82589583333	94437.29204641351	95648.02655982906	97596.09767676768	98880.25685672514	100198.66028148148	101552.69623123124	102943.8290563166	104373.60445987656	105843.65522691708	107355.70744444444	110243.77530595814	111865.00729575165	113534.63427031512	115254.85600168353	117028.00763247862	118856.5702517361	120743.18247795415	122690.65316308246	127305.04779599274	129426.7985925926	131620.47314500943	133889.79164750956	136238.73536062377	138671.5699206349	141192.8711919192	147640.14288065842	150425.8059538784	153318.60991452992	156324.857167756	159451.3543111111	162705.46358276645	167334.8911226852	170895.20795508276	174610.32117149758	178490.55053086422	182547.15395202022	186792.43660206714	189264.17017195767	193880.36944444443	198727.37868055553	203822.9524928775	209186.71440058478	214840.40938438437	220266.2677469136	226559.58968253966	233223.10702614384	240290.47390572395	247799.55121527778	254850.98374551968	263346.016537037	272426.9136590038	282156.4462896825	292606.68504115223	297030.97064102563	308912.2094666666	321783.5515277778	335774.1407246377	348607.5038636364	365207.8611904762	383468.25425000006	403650.7939473685	52429.22706790122	55513.299248366	58982.88045138888	62915.072481481475	67409.00623015872	72594.3144017094	78643.84060185186	85793.28065656566	94372.60872222224	104858.4541358025	117965.76090277784	134818.01246031755	157287.68120370357	188745.21744444428	235931.52180555536	314575.36240740714	471863.0436111107	943726.0872222214
127792.0	74643.01193333333	75396.98175084175	75928.27885487529	76711.04461626575	77510.11799768519	78326.01397660818	79159.26944444445	80010.4443847073	80880.12312801933	81768.91568986568	82677.45919753086	83606.41941323347	84503.3494760101	85474.65234355045	86468.5436498708	87485.82063398694	88527.31849867725	89593.9126974565	90686.52138888888	91806.10807270232	92953.6844236111	94437.29204641351	95648.02655982906	96890.20872294373	98165.07989035088	99473.94762222223	100818.19015765766	102199.26125570777	103618.69543981482	105843.65522691708	107355.70744444444	108911.5872624799	110513.228251634	112162.67941956884	113862.11395622898	115613.83878632478	117420.30501736111	120743.18247795415	122690.65316308246	124701.97534608381	126780.34160185186	128929.16095103578	131152.0775191571	133452.99115984407	138671.5699206349	141192.8711919192	143807.55399176953	146520.90406708594	149338.61376068377	152266.82187363837	159451.3543111111	162705.46358276645	166095.16074074074	169629.1003309693	173316.68946859904	177168.17145679015	182547.15395202022	186792.43660206714	191239.87556878303	195904.26277777777	200801.8693472222	205950.63522792023	209186.71440058478	214840.40938438437	220808.19853395064	227117.0042063492	233796.9160947713	240290.47390572395	247799.55121527778	255793.085125448	264319.52129629627	272426.9136590038	282156.4462896825	292606.68504115223	303860.7883119658	316015.2198444444	321783.5515277778	335774.1407246377	351036.60166666674	367752.63031746034	383468.25425000006	403650.7939473685	426075.8380555554	55513.299248366	58982.88045138888	62915.072481481475	67409.00623015872	72594.3144017094	78643.84060185186	85793.28065656566	94372.60872222224	104858.4541358025	117965.76090277784	134818.01246031755	157287.68120370357	188745.21744444428	235931.52180555536	314575.36240740714	471863.0436111107	943726.0872222214
139119.0	75125.26577777776	75396.98175084175	76166.338707483	76951.55869415807	77753.13743055557	78571.59150877193	79407.45950354611	80261.30315412188	81133.70862318842	82025.28783882783	82677.45919753086	83606.41941323347	84556.49236111112	85528.40606641123	86522.92241602066	87540.8391503268	88582.9919973545	89650.25696117806	90743.55277777778	91806.10807270232	92953.6844236111	94130.31334036568	95337.11222934473	96575.25654401154	97845.98360380117	99150.59671851851	100490.46964714714	102199.26125570777	103618.69543981482	105078.11368544602	106579.2295952381	108123.85611111113	109713.91281862748	111351.43390547266	113038.57684343436	115613.83878632478	117420.30501736111	119284.11938271605	121208.05679211472	123195.0741165756	125248.32535185186	127371.17832391713	131152.0775191571	133452.99115984407	135836.0802876984	138305.8272020202	140867.04622427982	143524.91502096434	149338.61376068377	152266.82187363837	155312.1583111111	158481.79419501135	161783.49824074077	165225.7003309693	173316.68946859904	177168.17145679015	181194.72080808083	185408.55152454777	189823.04084656082	194452.8711111111	200801.8693472222	205950.63522792023	211370.38878654968	217083.101996997	223113.18816358026	227117.0042063492	233796.9160947713	240881.67112794617	248409.22335069446	255793.085125448	264319.52129629627	273433.98754789267	283199.48710317456	293688.35699588474	303860.7883119658	316015.2198444444	329182.5206712963	343494.804178744	351036.60166666674	367752.63031746034	386140.2618333334	403650.7939473685	426075.8380555554	451139.1226470587	479335.31781249994	62915.072481481475	67409.00623015872	72594.3144017094	78643.84060185186	85793.28065656566	94372.60872222224	104858.4541358025	117965.76090277784	134818.01246031755	157287.68120370357	188745.21744444428	235931.52180555536	314575.36240740714	471863.0436111107	943726.0872222214
151450.0	75125.26577777776	75884.10684624017	76658.43446712018	77448.72760595646	78255.48518518519	79079.22713450291	79920.49550827424	80779.85567502987	81657.89758454106	82025.28783882783	82936.67992592591	83868.5527340824	84821.60446969698	85796.56544061302	86794.19992248062	87815.30815686275	88860.7284920635	89931.33967871488	90743.55277777778	91863.84355281206	93012.14159722222	94189.51047819972	95397.0683048433	96635.99126984127	97907.51747076023	99212.95103703704	100490.46964714714	101867.05142313548	103281.87158179012	104736.54582942098	106232.7821984127	107772.38773752014	109357.27579248368	111351.43390547266	113038.57684343436	114777.63187179486	116571.03236979166	118421.36621693122	120331.3882526882	122304.03396174866	125248.32535185186	127371.17832391713	129567.23312260535	131840.34247563352	134194.63430555555	136634.53674747475	139164.80594650205	143524.91502096434	146285.0095405983	149153.3430610022	152136.40992222223	155241.23461451248	161783.49824074077	165225.7003309693	168817.56338164254	172569.0647901235	176491.08898989903	180595.53291989662	189823.04084656082	194452.8711111111	199314.19288888888	204424.81321937323	209804.41356725147	217083.101996997	223113.18816358026	229487.85068253966	236237.49334967323	243396.2052693603	248409.22335069446	256422.4241039426	264969.8382407407	274106.72921455937	283199.48710317456	293688.35699588474	304984.063034188	317183.4255555555	329182.5206712963	343494.804178744	359108.2043686869	376208.59505291004	386140.2618333334	406463.433508772	429044.7353703702	451139.1226470587	479335.31781249994	511291.0056666666	67409.00623015872	72594.3144017094	78643.84060185186	85793.28065656566	94372.60872222224	104858.4541358025	117965.76090277784	134818.01246031755	157287.68120370357	188745.21744444428	235931.52180555536	314575.36240740714	471863.0436111107	943726.0872222214
164874.0	75937.48921666667	76704.53456228957	77487.23389455782	78286.07135738831	79101.55126736112	79934.1991754386	80784.56299645391	81653.21421146955	81657.89758454106	82555.23711843711	83472.51753086419	84410.41098626716	85369.6202020202	86350.88020434228	87354.96020671834	88382.66562091504	88860.7284920635	89931.33967871488	91028.06333333332	92151.86658436213	93303.76491666667	94484.82523206751	95696.16914529915	96938.97653679653	97907.51747076023	99212.95103703704	100553.6665915916	101931.11407914765	103346.82399691359	104802.41306729265	106299.5903968254	107840.16417069244	109357.27579248368	110989.47393864015	112671.13263468015	114404.53467521367	116192.10552951388	118036.424664903	119940.23796594984	122304.03396174866	124342.43452777779	126449.93341807909	128630.10468390804	130886.7731871345	133224.0369940476	136634.53674747475	139164.80594650205	141790.5570020964	144517.298482906	147350.97100217867	150297.9904222222	155241.23461451248	158475.42700231483	161847.24459810878	165365.66295893723	169040.45546913584	176491.08898989903	180595.53291989662	184895.42656084656	189405.07111111112	194140.19788888888	204424.81321937323	209804.41356725147	215474.80312312313	221460.21432098767	227787.64901587303	236237.49334967323	243396.2052693603	251002.33668402777	259099.18625448024	264969.8382407407	274106.72921455937	283896.2552579365	294410.93137860077	304984.063034188	317183.4255555555	330399.4016203704	344764.5929951691	359108.2043686869	376208.59505291004	395019.02480555564	406463.433508772	429044.7353703702	454282.660980392	479335.31781249994	511291.0056666666	547811.7917857142	72594.3144017094	78643.84060185186	85793.28065656566	94372.60872222224	104858.4541358025	117965.76090277784	134818.01246031755	157287.68120370357	188745.21744444428	235931.52180555536	314575.36240740714	471863.0436111107	943726.0872222214
179488.0	77070.79390555555	77849.28677328845	78643.6672505669	79454.4267067583	80282.0769849537	81127.15147953216	81990.20628250593	81653.21421146955	82540.74914855073	83447.79034798534	84374.98801851852	85323.0215917603	86292.60138257575	87284.47036398467	88299.40606589147	88382.66562091504	89434.84021164021	90512.36840696119	91616.17777777778	92747.2417009602	93906.58222222222	95095.27313642757	96314.4433048433	96938.97653679653	98214.48938596492	99524.01591111111	100868.93504504504	102250.70127853882	103670.84990740742	105131.00272300471	106632.87419047618	107840.16417069244	109426.04893790852	111059.27354892206	112741.98981481483	114476.48196581195	116265.17699652778	118036.424664903	119940.23796594984	121906.4713752277	123938.24589814816	126038.89413370997	128211.97851532565	130461.3114717349	133224.0369940476	135646.29221212122	138158.26058641975	140765.02022012576	143472.03983974358	146285.2170915033	150297.9904222222	153365.29634920636	156560.40668981482	159891.47917257686	163367.38089371982	169040.45546913584	172882.2840025253	176902.8022351421	181114.7737169312	185532.20722222223	194140.19788888888	199118.1516809117	204358.10304093568	209881.29501501503	215711.33098765434	227787.64901587303	234487.28575163404	241592.9610774411	249142.74111111113	259099.18625448024	267735.82579629624	276968.09565134096	286859.81335317454	294410.93137860077	305734.42873931624	317963.8058888889	330399.4016203704	344764.5929951691	360435.7108585859	377599.3161375662	395019.02480555564	415809.4997953217	438910.02756172826	454282.660980392	482675.3272916666	514853.68244444433	547811.7917857142	589951.1603846154	78643.84060185186	85793.28065656566	94372.60872222224	104858.4541358025	117965.76090277784	134818.01246031755	157287.68120370357	188745.21744444428	235931.52180555536	314575.36240740714	471863.0436111107	943726.0872222214
195397.0	78554.2912111111	79347.76890011223	80157.44001133788	80983.8053722795	81827.38667824076	82688.72759064328	81990.20628250593	82871.82140382318	83772.60207125604	84693.18011599511	85634.21545061728	86596.39764669164	87580.4476199495	88587.11943167305	88299.40606589147	89338.22260784314	90401.77287698413	91490.95086345384	92606.69416666667	93749.9866872428	94921.86152083332	96123.40407172996	96314.4433048433	97565.28023088023	98849.03391812865	100167.02103703703	101520.62942942942	102911.32298325723	104340.64691358025	105810.23348982786	106632.87419047618	108178.27816425123	109769.13519607845	111407.48049751246	113095.47262626265	114835.40297435896	116265.17699652778	118110.65599647266	120015.66657706094	121983.1365209472	124016.18879629631	126118.15809792843	128292.60909961684	130461.3114717349	132790.97774801587	135205.35916161616	137709.1621090535	140307.4481865828	143472.03983974358	146285.2170915033	149210.92143333334	152256.04227891157	155428.04315972223	158735.02280141847	163367.38089371982	166997.76713580248	170793.17093434348	174765.10514211882	178926.17907407405	185532.20722222223	190170.51240277776	195046.6793874644	200179.4867397661	209881.29501501503	215711.33098765434	221874.51187301587	228400.23281045756	235321.45198653205	249142.74111111113	257179.60372759853	265752.25718518515	276968.09565134096	286859.81335317454	297484.2508847736	308925.9528418803	317963.8058888889	331212.29780092597	345612.83248792274	360435.7108585859	377599.3161375662	396479.2819444445	415809.4997953217	438910.02756172826	464728.26447712403	482675.3272916666	514853.68244444433	551628.9454761904	589951.1603846154	639113.7570833333	85793.28065656566	94372.60872222224	104858.4541358025	117965.76090277784	134818.01246031755	157287.68120370357	188745.21744444428	235931.52180555536	314575.36240740714	471863.0436111107	943726.0872222214
212716.0	80347.29045555554	81158.87924803591	81987.0310770975	82832.25820160366	83695.09422453704	82688.72759064328	83568.39490543737	84466.97979689368	85385.09914251209	86323.39693528693	87282.54579012345	88263.24855181025	89266.24001262627	88587.11943167305	89617.20221576227	90671.52224183007	91750.94512566138	92856.37819946454	93988.77305555555	95149.12827846364	96338.49238194444	96123.40407172996	97355.75540598291	98620.11586580086	99917.74896929825	101249.98562222223	102618.22867117118	104023.95783105024	105468.73502314815	105810.23348982786	107321.80825396825	108877.19677938809	110478.3320261438	112127.26235489221	113826.16026936029	114835.40297435896	116629.70614583333	118480.97132275133	120391.9547311828	122365.59333333335	124405.0198888889	126513.5795480226	128292.60909961684	130543.3566276803	132874.48799603173	135290.38777777777	137795.7653292181	140307.4481865828	143005.6683440171	145809.7010566449	148725.89507777776	151761.11742630386	154922.8073726852	158735.02280141847	162185.78416666668	165789.9127037037	169557.86526515154	173501.07143410848	178926.17907407405	183290.23222222223	187872.48802777776	192689.7313105413	200179.4867397661	205589.74313813815	211300.56933641978	217337.72846031748	228400.23281045756	235321.45198653205	242675.24736111113	250503.4811469534	265752.25718518515	274916.1281226053	284734.5612698412	295280.28576131683	308925.9528418803	321282.9909555555	334669.7822453704	345612.83248792274	361322.50669191923	378528.34034391533	396479.2819444445	417346.6125730995	440532.535493827	464728.26447712403	493773.78100694437	526692.033074074	551628.9454761904	594061.9412820513	639113.7570833333	697215.0077272728	94372.60872222224	104858.4541358025	117965.76090277784	134818.01246031755	157287.68120370357	188745.21744444428	235931.52180555536	314575.36240740714	471863.0436111107	943726.0872222214
231570.0	82214.49514444443	83044.94459034792	83892.34198412698	84757.21148911797	83695.09422453704	84576.09521637426	85475.84091016548	86394.93597371565	87334.0113647343	88293.72577533577	89274.76717283949	90277.85444444444	91303.73915404039	90292.28874840357	91342.19908268734	92416.81318954249	93517.01334656085	94643.7243507363	95797.9161111111	96980.6064334705	96338.49238194444	97557.96696905766	98808.71013532764	100091.94013708514	101408.9393494152	102761.05854074073	104149.72149399399	105576.43000761035	105468.73502314815	106954.21016431926	108482.12745238096	110054.33219806764	111672.77825980395	113339.53614427862	113826.16026936029	115577.33196581196	117383.22777777776	119246.45361552028	121169.78351254482	123156.17340619309	125208.7762962963	126513.5795480226	128694.84816091953	130952.65251461988	133291.09273809523	135714.56715151516	137795.7653292181	140395.68542976936	143095.60245726496	145901.398583878	148819.42655555555	151856.55770975057	154922.8073726852	158219.0373167849	161658.5816062802	165250.9945308642	169006.69895202023	173501.07143410848	177632.0493253968	181964.53833333333	186513.65179166666	192689.7313105413	197760.5137134503	203105.39246246248	208747.20891975312	217337.72846031748	223730.0145915033	230509.71200336705	237713.14050347224	250503.4811469534	258853.59718518515	267779.5832950191	277343.1398412698	295280.28576131683	306637.21982905985	318902.7086222222	334669.7822453704	349220.64234299515	365094.30790404044	378528.34034391533	397454.7573611112	418373.4288011697	440532.535493827	466446.21405228745	493773.78100694437	526692.033074074	564312.892579365	594061.9412820513	643567.1030555556	697215.0077272728	766936.5085000001	104858.4541358025	117965.76090277784	134818.01246031755	157287.68120370357	188745.21744444428	235931.52180555536	314575.36240740714	471863.0436111107	943726.0872222214
252095.0	83783.98106666666	84630.2839057239	85493.85823129251	84757.21148911797	85640.09910879629	86541.5738362573	87462.22887706856	88402.68295101554	89363.58167874395	90345.59905982905	91349.4390493827	92375.83724094881	91303.73915404039	92353.20742017879	93427.08192506459	94526.22406535948	95651.53625661375	96803.9644042838	97984.50055555554	99194.18574759943	98192.86401388889	99435.81165963432	100710.62975783476	102018.56001443001	103360.9094883041	104739.05494814816	106154.44758258258	105576.43000761035	107042.76931327161	108550.41395148671	110101.13415079364	111696.80276167473	113339.4028022876	115031.03567993367	115056.80184343437	116826.90648717948	118652.32690104167	120535.69716931217	122479.82131720432	124487.68724043718	125208.7762962963	127330.95894538605	129526.32030651339	131798.7118908382	134152.2603174603	135714.56715151516	138227.7998765432	140835.871572327	143544.2537179487	146358.84692810458	149286.02386666666	151856.55770975057	155020.23599537037	158318.5388888889	161760.24625603866	165354.91839506174	169006.69895202023	172937.08729974157	177054.63699735448	181373.04277777777	186513.65179166666	191296.0531196581	196330.15978070177	201636.38031531533	208747.20891975312	214711.4148888889	221026.456503268	227724.22791245795	237713.14050347224	245381.30632616486	253560.68320370367	262304.1550383142	277343.1398412698	287615.10798353906	298677.22752136755	318902.7086222222	332190.3214814815	346633.3789371981	365094.30790404044	382479.7511375661	401603.73869444453	418373.4288011697	441616.3970679011	466446.21405228745	495599.10243055545	528639.0425925925	564312.892579365	607721.5766239316	643567.1030555556	702073.2033333335	766936.5085000001	852151.6761111114	117965.76090277784	134818.01246031755	157287.68120370357	188745.21744444428	235931.52180555536	314575.36240740714	471863.0436111107	943726.0872222214
274439.0	84731.11978888889	85586.98968574636	86460.32631519275	86375.23821305842	87274.98027777778	88193.66428070175	89131.89475177306	90090.30222222222	91069.54463768116	92070.30886446885	93093.31229629628	92375.83724094881	93425.56266414141	94499.41970625798	95598.25016795864	96722.93546405228	97874.39898148148	99053.6086077644	100261.57944444443	99194.18574759943	100434.11306944443	101705.43095639943	103009.34673789173	104347.13046176046	105720.11902046783	107129.7206074074	106154.44758258258	107608.61809741249	109103.18223765433	110639.84677621286	112220.41601587302	113846.79885668278	115521.01648692813	115031.03567993367	116773.93015993267	118570.45216239315	120423.11547743055	122334.59350088183	124307.73210573477	124487.68724043718	126562.48202777779	128707.6088418079	130926.70554597699	133223.66529239767	135602.6593154762	136591.3923232323	139120.8625514403	141745.78448637313	144471.66495726496	147304.44270152505	149286.02386666666	152332.677414966	155506.27486111113	158814.91900709222	162267.41724637683	165354.91839506174	169112.98472222226	173045.8448320413	177165.98399470898	181373.04277777777	185907.3688472222	190674.22445868945	195691.96720760234	201636.38031531533	207237.39087962965	213158.4591904762	219427.82563725495	227724.22791245795	234840.61003472225	242416.11358422937	250496.65070370366	262304.1550383142	271672.1605753968	281734.09244855965	298677.22752136755	310624.3166222222	323566.99648148153	346633.3789371981	362389.44161616167	379646.0816931217	401603.73869444453	422740.7775730995	441616.3970679011	467593.83218954236	496818.4467013888	528639.0425925925	566398.9742063491	607721.5766239316	658365.0413425926	702073.2033333335	772280.5236666668	852151.6761111114	958670.6356250005	134818.01246031755	157287.68120370357	188745.21744444428	235931.52180555536	314575.36240740714	471863.0436111107	943726.0872222214
298764.0	84894.33099444445	85751.84948933784	86460.32631519275	87351.66988545247	88261.58311342594	89190.65240935673	90139.48913711586	91108.73095579453	92099.04324879228	93111.12064713065	94145.68865432098	94139.30456928839	95209.06939393938	96303.42651340996	97423.2337984496	98569.38949019607	99742.8346031746	100944.55550200804	102175.58666666666	101499.37672153633	102768.11893055555	104068.98119549929	105403.19890313389	106772.0716161616	108176.96729532162	109619.32685925925	108577.41953453452	110064.78144596651	111593.45896604938	113165.19782472614	114781.8435079365	116445.3484863124	115521.01648692813	117245.21076285242	119021.65335016837	120852.7557094017	122741.0800173611	124689.3511287478	124307.73210573477	126345.56377959928	128451.32317592594	130628.46424670432	132880.67914750957	135211.9191325536	135602.6593154762	138068.1622121212	140624.9800308642	143278.28154088047	146033.63310897435	147304.44270152505	150250.53155555553	153316.86893424037	156510.97037037037	159840.99101654848	162267.41724637683	165873.35985185186	169643.20893939395	173588.3998449612	177721.45698412697	181487.10555555555	186024.28319444443	190794.1366096866	195815.03494152045	200980.93929429428	206563.74316358025	212465.5643968254	219427.82563725495	226077.15368686873	233142.06473958335	240662.77650537633	250496.65070370366	259134.4662452107	268389.2686111111	281734.09244855965	292570.0190811966	304272.81984444446	323566.99648148153	337635.1267632851	352982.17797979806	379646.0816931217	398628.3857777779	422740.7775730995	446226.37632716034	472474.9866993462	496818.4467013888	529939.6764814814	566398.9742063491	609968.126068376	658365.0413425926	718216.4087373738	772280.5236666668	858089.470740741	958670.6356250005	134818.01246031755	157287.68120370357	188745.21744444428	235931.52180555536	314575.36240740714	471863.0436111107	943726.0872222214
325245.0	84308.80111111111	85160.4051627385	86626.86836167802	87519.92886025201	88431.59478587964	89362.45367836258	90313.11807919624	91284.22687574672	92276.4467330918	93290.47362026862	94145.68865432098	95203.50538077405	96285.36339646466	97392.09171136655	98524.55789405685	99683.67033986929	100870.38070105821	102085.68649263724	102175.58666666666	103437.01366255141	104729.97633333332	106055.6722362869	107415.36034188034	108810.36502164502	110242.08035087718	109619.32685925925	111100.6691141141	112622.59608828006	114186.7988117284	115795.06358372458	117449.27877777777	119151.44223832528	118157.78008169935	119921.32903814263	121738.31887205389	123611.21608547006	125542.64133680554	127535.381675485	126700.46969534052	128777.52657559201	130923.8186851852	133142.86645951035	135438.43312260535	135211.9191325536	137626.41768849205	140128.7161919192	142723.69241769545	145416.5922746331	148213.06520299145	148897.03767973857	151874.97843333334	154974.46778911565	158203.10253472225	159840.99101654848	163315.79516908212	166945.0350617284	170739.24040404044	174709.92041343666	177721.45698412697	182056.12666666665	186607.52983333333	191392.3382905983	195815.03494152045	201107.3331831832	206693.64799382718	212599.1807936508	218714.55158496735	225342.2652693603	232384.2110590278	240662.77650537633	248684.86905555552	257260.20936781607	268389.2686111111	278329.6118930041	289034.596965812	304272.81984444446	316950.85400462965	330731.32591787446	352982.17797979806	369790.85312169313	388280.3957777779	419608.82713450305	442920.42864197516	472474.9866993462	502004.67336805543	529939.6764814814	567792.510515873	609968.126068376	660798.8032407408	718216.4087373738	790038.0496111113	858089.470740741	958670.6356250005	1095623.5835714294	157287.68120370357	188745.21744444428	235931.52180555536	314575.36240740714	471863.0436111107	943726.0872222214
354073.0	83145.2026611111	83985.05319304153	86029.38888888889	86916.28980526919	87821.66782407409	88746.10643274854	89690.21394799056	90654.62485065713	91640.00120772948	92647.03418803419	94327.0344382716	95386.88875780275	96470.83067550506	97579.690798212	98714.33836563307	99875.68352287583	101064.67975529101	102282.32649933068	103330.63388888889	104606.32072702331	105913.89973611111	107254.58201125177	108629.64075498577	110040.41531024531	111488.31551169591	111711.97475555555	113221.59603603602	114772.57680365296	116366.64037037037	118005.60713615024	119691.40152380952	119151.44223832528	120903.66933006537	122708.20170812604	124567.41688552189	126483.83868376065	128460.14866319443	127535.381675485	129592.40396057349	131716.86959927142	133912.15075925927	136181.84822975515	138529.81113026818	137814.54598440547	140275.52001984126	142825.984020202	145470.90965020575	148215.64379454925	148213.06520299145	151119.20373638344	154141.5878111111	157287.3345011338	160564.1539699074	161569.12599290782	165081.49829710147	168749.97603703706	172585.20276515154	174709.92041343666	178869.6804232804	183232.35555555555	187813.16444444444	191392.3382905983	196428.97877192983	201737.8700900901	207341.69981481484	212599.1807936508	218852.09787581704	225483.97962962967	232530.35399305559	239880.47593189962	247876.49179629626	256423.9570306513	266448.0739880952	276316.5211728395	286944.07967948716	300595.9808444444	313120.81337962963	330731.32591787446	345764.5680050506	362229.54743386246	388280.3957777779	408716.20608187147	442920.42864197516	468974.57150326786	502004.67336805543	535471.6515925925	567792.510515873	611468.8574786325	660798.8032407408	720871.4217171718	790038.0496111113	877820.055123457	965350.6545833339	1095623.5835714294	157287.68120370357	188745.21744444428	235931.52180555536	314575.36240740714	471863.0436111107	943726.0872222214
385457.0	81644.1733	82468.86191919191	84842.04353174605	85716.70377434135	86609.5861053241	87521.26595906433	88452.3432565012	89403.44372162486	90375.22028381644	91368.35457264958	93676.44567901234	94728.9900124844	95805.4558080808	96906.66794380588	98033.48966408269	99186.82483660131	100367.62037037038	101576.86880856763	103529.67194444445	104807.816042524	106117.91374305556	107461.17847398031	108838.8858903134	110252.37791486293	111703.06709795322	112974.8263851852	114501.51322822823	116070.02710806699	117682.11081790125	119339.60533646325	121044.45684126986	121426.05951690822	123211.7368627451	125050.71800995026	126945.42585858586	128898.43241025638	130912.47041666665	130499.1986419753	132604.0244265233	134777.86089253187	137024.15857407407	139346.60193973634	141749.12955938693	140960.1586939571	143477.3043849206	146085.98264646463	148791.27862139913	151598.66123689726	151065.94463675213	154028.02198257082	157108.5824222222	160314.88002267576	160564.1539699074	163980.41256501185	167545.20414251208	171268.4309012346	175160.89523989902	176598.8121317829	180803.54575396824	185213.38833333334	189843.72304166664	192628.8866096866	197698.0678362573	203041.25885885884	208681.2938271605	213265.74838095237	219538.2703921569	226190.9452525253	232530.35399305559	240031.33315412185	248032.37759259256	256423.9570306513	265581.95549603173	275418.324218107	286944.07967948716	298421.8428666667	310856.08631944447	326734.76178743964	341586.34186868696	362229.54743386246	380341.02480555564	400358.9734795323	431422.66197530855	456800.46562091494	498285.48222222214	531504.5143703703	573719.6267063491	617851.9056837606	662424.5956018519	720871.4217171718	792958.563888889	877820.055123457	965350.6545833339	1103257.8909523818	1278227.5141666657	188745.21744444428	235931.52180555536	314575.36240740714	471863.0436111107	943726.0872222214
419622.0	80039.17477222222	80847.65128507296	83310.38091836734	84169.25082474227	85046.01385416667	85941.23505263157	86855.5035106383	87789.43365591399	88743.66663043479	89718.87175824174	92383.55851234568	93421.57602372036	94483.18484217173	95569.19846104726	96680.46821059432	97817.88548366015	98982.38412037038	101576.86880856763	102815.61111111111	104084.93964334704	105386.00138888888	106720.00140646976	108088.20655270656	109491.9494949495	111703.06709795322	113192.44132592593	114722.06891141142	116293.60410197871	117908.79304783953	119569.48027386544	121277.61570634921	122798.72433172305	124604.58792483664	126464.35789386404	128380.48452861956	130355.5689059829	132392.3746701389	132990.44613756612	135135.45333333334	137350.7886338798	139639.96844444444	142006.74757062146	141749.12955938693	144235.95639376217	146811.5984722222	149480.90026262624	152249.0650823045	151598.66123689726	154514.0201068376	157543.70677559913	160694.5809111111	163974.062154195	163654.7733564815	167136.78981087473	170770.19828502418	174565.09158024692	175160.89523989902	179234.4044315245	183501.89025132274	187977.5461111111	189843.72304166664	194711.51081196583	199835.4979385965	205236.45734234236	208681.2938271605	214643.6165079365	220956.6640522876	226190.9452525253	233259.4122916667	240783.90946236555	248810.03977777774	256585.21819923367	265748.97599206347	275591.5306584362	286011.3366880342	297451.7901555555	310856.08631944447	324371.56833333336	339115.7305303031	357852.35814814817	375744.9760555556	400358.9734795323	422601.1386728394	456800.46562091494	485350.49472222215	531504.5143703703	569469.1225396824	617851.9056837606	669339.5644907408	722645.0133838385	792958.563888889	881065.0709876546	987547.5620138893	1103257.8909523818	1278227.5141666657	188745.21744444428	235931.52180555536	314575.36240740714	471863.0436111107	943726.0872222214
456815.0	78515.80223333334	80847.65128507296	81672.62731859411	82514.6131672394	83374.14038773149	84251.76291812866	85148.05826832153	86063.62878733574	86999.10301328503	87955.13711233212	90715.7481111111	91735.02617977528	92777.4696590909	93843.87735632183	94935.08523255814	96051.9685882353	97195.4444047619	100174.94296519413	101396.58861111112	102648.39834705075	103931.50332638889	105247.09197609003	106596.41366809118	107980.78267676769	110932.63304093567	112411.73481481482	113930.81231231231	115491.50837138509	117095.55709876545	118744.79029733961	121277.61570634921	123035.26231078907	124844.6044035948	126707.95670812606	128627.77423400676	130606.66306837606	132392.3746701389	134493.84093474428	136663.09643369177	138903.4750637523	141218.5329814815	143612.06743879474	144455.1397701149	146989.44046783625	149614.25190476188	152334.51103030302	155155.52049382712	155121.68895178195	158104.79835470085	161204.89244008713	164428.99028888886	167784.68396825396	167390.18844907408	170951.68182033097	174668.0227294686	178549.534345679	178532.48002525256	182684.39816537465	187034.02669312168	191595.8322222222	192676.98476388888	197617.42027065528	202817.8786988304	208299.44298798798	210937.4700462963	216964.2549047619	223345.5565196079	227652.32053872058	234766.45555555556	242339.56702508958	248810.03977777774	257389.69632183906	266582.18547619047	275591.5306584362	286191.2049145299	297638.8531111111	309845.6147453704	323317.1632125604	339115.7305303031	355264.09865079366	373027.30358333344	395521.0274269007	417494.41783950606	447460.02918300644	475426.28100694437	517707.1943703703	569469.1225396824	613274.4396581197	669339.5644907408	730188.6158080809	794909.5147222223	881065.0709876546	987547.5620138893	1128625.7851587308	1287134.20611111	1533873.0169999986	235931.52180555536	314575.36240740714	471863.0436111107	943726.0872222214
497305.0	77184.62994999999	79308.89114478116	80118.16554421769	80944.1260137457	81787.29399305556	82648.21287719299	83527.44918439718	84425.59379928316	85343.26329710145	86281.10135531136	88932.41641358024	89931.6570474407	90953.60769570708	91999.0514623244	93068.807874677	94163.7350261438	95284.73187169313	98366.4738554217	99566.06499999999	100795.27567901232	102055.21662499999	103347.05481012657	104672.01705128205	106031.3938961039	109401.58244883042	110860.27021481482	112358.38197447448	113897.53789193304	115479.44814043211	117105.9192410016	120441.14444444445	122186.66827697265	123983.53104575166	125834.03150912108	127740.60774410777	129705.84786324785	132647.39217881946	134752.906340388	136926.3403136201	139171.03441712208	141490.55165740743	143888.6966007533	146088.1375670498	148651.0873489279	151305.5710515873	154056.58143434345	156909.48109053497	158082.98314465405	161123.0405128205	164282.31581699348	167567.96213333332	167784.68396825396	171280.19821759258	174924.4577541371	178727.1633574879	182698.87809876542	182607.4783080808	186854.16385012915	191303.07251322747	195969.00111111108	196385.72802777778	201421.25951566952	206721.8189766082	208299.44298798798	214085.53862654322	220202.2683015873	226678.8056045752	230113.60368686874	237304.65380208337	244959.64263440858	250417.55259259255	259052.64061302677	268304.5206349206	276455.5997530864	287088.5074358974	297638.8531111111	310040.47199074074	323520.4925120773	338013.39790404047	354109.273994709	373027.30358333344	392660.3195614036	417494.41783950606	442052.91300653585	475426.28100694437	507121.36640740733	554686.2796825396	597354.4550427351	664380.642962963	730188.6158080809	794909.5147222223	883232.7941358028	991198.2048611116	1128625.7851587308	1287134.20611111	1533873.0169999986	235931.52180555536	314575.36240740714	471863.0436111107	943726.0872222214
541383.0	76098.58026666667	77964.27267676768	78759.82647959184	79571.78345360824	80400.65619791667	81246.97889473684	82111.30845744681	82994.22575268817	83896.33690217392	84818.27467032966	87239.78025925925	88220.0025093633	89222.50253787878	90248.0485440613	91297.44445736434	92371.5320392157	93471.19313492064	96432.74068942438	97608.74972222222	98813.79601508916	100048.96846527778	101315.41110407877	102614.32663105414	103946.98022366523	107426.54381578947	108858.89773333333	110329.96391891892	111841.33328767124	113394.68513888889	114991.7933802817	118778.86094444446	120500.29371175526	122272.3568545752	124097.31740464347	125977.57978956233	127915.6964017094	131732.50173611112	133823.4938271605	135981.9372759857	138211.14936247724	140514.66851851853	143888.6966007533	146369.536197318	148937.42279727096	151597.0196329365	154353.3290808081	156909.48109053497	159870.03733752618	162944.46113247864	166139.45056644882	169462.23957777777	170987.71646258503	174549.96055555556	178263.7895035461	182139.08927536232	182698.87809876542	186851.12532828285	191196.50033591726	195748.7979629629	195969.00111111108	200868.22613888886	206018.69347578345	211440.23804093566	212308.89516516516	218206.36447530866	224440.83203174605	226678.8056045752	233547.86031986534	240846.23095486112	244959.64263440858	253124.96405555552	261853.41109195398	268304.5206349206	278241.7251028806	288943.3299145299	298572.0477333333	311012.54972222226	323520.4925120773	338225.9694444445	354331.967989418	371814.73769444454	391383.93441520474	414474.7817592591	438855.65127450967	469681.2200694444	507121.36640740733	543344.3211507936	597354.4550427351	647133.9929629631	724778.8832323233	803207.4773888891	883232.7941358028	993636.8934027783	1132797.9484126992	1316730.0826851842	1544561.0473333318	235931.52180555536	314575.36240740714	471863.0436111107	943726.0872222214
589369.0	75258.22399444443	76018.4080751964	77651.61251700681	78452.144604811	79269.35444444446	80103.76870175438	80955.93645390072	81826.43039426525	82715.84811594203	83624.81347985347	85760.69994444444	86724.30331460673	87709.80676136364	88717.9654597701	89749.56970930232	90805.447	91886.46422619048	94597.35208835344	95750.97833333333	96933.08917695472	98144.75279166666	99387.09143459916	100661.28491452991	101968.57432900433	105314.70364766082	106718.8996962963	108161.04698948949	109642.7051674277	111165.52051697532	112731.23207355244	116634.53328571428	118324.88884057972	120064.96073529414	121856.97507462688	123703.29287878789	125606.42046153844	129914.37915798611	131976.51216049385	134105.1655824373	136303.6109198543	138575.33776851854	142896.27306967985	145360.0019157088	147910.17738791424	150551.43055555553	153288.7292929293	157211.724063786	160177.98300838572	163258.3288354701	166459.47253812637	169788.6619888889	172920.6526303855	176523.16622685187	180278.97827423172	184198.08649758456	186186.6245925926	190418.1387878788	194846.46759689917	199485.66920634918	200523.15888888887	205536.2378611111	210806.39780626778	216353.93459064324	217154.83906906904	223186.91793209876	229563.687015873	231042.03297385626	238043.30670033675	245482.16003472224	248615.46421146952	256902.6463518518	265761.35829501913	271205.3186309524	281249.9600617284	292067.2662179487	300501.06311111106	313021.94074074074	324534.83449275367	339286.4178787879	354331.967989418	372048.566388889	391383.93441520474	413127.4863271604	438855.65127450967	466284.1294791666	500993.3014074073	536778.5372222222	585140.0381623931	647133.9929629631	705964.3559595961	797256.7715555558	892452.7526543213	993636.8934027783	1132797.9484126992	1316730.0826851842	1544561.0473333318	1917341.2712499984	314575.36240740714	471863.0436111107	943726.0872222214
641607.0	74641.5033611111	75395.45794051628	76794.10611678005	77585.79793241694	78393.9833275463	79219.18315204678	80061.94041962175	80922.82149940263	81802.4173852657	82701.34504884004	84553.97807407407	85504.02277153559	86475.6593939394	87469.63249042146	88486.72124031007	89527.74149019609	90593.54793650795	92993.53006024097	94127.59749999999	95289.66660493825	96480.78743749998	97702.06322784809	98954.65378205127	100239.77915584415	103310.26609649122	104687.73631111112	106102.43545045044	107555.89347031964	109049.72532407408	110585.63694835683	114341.67824603175	115998.80401771338	117704.66878267977	119461.45488391379	121271.47692760944	123137.19195726495	127569.02078124999	129593.92587301586	131684.15048387097	133842.90704918033	136073.62216666667	140924.07230696798	143353.7976915709	145868.77659844054	148473.57618055557	151173.09574747476	156127.40946502055	159073.20964360586	162132.30982905984	165311.37472766885	168617.60222222222	173253.73672335604	176863.18957175929	180626.23615839248	184552.8934661836	188291.377308642	192570.72679292934	197049.11578811368	201740.7614021164	204351.1733333333	209459.95266666665	214830.72068376068	216353.93459064324	222201.3382282282	228373.5976234568	234898.55755555554	236315.5601633987	243476.63774410778	251085.2826736111	253400.939390681	261847.63737037036	270876.8662452107	275252.8353769841	285447.3848353909	292067.2662179487	303749.9568666667	316406.2050694445	326631.59033816424	341478.4808080809	355442.913968254	373215.0596666667	391630.069883041	413387.2959876542	437429.10316993453	464768.42211805546	497369.73811111104	536778.5372222222	578069.193931624	633901.7080092593	705964.3559595961	797256.7715555558	885840.8572839509	1004009.3467361116	1135585.0210317469	1321597.6064814804	1580076.0992222207	1917341.2712499984	314575.36240740714	471863.0436111107	943726.0872222214
698476.0	74212.33494999999	74961.95449494949	76164.79934807257	76950.003465063	77751.56600115741	78570.00353801169	79405.85463947992	80259.68103345281	81132.06887077296	82023.63006715506	83620.24888271604	84559.80224094882	85520.70908459596	86503.70574074074	87509.56278423771	88539.08705228758	89593.12380291005	91685.03646586348	92803.14666666667	93948.86452674896	95123.22533333334	96327.31679324895	97562.2823931624	98829.32502164503	101558.72361842105	102912.83993333332	104303.55398648648	105732.36979452055	107200.87493055555	108710.74640845071	112165.43176190477	113791.01772946861	115464.41504901963	117187.76452736321	118963.33671717174	120793.54189743589	125061.21058159722	127046.3091622575	129095.4431810036	131211.7619216758	133398.6246203704	138379.9547457627	140765.81603448273	143235.39175438596	145793.16660714283	148443.95145454546	153972.59752057612	156877.74087002096	159894.62050213676	163029.80913943358	166290.4053222222	172058.77777777778	175643.33564814818	179380.42789598112	183280.00241545896	188654.06887654323	192941.66135101015	197428.6767312661	202129.359510582	206661.26777777777	211827.79947222222	217259.28150997154	220484.16070175436	226443.19207207204	232733.28074074074	234898.55755555554	241807.33866013074	249134.83377104378	256920.29732638889	259184.80792114692	267824.3015185185	270876.8662452107	280551.0400396825	290941.8193004115	296426.1304059829	308283.1756222222	316406.2050694445	330162.99659420294	345170.4055303031	357739.36084656086	375626.32888888894	392857.9575438597	414683.3996296295	437704.19575163384	464768.42211805546	495752.9835925925	532896.1479761904	578069.193931624	626241.6267592593	691529.1360101012	776560.7915555558	885840.8572839509	1004009.3467361116	1135585.0210317469	1321597.6064814804	1580076.0992222207	1930701.309166665	314575.36240740714	471863.0436111107	943726.0872222214
760385.0	73934.63534444444	74681.44984287317	75726.87239795919	76507.5618041237	77304.51557291667	78118.24731578947	78949.29250000001	79798.20962365592	80665.58146739131	81552.01642857143	82935.00373456789	83866.85770911361	84819.8901830808	85794.83144955299	86792.44576873384	87813.53336601307	88858.93257275132	90672.55902945115	91778.32194444444	92911.38764746227	94072.77999305555	95263.57467651195	96484.90255698006	97737.95323953824	100129.71087719298	101464.77368888889	102835.91927927927	104244.63050228311	105692.4725925926	107181.09896713616	110263.75707142857	111861.78253623188	113506.80875000001	115200.9402238806	116946.40901515153	118745.58453846152	122680.94098958332	124628.25751322751	126638.39069892475	128714.4298907104	130859.6703888889	135659.61825800376	137998.57719348656	140419.60486354775	142927.09780753969	145525.7723131313	151192.9135185185	154045.61	157008.02557692307	160086.6143137255	166290.4053222222	169684.0870634921	173219.1722106482	176904.6865130024	180750.44056763288	187352.8913580247	191610.91161616164	196066.97932816533	202129.359510582	207059.3438888889	212235.8274861111	217677.7717806268	222976.63102339182	229003.02645645646	235364.2216358025	239382.80304761903	246423.4737254902	253890.85171717172	256920.29732638889	265208.04885304655	274048.3171481481	277059.62226053636	286954.6087698412	297582.55724279827	302131.88927350426	314217.1648444444	321128.3079398148	335090.40828502417	345170.4055303031	361607.09150793654	375626.32888888894	395396.1356725147	414683.3996296295	439076.5407843136	465060.70798611105	496064.7551851851	531163.9109920635	573888.1593589743	626241.6267592593	683172.6837373739	760682.0496111113	862845.3239506176	996570.964444445	1147439.253412699	1324849.1912037027	1585917.1277777762	1930701.309166665	2556455.0283333315	471863.0436111107	943726.0872222214
827782.0	73771.09796111111	74516.2605667789	75443.50545351475	76221.27355097365	77015.24515046297	77825.93194152047	78653.86738770686	79499.6078972521	80363.73407004832	81246.85202686202	82458.14994444443	83384.64601123595	84332.19880681818	85301.53442528735	86293.41273255814	87308.62935294118	88348.01779761905	89929.52212182063	91026.2236111111	92150.00414951988	93301.87920138887	94482.9156469761	95694.23507834757	96937.01735209236	99023.97894005847	100344.29865925925	101700.30269519519	103093.45752663622	104525.31110339507	105997.49858372458	108712.25752380953	110287.79748792273	111909.67686274512	113579.9705472637	115300.87919191922	117074.73887179486	120600.98429687499	122515.28563492063	124491.33862903227	126532.18024590165	128641.04991666667	133077.6309039548	135372.07281609194	137747.0214619883	140206.78970238095	142756.00406060606	148220.69402263372	151017.3108909853	153921.4899465812	156939.55837690632	163288.3466	166620.7618367347	170092.02770833333	173711.0070212766	180750.44056763288	184767.1170246914	188966.3696843435	193360.9364211886	200735.24074074073	205631.22222222222	210772.00277777776	216176.4131054131	223406.13419590643	229444.13782282284	235817.58609567906	242088.9136825397	249209.17584967328	256760.96905723913	261824.94083333333	270270.9066666666	279279.9368888888	283498.25911877386	293623.1969444444	304498.130164609	309028.0402136752	321389.1618222222	327309.546712963	341540.39657004835	350321.79047979804	367003.78050264553	379687.4460833334	399670.9958771931	417362.5876543209	441913.32810457505	466518.8245833333	496064.7551851851	531497.9519841269	572022.6733760684	621712.1726388889	683172.6837373739	751489.9521111113	845202.2773456794	970700.989444445	1138938.2450793658	1324849.1912037027	1585917.1277777762	1975095.124027776	2556455.0283333315	471863.0436111107	943726.0872222214
901152.0	73696.81097222221	74441.22320426487	75276.63057256237	76052.67831042383	76844.89370949075	77653.78732748538	78479.89144799055	79323.76124850658	80185.976044686	81067.14061660561	82149.59482716049	83072.62398252185	84016.63107323232	84982.33947637293	85970.50621447028	86981.92393464052	88017.42302910054	89412.45174698796	90502.84749999999	91620.16660493826	92765.41868749999	93939.66449367088	95144.01916666667	96379.65577922078	98212.50442251461	99522.00448148148	100866.89643393393	102248.6347412481	103668.75466820988	105128.87797339594	107511.74856349206	109069.88984702094	110673.85881535949	112325.70745439471	114027.61211279462	115781.88306837605	118904.03166666666	120791.39724867725	122739.64559139787	124751.77092896176	126830.96711111112	130821.40669491523	133076.94818965514	135411.63149122806	137829.6963392857	140335.6908181818	145399.63376543208	148143.023081761	150991.92737179488	153952.55339869283	160078.34954444444	163345.25463718822	166748.28077546298	170296.11653664307	177487.33326086958	181431.49622222222	185554.93931818183	189870.17046511624	197964.76824074073	202793.17722222224	207863.00665277778	213192.82733618235	221865.26608187135	227861.62462462462	234191.1141975309	242555.23141269843	249689.2088071896	257255.54846801353	264784.7493402778	273326.1928673835	282437.0659629629	288910.2795402298	299228.50380952377	304498.130164609	316209.5967094017	328857.9805777777	334780.37689814816	349336.0454589372	357064.9600505051	374068.0533862434	385353.96952777787	405635.7573976609	421874.94009259244	446691.11303921556	469532.91111111105	497620.0795555555	533164.3709523809	572382.4098290598	619691.2294907408	678231.4610606062	751489.9521111113	845202.2773456794	970700.989444445	1138938.2450793658	1338679.1289814804	1589819.029444443	1975095.124027776	2574268.41222222	471863.0436111107	943726.0872222214
981025.0	73697.42255555555	74441.84096520764	75201.45158730159	75976.09378579611	76767.51142939816	77575.59049707602	78400.86273640663	79243.88276583036	80105.22931763285	80985.50656288156	81967.88662345678	82888.87411360799	83830.79313762626	84794.36547254151	85780.34646640827	86789.5270130719	87822.73566798943	88880.84091700135	90164.18944444443	91277.32758573387	92418.29418055555	93588.14600562588	94787.99403133903	96019.00694083695	97647.80914473684	98949.77993333332	100286.93912162162	101660.73280821918	103072.68743055555	104524.41542253522	106630.71908730158	108176.09182769727	109766.91670751636	111405.22889718077	113093.18691077443	114833.08209401708	117590.97499131944	119457.49840388006	121384.23224910395	123374.13769581057	125430.37332407408	128980.64451977401	131204.44873563218	133506.28116959066	135890.3219047619	138361.05503030305	142934.4999074074	145631.3772641509	148431.9806730769	151342.41166666668	157031.60446666667	160236.33108843537	163574.58798611112	167054.89836879435	173998.20602657006	177864.8328271605	181907.21539141418	186137.61574935398	194390.88880952378	199132.12999999998	204110.43324999997	209344.0341025641	218803.16489766084	224716.76394894897	230958.89628086422	240882.2888888889	247967.06209150332	255481.21548821553	265294.7843576389	273852.68062724016	282981.1033148148	292176.2751340996	302611.1421031746	310311.04098765424	322246.081025641	335135.92426666664	342560.39643518516	357454.3267149758	365214.9566161616	382606.145026455	392771.45605555567	413443.6379532165	428171.07725308626	446691.11303921556	474609.3076041666	500835.1051851851	533164.3709523809	574177.0148717948	620080.9439814815	676026.7958080809	746054.6071666669	834988.8356790126	950852.5620138894	1109372.5593650802	1328761.2859259248	1589819.029444443	1982396.4097222206	2574268.41222222	471863.0436111107	943726.0872222214
1067978.0	73766.4907	74511.60676767677	75271.92928571429	75976.72428407789	76768.14849537038	77576.23426900584	78401.513356974	79244.5403823178	80105.89408212561	80986.17863247862	81886.02506172839	82805.40558676654	83746.37610479798	84708.97812899106	85693.96624677003	86702.13055555556	87734.29877645503	88791.33852074968	89964.75361111111	91075.42958161865	92213.87245138889	93381.13665963431	94578.33071937322	95806.62072871573	97282.41492690059	98579.5137925926	99911.66938438438	101280.32238964993	102686.99353395062	104133.2892175274	106017.62135714285	107554.10862318841	109135.78669117649	110764.67902985075	112442.93174242426	114172.82299999999	116627.3490017361	118478.57676366842	120389.52155017923	122363.12026411659	124402.50560185185	127556.31185499058	129755.55861111109	132031.97192007795	134389.68570436505	136833.13453535354	140923.29679012345	143582.22691823897	146343.4235897436	149212.90248366015	154369.25989999998	157519.65295918367	160801.31239583335	164222.61691489362	170686.5265942029	174479.56051851853	178445.0050757576	182594.88891472865	190569.46374338624	195217.49944444443	200097.93693055556	205228.65326210827	214853.08763157894	220659.92783783784	226789.37027777778	237557.72188888892	244544.7137091504	251955.15957912465	263465.00347222225	271963.8745519713	281029.337037037	292739.072394636	303194.039265873	313818.96218106995	325888.9222649573	335135.92426666664	349099.9211111111	364278.17855072464	373702.2506565657	391497.59592592594	401736.45227777783	413443.6379532165	436412.72895061714	453357.6112091502	481692.46190972213	506249.92811111105	536609.0412698413	577886.6598290598	622025.0994444445	676451.938888889	743629.4753888891	828949.5635185188	939362.4401388894	1086688.642301588	1328761.2859259248	1606414.9547777763	1982396.4097222206	2633460.1653703684	471863.0436111107	943726.0872222214
1162638.0	73894.71933888888	74641.13064534232	75402.77483560091	76047.92855670102	76840.09447916667	77648.93757894737	78474.99010638299	79318.80720430109	80180.96815217393	81062.07769230769	81962.76744444444	82806.09275905119	83747.07108585858	84709.68109833972	85694.67739018086	86702.85006535948	87735.02685185186	88792.07536813924	89874.15972222222	90983.71724965706	92121.01371527778	93287.10249648383	94483.09099002849	95710.14411976912	96969.48812134503	98361.46394814816	99690.67292042042	101056.29857686454	102459.858279321	103902.95487480439	105387.28280158731	107151.64542673109	108727.40491830067	110350.20200663351	112022.17476430978	113745.59283760683	115956.77335937499	117797.35706349206	119697.31443548387	121659.5654918033	123687.22491666667	126511.02264595103	128692.24717432949	130950.00589668615	133288.39885912696	135711.8242929293	139367.08147119338	141996.64904612157	144727.35383547007	147565.14508714597	152197.16053333334	155303.22503401362	158538.7088888889	161911.87290780144	167792.67380434784	171521.3998888889	175419.61352272728	179499.1394186046	186942.38626984126	191501.95666666667	196289.50558333332	201322.56982905982	210629.40729532164	216322.09397897898	222331.04103395063	233269.06657142856	240129.92147058828	247406.58575757578	259828.75831597226	268210.33116487454	281029.337037037	290720.0038314176	301102.86111111107	314423.448127572	326516.6576709402	338924.47915555554	353046.33245370374	364278.17855072464	380836.2775757576	391497.59592592594	411072.4757222223	422880.4760818714	446373.83586419735	462084.0659477123	490964.32006944437	513805.2927037036	542410.6372619048	577886.6598290598	626043.8814814815	678572.8357575758	744097.132777778	826254.9726543212	932568.2589583339	1086688.642301588	1294267.985925925	1594513.5431111096	1987273.7868055538	2633460.1653703684	3834682.5424999967	943726.0872222214
1265689.0	74065.0249111111	74813.15647586981	75576.55603174603	76355.69578465063	76973.66597800926	77783.91509356725	78611.40355200946	79456.68746117085	80320.34710748792	81202.98828449327	82105.24370987654	82883.69741573033	83825.55761363637	84789.06977011493	85774.9891860465	86784.10670588235	87817.25083333334	88875.29000000001	89874.90555555554	90984.47229080931	92121.77819444443	93287.87665260196	94483.87507122506	95710.93838383838	96970.2928362573	98262.41462962964	99590.2850975976	100954.53557838661	102356.6819058642	103798.32531298907	105281.15853174603	106914.634726248	108486.9087663399	110106.11635986734	111774.39085016838	113493.99686324786	115522.86772569444	117356.5640388007	119249.41184587814	121204.32023679418	123224.39224074075	125783.61855932201	127952.30163793101	130197.07885964912	132522.02669642854	134931.51809090909	138225.00622427982	140833.0252096436	143541.35261752136	146355.88894335512	150516.44798888886	153588.2122335601	156787.9666550926	160123.8808392435	165431.69623188407	169107.95614814817	172951.31878787882	176973.4424806201	183772.92845238093	188255.19499999998	192961.57487499996	197909.30756410255	206620.53219298244	212204.8709009009	218099.45064814817	228683.3564920635	235409.33756535954	242542.9538552189	255138.0415625	263368.3009677419	277150.675537037	286707.5953831418	296947.15236111113	312254.8189300411	324264.6196581197	339577.3239777778	353726.37914351857	368396.1729951691	385141.4535858587	398971.3384126984	418919.9053333334	432707.8691812866	456747.1952469134	472631.12032679725	490964.32006944437	523695.2747407407	550505.6707539682	584134.5324358974	626043.8814814815	682956.9616161617	746430.1193333335	826774.591975309	932568.2589583339	1073557.0744444453	1267803.4160185177	1594513.5431111096	2008018.6934722206	2643195.212962961	3834682.5424999967	943726.0872222214
1377873.0	74248.01064444444	74997.99054994389	75763.27616780046	76544.34087056128	77151.06761574074	77963.18411695906	78792.57969267141	79639.81173237755	80505.46185990339	81390.13726495726	82294.47212345678	83219.129113608	83971.2719760101	84936.4590102171	85924.09225452195	86934.96392810458	87969.90397486773	89029.78233601071	90115.51138888889	91069.74160493826	92208.11337499999	93375.30468354431	94572.42397435897	95800.63727272727	97061.1719736842	98263.23007407408	99591.11156156156	100955.37336377474	102357.5313271605	103799.18669796558	105282.03222222222	106806.97242351048	108377.66319444447	109995.2402570481	111661.83480639732	113379.70918803418	115267.3405642361	117096.98089065256	118985.64187275986	120936.22616575594	122951.82993518519	125312.94126177023	127473.50921455937	129709.88656920078	132026.13454365078	134426.60971717173	137430.2499074074	140023.273490566	142716.02875	145514.38225490195	149283.0067222222	152329.59869614514	155503.13200231481	158811.70927895984	163604.8347705314	167240.4977654321	171041.41816919195	175019.1255684754	181187.09587301587	185606.29333333333	190246.45066666667	195124.5647863248	203117.4472368421	208607.10797297297	214401.7498611111	224330.86352380953	230928.83009803927	237926.67343434348	250122.42116319446	258190.88636200715	272147.2443333333	281531.63206896547	291586.33321428567	307945.19504115224	319789.2410042735	337235.20444444445	351286.67129629635	369105.7869323672	385883.3227020203	403481.52280423284	423655.59894444456	440968.32140350883	465466.5614814813	483614.67732026125	502170.5653472221	535648.603037037	561102.080079365	592852.2608119658	632812.410138889	682956.9616161617	746430.1193333335	826774.591975309	929536.8442361116	1065792.2959523818	1252483.2535185176	1553121.5831111097	2008018.6934722206	2643195.212962961	3861402.61833333	943726.0872222214
1500000.0	74403.14894999999	75154.69590909091	75921.58056122449	76704.27726804123	77341.67775462964	78155.80067836258	78987.24536643027	79836.57058542415	80704.35939613527	81591.22048840049	82497.78960493827	83424.73106117354	84164.80103535354	85132.21254150702	86122.12198966408	87135.3234248366	88172.64870370372	89234.96977242304	90323.2011111111	91228.04856652948	92368.3991736111	93537.61941631505	94736.81966524216	95967.16797258297	97229.89386695906	98355.32093333334	99684.44689189189	101049.98726027398	102453.45930555556	103896.4657746479	105380.701	106807.85877616749	108378.56258169936	109996.15306799338	111662.76144781146	113380.65008547007	115152.22274305555	116979.06503527336	118865.82414874554	120814.44421675777	122828.01828703705	124909.84910546138	127191.54820881225	129422.97887914229	131734.10350198412	134129.26902020202	136915.9913786008	139499.31197064987	142181.99104700855	144969.8732244009	147869.27068888888	151453.74479591838	154609.03114583335	157898.58500000002	161331.16293478262	165870.0074691358	169639.78036616163	173584.89153746766	179186.24760582007	183556.64388888888	188145.5599861111	192969.80511396012	200259.42175438596	205671.83855855855	211384.9451851852	220527.51414285714	227013.61750000002	233892.81803030305	245361.88197916668	253276.78139784944	266797.2492407407	275997.1543869731	285854.19561507937	302385.827037037	314016.05115384614	332580.8106444444	346438.3444212964	366560.0048309179	383221.8232323233	404258.71902116406	424471.65497222234	445953.26204678376	470728.44327160483	492846.9474509802	513840.59465277765	548096.6342962962	573909.2175396824	604263.7785470085	642256.6158796296	690340.8110606062	751252.6577777779	829366.7992592595	930121.4159722227	1062327.8219841276	1252483.2535185176	1521364.099222221	1993141.9288888872	2649698.3824074054	3861402.61833333	943726.0872222214
