years	0.0	0.01	0.02	0.03	0.04	0.05	0.06	0.07	0.08	0.09	0.1	0.11	0.12	0.13	0.14	0.15	0.16	0.17	0.18	0.19	0.2	0.21	0.22	0.23	0.24	0.25	0.26	0.27	0.28	0.29	0.3	0.31	0.32	0.33	0.34	0.35	0.36	0.37	0.38	0.39	0.4	0.41	0.42	0.43	0.44	0.45	0.46	0.47	0.48	0.49	0.5	0.51	0.52	0.53	0.54	0.55	0.56	0.57	0.58	0.59	0.6	0.61	0.62	0.63	0.64	0.65	0.66	0.67	0.68	0.69	0.7	0.71	0.72	0.73	0.74	0.75	0.76	0.77	0.78	0.79	0.8	0.81	0.82	0.83	0.84	0.85	0.86	0.87	0.88	0.89	0.9	0.91	0.92	0.93	0.94	0.95	0.96	0.97	0.98	0.99
10000.0	7462.645073333333	7538.025326599327	7614.943952380952	7693.448529209622	7773.588618055556	7855.415866666668	7938.9841205673765	8024.3495412186385	8111.570731884059	8200.708871794872	8291.827859259258	8384.994464419477	8480.278492424242	8577.752957854405	8677.49427131783	8779.582439215686	8884.101277777778	8991.13864257028	9100.786674796747	9213.14206584362	9328.306341666666	9446.38616877637	9567.493683760684	9691.746848484847	9819.269833333334	9950.19343111111	10084.655504504504	10222.801470319633	10364.784824074075	10510.767708920188	10660.921533333334	10815.427642512079	10974.47804901961	11138.276228855724	11307.03798989899	11480.99242051282	11660.382927083334	11845.46837037037	12036.524311827958	12233.844382513664	12437.741788888889	12648.55097175141	12866.629436781608	13092.359777777776	13326.151916666664	13568.445587878787	13819.713098765431	14080.46240251572	14351.240525641024	14632.63739869281	14925.290146666666	15229.887904761905	15547.177236111113	15877.968241134753	16223.141463768117	16583.65571851852	16960.55698484849	17354.988542635656	17768.202555555556	18201.573349593495	18656.612683333333	19134.987367521368	19638.539666666667	20169.31100900901	20729.56964814815	21321.843066666668	21948.95609803922	22614.07597979798	23320.76585416667	24073.04862365591	24875.483577777773	25733.258873563216	26652.303833333328	27639.426197530862	28702.481051282048	29850.580293333333	31094.354472222225	32446.282927536235	33921.11396969698	35536.40511111112	37313.22536666668	39277.07933333335	41459.139296296285	43897.912196078425	46641.53170833333	49750.96715555555	53304.607666666656	57404.962102564095	62188.70894444445	67842.22793939395	74626.45073333336	82918.27859259261	93283.06341666672	106609.21533333341	124377.41788888877	149252.90146666652	186566.12683333314	248754.83577777754	373132.2536666663	746264.5073333326
10886.0	7462.645073333333	7538.025326599327	7614.943952380952	7693.448529209622	7773.588618055556	7855.415866666668	7938.9841205673765	8024.3495412186385	8111.570731884059	8200.708871794872	8291.827859259258	8384.994464419477	8480.278492424242	8577.752957854405	8677.49427131783	8779.582439215686	8884.101277777778	8991.13864257028	9100.786674796747	9213.14206584362	9328.306341666666	9446.38616877637	9567.493683760684	9691.746848484847	9819.269833333334	9950.19343111111	10084.655504504504	10222.801470319633	10364.784824074075	10510.767708920188	10660.921533333334	10815.427642512079	10974.47804901961	11138.276228855724	11307.03798989899	11480.99242051282	11660.382927083334	11845.46837037037	12036.524311827958	12233.844382513664	12437.741788888889	12648.55097175141	12866.629436781608	13092.359777777776	13326.151916666664	13568.445587878787	13819.713098765431	14080.46240251572	14351.240525641024	14632.63739869281	14925.290146666666	15229.887904761905	15547.177236111113	15877.968241134753	16223.141463768117	16583.65571851852	16960.55698484849	17354.988542635656	17768.202555555556	18201.573349593495	18656.612683333333	19134.987367521368	19638.539666666667	20169.31100900901	20729.56964814815	21321.843066666668	21948.95609803922	22614.07597979798	23320.76585416667	24073.04862365591	24875.483577777773	25733.258873563216	26652.303833333328	27639.426197530862	28702.481051282048	29850.580293333333	31094.354472222225	32446.282927536235	33921.11396969698	35536.40511111112	37313.22536666668	39277.07933333335	41459.139296296285	43897.912196078425	46641.53170833333	49750.96715555555	53304.607666666656	57404.962102564095	62188.70894444445	67842.22793939395	74626.45073333336	82918.27859259261	93283.06341666672	106609.21533333341	124377.41788888877	149252.90146666652	186566.12683333314	248754.83577777754	373132.2536666663	746264.5073333326
11851.0	7462.645073333333	7538.025326599327	7614.943952380952	7693.448529209622	7773.588618055556	7855.415866666668	7938.9841205673765	8024.3495412186385	8111.570731884059	8200.708871794872	8291.827859259258	8384.994464419477	8480.278492424242	8577.752957854405	8677.49427131783	8779.582439215686	8884.101277777778	8991.13864257028	9100.786674796747	9213.14206584362	9328.306341666666	9446.38616877637	9567.493683760684	9691.746848484847	9819.269833333334	9950.19343111111	10084.655504504504	10222.801470319633	10364.784824074075	10510.767708920188	10660.921533333334	10815.427642512079	10974.47804901961	11138.276228855724	11307.03798989899	11480.99242051282	11660.382927083334	11845.46837037037	12036.524311827958	12233.844382513664	12437.741788888889	12648.55097175141	12866.629436781608	13092.359777777776	13326.151916666664	13568.445587878787	13819.713098765431	14080.46240251572	14351.240525641024	14632.63739869281	14925.290146666666	15229.887904761905	15547.177236111113	15877.968241134753	16223.141463768117	16583.65571851852	16960.55698484849	17354.988542635656	17768.202555555556	18201.573349593495	18656.612683333333	19134.987367521368	19638.539666666667	20169.31100900901	20729.56964814815	21321.843066666668	21948.95609803922	22614.07597979798	23320.76585416667	24073.04862365591	24875.483577777773	25733.258873563216	26652.303833333328	27639.426197530862	28702.481051282048	29850.580293333333	31094.354472222225	32446.282927536235	33921.11396969698	35536.40511111112	37313.22536666668	39277.07933333335	41459.139296296285	43897.912196078425	46641.53170833333	49750.96715555555	53304.607666666656	57404.962102564095	62188.70894444445	67842.22793939395	74626.45073333336	82918.27859259261	93283.06341666672	106609.21533333341	124377.41788888877	149252.90146666652	186566.12683333314	248754.83577777754	373132.2536666663	746264.5073333326
12902.0	7462.645073333333	7538.025326599327	7614.943952380952	7693.448529209622	7773.588618055556	7855.415866666668	7938.9841205673765	8024.3495412186385	8111.570731884059	8200.708871794872	8291.827859259258	8384.994464419477	8480.278492424242	8577.752957854405	8677.49427131783	8779.582439215686	8884.101277777778	8991.13864257028	9100.786674796747	9213.14206584362	9328.306341666666	9446.38616877637	9567.493683760684	9691.746848484847	9819.269833333334	9950.19343111111	10084.655504504504	10222.801470319633	10364.784824074075	10510.767708920188	10660.921533333334	10815.427642512079	10974.47804901961	11138.276228855724	11307.03798989899	11480.99242051282	11660.382927083334	11845.46837037037	12036.524311827958	12233.844382513664	12437.741788888889	12648.55097175141	12866.629436781608	13092.359777777776	13326.151916666664	13568.445587878787	13819.713098765431	14080.46240251572	14351.240525641024	14632.63739869281	14925.290146666666	15229.887904761905	15547.177236111113	15877.968241134753	16223.141463768117	16583.65571851852	16960.55698484849	17354.988542635656	17768.202555555556	18201.573349593495	18656.612683333333	19134.987367521368	19638.539666666667	20169.31100900901	20729.56964814815	21321.843066666668	21948.95609803922	22614.07597979798	23320.76585416667	24073.04862365591	24875.483577777773	25733.258873563216	26652.303833333328	27639.426197530862	28702.481051282048	29850.580293333333	31094.354472222225	32446.282927536235	33921.11396969698	35536.40511111112	37313.22536666668	39277.07933333335	41459.139296296285	43897.912196078425	46641.53170833333	49750.96715555555	53304.607666666656	57404.962102564095	62188.70894444445	67842.22793939395	74626.45073333336	82918.27859259261	93283.06341666672	106609.21533333341	124377.41788888877	149252.90146666652	186566.12683333314	248754.83577777754	373132.2536666663	746264.5073333326
14046.0	7462.645073333333	7538.025326599327	7614.943952380952	7693.448529209622	7773.588618055556	7855.415866666668	7938.9841205673765	8024.3495412186385	8111.570731884059	8200.708871794872	8291.827859259258	8384.994464419477	8480.278492424242	8577.752957854405	8677.49427131783	8779.582439215686	8884.101277777778	8991.13864257028	9100.786674796747	9213.14206584362	9328.306341666666	9446.38616877637	9567.493683760684	9691.746848484847	9819.269833333334	9950.19343111111	10084.655504504504	10222.801470319633	10364.784824074075	10510.767708920188	10660.921533333334	10815.427642512079	10974.47804901961	11138.276228855724	11307.03798989899	11480.99242051282	11660.382927083334	11845.46837037037	12036.524311827958	12233.844382513664	12437.741788888889	12648.55097175141	12866.629436781608	13092.359777777776	13326.151916666664	13568.445587878787	13819.713098765431	14080.46240251572	14351.240525641024	14632.63739869281	14925.290146666666	15229.887904761905	15547.177236111113	15877.968241134753	16223.141463768117	16583.65571851852	16960.55698484849	17354.988542635656	17768.202555555556	18201.573349593495	18656.612683333333	19134.987367521368	19638.539666666667	20169.31100900901	20729.56964814815	21321.843066666668	21948.95609803922	22614.07597979798	23320.76585416667	24073.04862365591	24875.483577777773	25733.258873563216	26652.303833333328	27639.426197530862	28702.481051282048	29850.580293333333	31094.354472222225	32446.282927536235	33921.11396969698	35536.40511111112	37313.22536666668	39277.07933333335	41459.139296296285	43897.912196078425	46641.53170833333	49750.96715555555	53304.607666666656	57404.962102564095	62188.70894444445	67842.22793939395	74626.45073333336	82918.27859259261	93283.06341666672	106609.21533333341	124377.41788888877	149252.90146666652	186566.12683333314	248754.83577777754	373132.2536666663	746264.5073333326
15291.0	7462.645073333333	7538.025326599327	7614.943952380952	7693.448529209622	7773.588618055556	7855.415866666668	7938.9841205673765	8024.3495412186385	8111.570731884059	8200.708871794872	8291.827859259258	8384.994464419477	8480.278492424242	8577.752957854405	8677.49427131783	8779.582439215686	8884.101277777778	8991.13864257028	9100.786674796747	9213.14206584362	9328.306341666666	9446.38616877637	9567.493683760684	9691.746848484847	9819.269833333334	9950.19343111111	10084.655504504504	10222.801470319633	10364.784824074075	10510.767708920188	10660.921533333334	10815.427642512079	10974.47804901961	11138.276228855724	11307.03798989899	11480.99242051282	11660.382927083334	11845.46837037037	12036.524311827958	12233.844382513664	12437.741788888889	12648.55097175141	12866.629436781608	13092.359777777776	13326.151916666664	13568.445587878787	13819.713098765431	14080.46240251572	14351.240525641024	14632.63739869281	14925.290146666666	15229.887904761905	15547.177236111113	15877.968241134753	16223.141463768117	16583.65571851852	16960.55698484849	17354.988542635656	17768.202555555556	18201.573349593495	18656.612683333333	19134.987367521368	19638.539666666667	20169.31100900901	20729.56964814815	21321.843066666668	21948.95609803922	22614.07597979798	23320.76585416667	24073.04862365591	24875.483577777773	25733.258873563216	26652.303833333328	27639.426197530862	28702.481051282048	29850.580293333333	31094.354472222225	32446.282927536235	33921.11396969698	35536.40511111112	37313.22536666668	39277.07933333335	41459.139296296285	43897.912196078425	46641.53170833333	49750.96715555555	53304.607666666656	57404.962102564095	62188.70894444445	67842.22793939395	74626.45073333336	82918.27859259261	93283.06341666672	106609.21533333341	124377.41788888877	149252.90146666652	186566.12683333314	248754.83577777754	373132.2536666663	746264.5073333326
16646.0	53057.486346666665	53593.42055218855	7614.943952380952	7693.448529209622	7773.588618055556	7855.415866666668	7938.9841205673765	8024.3495412186385	8111.570731884059	8200.708871794872	8291.827859259258	8384.994464419477	8480.278492424242	8577.752957854405	8677.49427131783	8779.582439215686	8884.101277777778	8991.13864257028	9100.786674796747	9213.14206584362	9328.306341666666	9446.38616877637	9567.493683760684	9691.746848484847	9819.269833333334	9950.19343111111	10084.655504504504	10222.801470319633	10364.784824074075	10510.767708920188	10660.921533333334	10815.427642512079	10974.47804901961	11138.276228855724	11307.03798989899	11480.99242051282	11660.382927083334	11845.46837037037	12036.524311827958	12233.844382513664	12437.741788888889	12648.55097175141	12866.629436781608	13092.359777777776	13326.151916666664	13568.445587878787	13819.713098765431	14080.46240251572	14351.240525641024	14632.63739869281	14925.290146666666	15229.887904761905	15547.177236111113	15877.968241134753	16223.141463768117	16583.65571851852	16960.55698484849	17354.988542635656	17768.202555555556	18201.573349593495	18656.612683333333	19134.987367521368	19638.539666666667	20169.31100900901	20729.56964814815	21321.843066666668	21948.95609803922	22614.07597979798	23320.76585416667	24073.04862365591	24875.483577777773	25733.258873563216	26652.303833333328	27639.426197530862	28702.481051282048	29850.580293333333	31094.354472222225	32446.282927536235	33921.11396969698	35536.40511111112	37313.22536666668	39277.07933333335	41459.139296296285	43897.912196078425	46641.53170833333	49750.96715555555	53304.607666666656	57404.962102564095	62188.70894444445	67842.22793939395	74626.45073333336	82918.27859259261	93283.06341666672	106609.21533333341	124377.41788888877	149252.90146666652	186566.12683333314	248754.83577777754	373132.2536666663	746264.5073333326
18122.0	53057.486346666665	53593.42055218855	54140.29219047619	54698.43953264605	55268.21494444445	55849.985628070186	56444.13441134752	57051.06058781363	57671.180811594204	58304.93005128205	8291.827859259258	8384.994464419477	8480.278492424242	8577.752957854405	8677.49427131783	8779.582439215686	8884.101277777778	8991.13864257028	9100.786674796747	9213.14206584362	9328.306341666666	9446.38616877637	9567.493683760684	9691.746848484847	9819.269833333334	9950.19343111111	10084.655504504504	10222.801470319633	10364.784824074075	10510.767708920188	10660.921533333334	10815.427642512079	10974.47804901961	11138.276228855724	11307.03798989899	11480.99242051282	11660.382927083334	11845.46837037037	12036.524311827958	12233.844382513664	12437.741788888889	12648.55097175141	12866.629436781608	13092.359777777776	13326.151916666664	13568.445587878787	13819.713098765431	14080.46240251572	14351.240525641024	14632.63739869281	14925.290146666666	15229.887904761905	15547.177236111113	15877.968241134753	16223.141463768117	16583.65571851852	16960.55698484849	17354.988542635656	17768.202555555556	18201.573349593495	18656.612683333333	19134.987367521368	19638.539666666667	20169.31100900901	20729.56964814815	21321.843066666668	21948.95609803922	22614.07597979798	23320.76585416667	24073.04862365591	24875.483577777773	25733.258873563216	26652.303833333328	27639.426197530862	28702.481051282048	29850.580293333333	31094.354472222225	32446.282927536235	33921.11396969698	35536.40511111112	37313.22536666668	39277.07933333335	41459.139296296285	43897.912196078425	46641.53170833333	49750.96715555555	53304.607666666656	57404.962102564095	62188.70894444445	67842.22793939395	74626.45073333336	82918.27859259261	93283.06341666672	106609.21533333341	124377.41788888877	149252.90146666652	186566.12683333314	248754.83577777754	373132.2536666663	746264.5073333326
19728.0	53057.486346666665	53593.42055218855	54140.29219047619	54698.43953264605	55268.21494444445	55849.985628070186	56444.13441134752	57051.06058781363	57671.180811594204	58304.93005128205	58952.7626074074	59615.153198501874	60292.598121212126	60985.61649042145	61694.75156589148	62420.57217254903	63163.67422222223	63924.68234538152	9100.786674796747	9213.14206584362	9328.306341666666	9446.38616877637	9567.493683760684	9691.746848484847	9819.269833333334	9950.19343111111	10084.655504504504	10222.801470319633	10364.784824074075	10510.767708920188	10660.921533333334	10815.427642512079	10974.47804901961	11138.276228855724	11307.03798989899	11480.99242051282	11660.382927083334	11845.46837037037	12036.524311827958	12233.844382513664	12437.741788888889	12648.55097175141	12866.629436781608	13092.359777777776	13326.151916666664	13568.445587878787	13819.713098765431	14080.46240251572	14351.240525641024	14632.63739869281	14925.290146666666	15229.887904761905	15547.177236111113	15877.968241134753	16223.141463768117	16583.65571851852	16960.55698484849	17354.988542635656	17768.202555555556	18201.573349593495	18656.612683333333	19134.987367521368	19638.539666666667	20169.31100900901	20729.56964814815	21321.843066666668	21948.95609803922	22614.07597979798	23320.76585416667	24073.04862365591	24875.483577777773	25733.258873563216	26652.303833333328	27639.426197530862	28702.481051282048	29850.580293333333	31094.354472222225	32446.282927536235	33921.11396969698	35536.40511111112	37313.22536666668	39277.07933333335	41459.139296296285	43897.912196078425	46641.53170833333	49750.96715555555	53304.607666666656	57404.962102564095	62188.70894444445	67842.22793939395	74626.45073333336	82918.27859259261	93283.06341666672	106609.21533333341	124377.41788888877	149252.90146666652	186566.12683333314	248754.83577777754	373132.2536666663	746264.5073333326
21476.0	54608.79232666666	55160.3962895623	55723.257476190476	56297.72404810997	56884.15867361112	57482.93929122808	58094.45992198582	58719.13153405018	57671.180811594204	58304.93005128205	58952.7626074074	59615.153198501874	60292.598121212126	60985.61649042145	61694.75156589148	62420.57217254903	63163.67422222223	63924.68234538152	64704.25164227642	65503.069563786	66321.85793333333	67161.37512236286	68022.4183931624	68905.8264242424	9819.269833333334	9950.19343111111	10084.655504504504	10222.801470319633	10364.784824074075	10510.767708920188	10660.921533333334	10815.427642512079	10974.47804901961	11138.276228855724	11307.03798989899	11480.99242051282	11660.382927083334	11845.46837037037	12036.524311827958	12233.844382513664	12437.741788888889	12648.55097175141	12866.629436781608	13092.359777777776	13326.151916666664	13568.445587878787	13819.713098765431	14080.46240251572	14351.240525641024	14632.63739869281	14925.290146666666	15229.887904761905	15547.177236111113	15877.968241134753	16223.141463768117	16583.65571851852	16960.55698484849	17354.988542635656	17768.202555555556	18201.573349593495	18656.612683333333	19134.987367521368	19638.539666666667	20169.31100900901	20729.56964814815	21321.843066666668	21948.95609803922	22614.07597979798	23320.76585416667	24073.04862365591	24875.483577777773	25733.258873563216	26652.303833333328	27639.426197530862	28702.481051282048	29850.580293333333	31094.354472222225	32446.282927536235	33921.11396969698	35536.40511111112	37313.22536666668	39277.07933333335	41459.139296296285	43897.912196078425	46641.53170833333	49750.96715555555	53304.607666666656	57404.962102564095	62188.70894444445	67842.22793939395	74626.45073333336	82918.27859259261	93283.06341666672	106609.21533333341	124377.41788888877	149252.90146666652	186566.12683333314	248754.83577777754	373132.2536666663	746264.5073333326
23380.0	54608.79232666666	55160.3962895623	55723.257476190476	56297.72404810997	56884.15867361112	57482.93929122808	58094.45992198582	58719.13153405018	59357.38296376812	60009.66189743589	60676.43591851851	61358.193625468164	62055.445825757575	62768.72681226053	63498.59572868218	62420.57217254903	63163.67422222223	63924.68234538152	64704.25164227642	65503.069563786	66321.85793333333	67161.37512236286	68022.4183931624	68905.8264242424	69812.48203508771	70743.31512888889	71699.30587387386	72681.48814611872	73690.95325925927	74728.85400938967	75796.40906666667	10815.427642512079	10974.47804901961	11138.276228855724	11307.03798989899	11480.99242051282	11660.382927083334	11845.46837037037	12036.524311827958	12233.844382513664	12437.741788888889	12648.55097175141	12866.629436781608	13092.359777777776	13326.151916666664	13568.445587878787	13819.713098765431	14080.46240251572	14351.240525641024	14632.63739869281	14925.290146666666	15229.887904761905	15547.177236111113	15877.968241134753	16223.141463768117	16583.65571851852	16960.55698484849	17354.988542635656	17768.202555555556	18201.573349593495	18656.612683333333	19134.987367521368	19638.539666666667	20169.31100900901	20729.56964814815	21321.843066666668	21948.95609803922	22614.07597979798	23320.76585416667	24073.04862365591	24875.483577777773	25733.258873563216	26652.303833333328	27639.426197530862	28702.481051282048	29850.580293333333	31094.354472222225	32446.282927536235	33921.11396969698	35536.40511111112	37313.22536666668	39277.07933333335	41459.139296296285	43897.912196078425	46641.53170833333	49750.96715555555	53304.607666666656	57404.962102564095	62188.70894444445	67842.22793939395	74626.45073333336	82918.27859259261	93283.06341666672	106609.21533333341	124377.41788888877	149252.90146666652	186566.12683333314	248754.83577777754	373132.2536666663	746264.5073333326
25452.0	57836.89347333333	58421.10451851852	59017.23823809523	59625.663374570446	60246.764034722226	60880.94049824562	61528.610078014186	58719.13153405018	59357.38296376812	60009.66189743589	60676.43591851851	61358.193625468164	62055.445825757575	62768.72681226053	63498.59572868218	64245.63803137256	65010.467055555564	65793.72569477912	66596.08820325203	67418.26213168724	68260.99040833332	69125.05357805906	68022.4183931624	68905.8264242424	69812.48203508771	70743.31512888889	71699.30587387386	72681.48814611872	73690.95325925927	74728.85400938967	75796.40906666667	76894.90774879228	78025.71521568629	79190.27812935325	80390.13082828282	81626.90207179487	11660.382927083334	11845.46837037037	12036.524311827958	12233.844382513664	12437.741788888889	12648.55097175141	12866.629436781608	13092.359777777776	13326.151916666664	13568.445587878787	13819.713098765431	14080.46240251572	14351.240525641024	14632.63739869281	14925.290146666666	15229.887904761905	15547.177236111113	15877.968241134753	16223.141463768117	16583.65571851852	16960.55698484849	17354.988542635656	17768.202555555556	18201.573349593495	18656.612683333333	19134.987367521368	19638.539666666667	20169.31100900901	20729.56964814815	21321.843066666668	21948.95609803922	22614.07597979798	23320.76585416667	24073.04862365591	24875.483577777773	25733.258873563216	26652.303833333328	27639.426197530862	28702.481051282048	29850.580293333333	31094.354472222225	32446.282927536235	33921.11396969698	35536.40511111112	37313.22536666668	39277.07933333335	41459.139296296285	43897.912196078425	46641.53170833333	49750.96715555555	53304.607666666656	57404.962102564095	62188.70894444445	67842.22793939395	74626.45073333336	82918.27859259261	93283.06341666672	106609.21533333341	124377.41788888877	149252.90146666652	186566.12683333314	248754.83577777754	373132.2536666663	746264.5073333326
27709.0	57836.89347333333	58421.10451851852	59017.23823809523	59625.663374570446	60246.764034722226	60880.94049824562	61528.610078014186	62190.2080358423	62866.188557971014	63557.025794871784	64263.21497037036	64985.27356554307	65723.74258333334	66479.18790038313	67252.20171317829	64245.63803137256	65010.467055555564	65793.72569477912	66596.08820325203	67418.26213168724	68260.99040833332	69125.05357805906	70011.27221367521	70920.5095151515	71853.6741140351	72811.72310222223	73795.6653063063	74806.56483105021	75845.54489814816	74728.85400938967	75796.40906666667	76894.90774879228	78025.71521568629	79190.27812935325	80390.13082828282	81626.90207179487	82902.32241666668	84218.2322962963	85576.59088172043	86979.48581420767	88429.14391111111	12648.55097175141	12866.629436781608	13092.359777777776	13326.151916666664	13568.445587878787	13819.713098765431	14080.46240251572	14351.240525641024	14632.63739869281	14925.290146666666	15229.887904761905	15547.177236111113	15877.968241134753	16223.141463768117	16583.65571851852	16960.55698484849	17354.988542635656	17768.202555555556	18201.573349593495	18656.612683333333	19134.987367521368	19638.539666666667	20169.31100900901	20729.56964814815	21321.843066666668	21948.95609803922	22614.07597979798	23320.76585416667	24073.04862365591	24875.483577777773	25733.258873563216	26652.303833333328	27639.426197530862	28702.481051282048	29850.580293333333	31094.354472222225	32446.282927536235	33921.11396969698	35536.40511111112	37313.22536666668	39277.07933333335	41459.139296296285	43897.912196078425	46641.53170833333	49750.96715555555	53304.607666666656	57404.962102564095	62188.70894444445	67842.22793939395	74626.45073333336	82918.27859259261	93283.06341666672	106609.21533333341	124377.41788888877	149252.90146666652	186566.12683333314	248754.83577777754	373132.2536666663	746264.5073333326
30165.0	59173.45387333333	59771.16552861953	60381.07538095238	61003.56069415808	61639.014451388895	62287.846182456145	62950.48284397164	63627.369756272405	62866.188557971014	63557.025794871784	64263.21497037036	64985.27356554307	65723.74258333334	66479.18790038313	67252.20171317829	68043.40408627452	68853.44461111112	69683.00418473895	70532.79691869918	71403.57218930041	72296.11684166666	73211.25756118142	70011.27221367521	70920.5095151515	71853.6741140351	72811.72310222223	73795.6653063063	74806.56483105021	75845.54489814816	76913.79200938968	78012.56046666668	79143.17728502417	80307.0475392157	81505.66018905475	80390.13082828282	81626.90207179487	82902.32241666668	84218.2322962963	85576.59088172043	86979.48581420767	88429.14391111111	89927.94296045195	91478.42473563217	93083.30938011695	94745.51133333331	96468.15699393938	13819.713098765431	14080.46240251572	14351.240525641024	14632.63739869281	14925.290146666666	15229.887904761905	15547.177236111113	15877.968241134753	16223.141463768117	16583.65571851852	16960.55698484849	17354.988542635656	17768.202555555556	18201.573349593495	18656.612683333333	19134.987367521368	19638.539666666667	20169.31100900901	20729.56964814815	21321.843066666668	21948.95609803922	22614.07597979798	23320.76585416667	24073.04862365591	24875.483577777773	25733.258873563216	26652.303833333328	27639.426197530862	28702.481051282048	29850.580293333333	31094.354472222225	32446.282927536235	33921.11396969698	35536.40511111112	37313.22536666668	39277.07933333335	41459.139296296285	43897.912196078425	46641.53170833333	49750.96715555555	53304.607666666656	57404.962102564095	62188.70894444445	67842.22793939395	74626.45073333336	82918.27859259261	93283.06341666672	106609.21533333341	124377.41788888877	149252.90146666652	186566.12683333314	248754.83577777754	373132.2536666663	746264.5073333326
32838.0	59100.89686666666	59697.875622895626	60381.07538095238	61003.56069415808	61639.014451388895	62287.846182456145	62950.48284397164	63627.369756272405	64318.97160144928	65025.77348717948	65748.28208148148	66487.02682397004	67242.56121969697	68015.46422222222	68806.3417131783	68043.40408627452	68853.44461111112	69683.00418473895	70532.79691869918	71403.57218930041	72296.11684166666	73211.25756118142	74149.86342735043	75112.84866666666	76101.17562280702	77115.85796444444	78157.96415315315	79228.62119634703	75845.54489814816	76913.79200938968	78012.56046666668	79143.17728502417	80307.0475392157	81505.66018905475	82740.59443434344	84013.52665641025	85326.23801041667	86680.62274074074	88078.69730107527	89522.61037158471	88429.14391111111	89927.94296045195	91478.42473563217	93083.30938011695	94745.51133333331	96468.15699393938	98254.604345679	100108.46480503143	102033.62758974357	104034.28695424837	106114.97269333333	15229.887904761905	15547.177236111113	15877.968241134753	16223.141463768117	16583.65571851852	16960.55698484849	17354.988542635656	17768.202555555556	18201.573349593495	18656.612683333333	19134.987367521368	19638.539666666667	20169.31100900901	20729.56964814815	21321.843066666668	21948.95609803922	22614.07597979798	23320.76585416667	24073.04862365591	24875.483577777773	25733.258873563216	26652.303833333328	27639.426197530862	28702.481051282048	29850.580293333333	31094.354472222225	32446.282927536235	33921.11396969698	35536.40511111112	37313.22536666668	39277.07933333335	41459.139296296285	43897.912196078425	46641.53170833333	49750.96715555555	53304.607666666656	57404.962102564095	62188.70894444445	67842.22793939395	74626.45073333336	82918.27859259261	93283.06341666672	106609.21533333341	124377.41788888877	149252.90146666652	186566.12683333314	248754.83577777754	373132.2536666663	746264.5073333326
35749.0	59100.89686666666	59697.875622895626	60307.037619047616	60928.75965635739	61563.43423611112	62211.47038596492	62873.294539007096	63549.35146953406	64240.10528985508	64946.04051282051	65748.28208148148	66487.02682397004	67242.56121969697	68015.46422222222	68806.3417131783	69615.82808627452	70444.58794444444	71293.31791967871	72162.74862601626	73053.64675720164	73966.81734166665	74903.10616877636	74149.86342735043	75112.84866666666	76101.17562280702	77115.85796444444	78157.96415315315	79228.62119634703	80329.01871296298	81460.41334272301	82624.13353333334	83821.58474396136	85054.25510784314	86323.72160199007	82740.59443434344	84013.52665641025	85326.23801041667	86680.62274074074	88078.69730107527	89522.61037158471	91014.65387777778	92557.27512994349	94153.0902183908	95804.89881871344	97515.70058333332	96468.15699393938	98254.604345679	100108.46480503143	102033.62758974357	104034.28695424837	106114.97269333333	108280.58438095238	110536.4298888889	112888.26882269504	115342.36162318841	16583.65571851852	16960.55698484849	17354.988542635656	17768.202555555556	18201.573349593495	18656.612683333333	19134.987367521368	19638.539666666667	20169.31100900901	20729.56964814815	21321.843066666668	21948.95609803922	22614.07597979798	23320.76585416667	24073.04862365591	24875.483577777773	25733.258873563216	26652.303833333328	27639.426197530862	28702.481051282048	29850.580293333333	31094.354472222225	32446.282927536235	33921.11396969698	35536.40511111112	37313.22536666668	39277.07933333335	41459.139296296285	43897.912196078425	46641.53170833333	49750.96715555555	53304.607666666656	57404.962102564095	62188.70894444445	67842.22793939395	74626.45073333336	82918.27859259261	93283.06341666672	106609.21533333341	124377.41788888877	149252.90146666652	186566.12683333314	248754.83577777754	373132.2536666663	746264.5073333326
38918.0	59688.54462666667	60291.45921885523	60906.678190476196	61534.58208934708	61563.43423611112	62211.47038596492	62873.294539007096	63549.35146953406	64240.10528985508	64946.04051282051	65667.66318518517	66405.50209737828	67160.11007575758	67932.06536398467	68721.9731007752	69530.4669019608	70358.21055555556	71293.31791967871	72162.74862601626	73053.64675720164	73966.81734166665	74903.10616877636	75863.4024017094	76848.64139393938	77859.80772807017	78897.93849777777	79964.12685585585	81059.52585388126	82185.35260185186	81460.41334272301	82624.13353333334	83821.58474396136	85054.25510784314	86323.72160199007	87631.65677777778	88979.83611282051	90370.14605208334	91804.59281481481	93285.31205376344	89522.61037158471	91014.65387777778	92557.27512994349	94153.0902183908	95804.89881871344	97515.70058333332	99288.71332121211	101127.39319753085	103035.45722012577	105016.90832051281	104034.28695424837	106114.97269333333	108280.58438095238	110536.4298888889	112888.26882269504	115342.36162318841	117905.52521481483	120585.19624242427	123389.50313178293	17768.202555555556	18201.573349593495	18656.612683333333	19134.987367521368	19638.539666666667	20169.31100900901	20729.56964814815	21321.843066666668	21948.95609803922	22614.07597979798	23320.76585416667	24073.04862365591	24875.483577777773	25733.258873563216	26652.303833333328	27639.426197530862	28702.481051282048	29850.580293333333	31094.354472222225	32446.282927536235	33921.11396969698	35536.40511111112	37313.22536666668	39277.07933333335	41459.139296296285	43897.912196078425	46641.53170833333	49750.96715555555	53304.607666666656	57404.962102564095	62188.70894444445	67842.22793939395	74626.45073333336	82918.27859259261	93283.06341666672	106609.21533333341	124377.41788888877	149252.90146666652	186566.12683333314	248754.83577777754	373132.2536666663	746264.5073333326
42367.0	59688.54462666667	60291.45921885523	60906.678190476196	61534.58208934708	62175.56731944445	62830.04697543861	63498.45173049646	64181.230781362014	64878.85285507247	65591.80728205128	66320.60514074074	67065.78047940075	67160.11007575758	67932.06536398467	68721.9731007752	69530.4669019608	70358.21055555556	71205.89983935743	72074.26447154471	72964.07020576131	73876.12108333333	74811.26185654008	75770.3805982906	76754.4115151515	77859.80772807017	78897.93849777777	79964.12685585585	81059.52585388126	82185.35260185186	83342.89277934273	84533.50553333333	85758.62880193237	87019.78510784314	88318.58787064678	89656.74829292929	88979.83611282051	90370.14605208334	91804.59281481481	93285.31205376344	94814.57946448089	96394.82245555555	98028.6330056497	99718.7818505747	101468.23416374267	97515.70058333332	99288.71332121211	101127.39319753085	103035.45722012577	105016.90832051281	107076.06338562092	109217.58465333332	111446.51495238095	113768.31734722224	112888.26882269504	115342.36162318841	117905.52521481483	120585.19624242427	123389.50313178293	126327.34844444446	129408.50328455283	132643.71586666667	136044.8367863248	19638.539666666667	20169.31100900901	20729.56964814815	21321.843066666668	21948.95609803922	22614.07597979798	23320.76585416667	24073.04862365591	24875.483577777773	25733.258873563216	26652.303833333328	27639.426197530862	28702.481051282048	29850.580293333333	31094.354472222225	32446.282927536235	33921.11396969698	35536.40511111112	37313.22536666668	39277.07933333335	41459.139296296285	43897.912196078425	46641.53170833333	49750.96715555555	53304.607666666656	57404.962102564095	62188.70894444445	67842.22793939395	74626.45073333336	82918.27859259261	93283.06341666672	106609.21533333341	124377.41788888877	149252.90146666652	186566.12683333314	248754.83577777754	373132.2536666663	746264.5073333326
46123.0	60226.73416666666	60835.08501683502	61455.85119047619	62089.41666666667	62736.18142361112	63396.562280701764	64070.99379432625	64759.929211469534	64878.85285507247	65591.80728205128	66320.60514074074	67065.78047940075	67827.89162121213	68607.52255938697	69405.28444961242	70221.81720784315	71057.79122222224	71913.90918875502	72790.9080813008	72964.07020576131	73876.12108333333	74811.26185654008	75770.3805982906	76754.4115151515	77764.33798245614	78801.19582222222	79866.07684684685	80960.13269406391	82084.57898148149	83240.69981220659	84533.50553333333	85758.62880193237	87019.78510784314	88318.58787064678	89656.74829292929	91036.08288205128	92458.52167708334	93926.11725925926	95441.0546344086	97005.6620874317	96394.82245555555	98028.6330056497	99718.7818505747	101468.23416374267	103280.16691666664	105157.98813333332	107105.3582839506	109126.21410062892	111224.79514102562	107076.06338562092	109217.58465333332	111446.51495238095	113768.31734722224	116188.91984397164	118714.76592753624	121352.87183703705	124110.89165151518	123389.50313178293	126327.34844444446	129408.50328455283	132643.71586666667	136044.8367863248	139624.96407017543	143398.61174774772	147381.90651851855	21321.843066666668	21948.95609803922	22614.07597979798	23320.76585416667	24073.04862365591	24875.483577777773	25733.258873563216	26652.303833333328	27639.426197530862	28702.481051282048	29850.580293333333	31094.354472222225	32446.282927536235	33921.11396969698	35536.40511111112	37313.22536666668	39277.07933333335	41459.139296296285	43897.912196078425	46641.53170833333	49750.96715555555	53304.607666666656	57404.962102564095	62188.70894444445	67842.22793939395	74626.45073333336	82918.27859259261	93283.06341666672	106609.21533333341	124377.41788888877	149252.90146666652	186566.12683333314	248754.83577777754	373132.2536666663	746264.5073333326
50211.0	59823.78528	60428.06593939394	61044.678857142855	61674.00544329897	62736.18142361112	63396.562280701764	64070.99379432625	64759.929211469534	65463.84148550725	66183.22435897436	66918.59351851851	67670.48782771536	68439.47064393939	69226.13122605364	70031.08624031008	70221.81720784315	71057.79122222224	71913.90918875502	72790.9080813008	73689.56126748971	74610.68078333333	75555.11978059071	76523.77516239317	77517.59042424241	78537.55871929825	79584.72616888888	79866.07684684685	80960.13269406391	82084.57898148149	83240.69981220659	84429.85266666667	85653.47371980677	86913.083627451	88210.2938308458	89546.81343434344	90924.45671794872	92458.52167708334	93926.11725925926	95441.0546344086	97005.6620874317	98622.42312222223	100293.98961581918	102023.19633333333	103813.07697076022	105666.88191666665	105157.98813333332	107105.3582839506	109126.21410062892	111224.79514102562	113405.67347712419	115673.78694666666	118034.47647619047	120493.52806944445	116188.91984397164	118714.76592753624	121352.87183703705	124110.89165151518	126997.19145736433	130020.93411111113	133192.17640650406	136521.98081666665	136044.8367863248	139624.96407017543	143398.61174774772	147381.90651851855	151592.81813333335	156051.43043137257	160780.26165656565	23320.76585416667	24073.04862365591	24875.483577777773	25733.258873563216	26652.303833333328	27639.426197530862	28702.481051282048	29850.580293333333	31094.354472222225	32446.282927536235	33921.11396969698	35536.40511111112	37313.22536666668	39277.07933333335	41459.139296296285	43897.912196078425	46641.53170833333	49750.96715555555	53304.607666666656	57404.962102564095	62188.70894444445	67842.22793939395	74626.45073333336	82918.27859259261	93283.06341666672	106609.21533333341	124377.41788888877	149252.90146666652	186566.12683333314	248754.83577777754	373132.2536666663	746264.5073333326
54661.0	59084.50221333333	60428.06593939394	61044.678857142855	61674.00544329897	62316.44300000001	62972.405557894745	63642.324765957455	64326.650838709684	65025.853565217396	65740.42338461538	66470.87253333333	67217.73626966293	68439.47064393939	69226.13122605364	70031.08624031008	70854.98137254902	71698.49305555556	72562.33032128513	73447.23678861788	74353.9927983539	75283.41770833333	76236.37236286918	76523.77516239317	77517.59042424241	78537.55871929825	79584.72616888888	80660.19544144144	81765.12962557077	82900.75642592594	84068.37271361504	85269.34946666668	86505.13714009663	86913.083627451	88210.2938308458	89546.81343434344	90924.45671794872	92345.15135416666	93810.94740740741	95324.02720430108	96886.7161748634	98501.49477777779	100293.98961581918	102023.19633333333	103813.07697076022	105666.88191666665	107588.09795151514	109580.47013580246	111648.02617610061	113795.10360256408	113405.67347712419	115673.78694666666	118034.47647619047	120493.52806944445	123057.22015602837	125732.37711594203	128526.42994074075	131447.4851666667	126997.19145736433	130020.93411111113	133192.17640650406	136521.98081666665	140022.54442735043	143707.3482280702	147591.3306126126	147381.90651851855	151592.81813333335	156051.43043137257	160780.26165656565	165804.64483333335	171153.18176344084	176858.2878222222	25733.258873563216	26652.303833333328	27639.426197530862	28702.481051282048	29850.580293333333	31094.354472222225	32446.282927536235	33921.11396969698	35536.40511111112	37313.22536666668	39277.07933333335	41459.139296296285	43897.912196078425	46641.53170833333	49750.96715555555	53304.607666666656	57404.962102564095	62188.70894444445	67842.22793939395	74626.45073333336	82918.27859259261	93283.06341666672	106609.21533333341	124377.41788888877	149252.90146666652	186566.12683333314	248754.83577777754	373132.2536666663	746264.5073333326
59506.0	59084.50221333333	59681.31536700337	60290.30838095238	60911.85795189004	61546.35647222223	62194.21285614036	62855.85341843972	63531.72281003585	64222.28501449276	65740.42338461538	66470.87253333333	67217.73626966293	67981.57418181819	68762.97158620688	69562.54102325582	70380.92385882355	71218.792	72076.84973493975	72955.83570731706	74353.9927983539	75283.41770833333	76236.37236286918	77213.76175213675	78216.53787878786	79245.70285087719	80302.31222222222	81387.4786036036	82502.37557077625	83648.24189814816	84068.37271361504	85269.34946666668	86505.13714009663	87777.27150980393	89087.38003980102	90437.18882828283	91828.5301948718	93263.35097916667	94743.72162962964	95324.02720430108	96886.7161748634	98501.49477777779	100171.01163841806	101898.098045977	103685.78397660817	105537.31583333331	107456.1761212121	109580.47013580246	111648.02617610061	113795.10360256408	116026.38014379086	118346.90774666666	120762.15076190476	123278.02890277779	125900.96568794327	125732.37711594203	128526.42994074075	131447.4851666667	134504.40342635656	137706.88922222223	141065.59383739837	144592.23368333332	140022.54442735043	143707.3482280702	147591.3306126126	151691.08979629632	156025.12093333335	160614.0950784314	160780.26165656565	165804.64483333335	171153.18176344084	176858.2878222222	182956.84947126434	189491.02266666663	27639.426197530862	28702.481051282048	29850.580293333333	31094.354472222225	32446.282927536235	33921.11396969698	35536.40511111112	37313.22536666668	39277.07933333335	41459.139296296285	43897.912196078425	46641.53170833333	49750.96715555555	53304.607666666656	57404.962102564095	62188.70894444445	67842.22793939395	74626.45073333336	82918.27859259261	93283.06341666672	106609.21533333341	124377.41788888877	149252.90146666652	186566.12683333314	248754.83577777754	373132.2536666663	746264.5073333326
64781.0	58670.21724666667	59262.84570370371	59867.56861904762	60484.76004810997	61114.80963194445	61758.123417543866	62855.85341843972	63531.72281003585	64222.28501449276	64928.02441025641	65649.4469037037	66387.08113857679	67141.4797878788	67913.2209348659	68702.9095503876	69511.17907450981	71218.792	72076.84973493975	72955.83570731706	73856.52503703703	74779.7316	75726.31048101265	76697.16061538462	77693.22763636362	78715.50694736843	79765.04703999999	81387.4786036036	82502.37557077625	83648.24189814816	84826.38615023474	86038.19166666667	87285.12198067634	88568.72671568628	89890.64800995027	91252.62752525252	91828.5301948718	93263.35097916667	94743.72162962964	96271.84617204302	97850.07315846997	99480.90771111111	101167.02479096044	102911.28383908045	103685.78397660817	105537.31583333331	107456.1761212121	109446.10530864196	111511.126163522	113655.57089743589	115884.11150326798	118346.90774666666	120762.15076190476	123278.02890277779	125900.96568794327	128637.94320289856	131496.56416296298	134485.12243939398	134504.40342635656	137706.88922222223	141065.59383739837	144592.23368333332	148299.72685470086	152202.35124561403	156315.9283063063	151691.08979629632	156025.12093333335	160614.0950784314	165481.18886868688	170652.47602083336	176157.3946021505	176858.2878222222	182956.84947126434	189491.02266666663	196509.208691358	204067.25517948714	29850.580293333333	31094.354472222225	32446.282927536235	33921.11396969698	35536.40511111112	37313.22536666668	39277.07933333335	41459.139296296285	43897.912196078425	46641.53170833333	49750.96715555555	53304.607666666656	57404.962102564095	62188.70894444445	67842.22793939395	74626.45073333336	82918.27859259261	93283.06341666672	106609.21533333341	124377.41788888877	149252.90146666652	186566.12683333314	248754.83577777754	373132.2536666663	746264.5073333326
70522.0	58740.00118	59333.334525252525	59938.77671428571	60484.76004810997	61114.80963194445	61758.123417543866	62415.12473049646	63086.255103942654	63771.975268115944	64472.7662051282	65189.130274074065	65921.59241198502	66670.70141666666	67913.2209348659	68702.9095503876	69511.17907450981	70338.69311111112	71186.14724497992	72054.27099186991	72943.8298930041	73855.62776666666	74790.50913080169	75749.36181196582	77693.22763636362	78715.50694736843	79765.04703999999	80842.95308108108	81950.39079452054	83088.59066666669	84258.85250704226	85462.55040000001	86701.13808695653	88568.72671568628	89890.64800995027	91252.62752525252	92656.5141025641	94104.27213541667	95597.99074074074	97139.8938172043	98732.35109289619	99480.90771111111	101167.02479096044	102911.28383908045	104716.74495906432	106586.68683333331	108524.62659393939	110534.34190123455	111511.126163522	113655.57089743589	115884.11150326798	118201.79373333332	120614.07523809523	123126.86847222224	125746.58907801419	128637.94320289856	131496.56416296298	134485.12243939398	137612.68342635658	140889.1758888889	144325.4972520325	147933.6346833333	148299.72685470086	152202.35124561403	156315.9283063063	160658.03742592596	165248.26706666668	170108.51021568628	165481.18886868688	170652.47602083336	176157.3946021505	182029.30775555555	188306.1804367816	189491.02266666663	196509.208691358	204067.25517948714	212229.94538666666	221072.8597777778	32446.282927536235	33921.11396969698	35536.40511111112	37313.22536666668	39277.07933333335	41459.139296296285	43897.912196078425	46641.53170833333	49750.96715555555	53304.607666666656	57404.962102564095	62188.70894444445	67842.22793939395	74626.45073333336	82918.27859259261	93283.06341666672	106609.21533333341	124377.41788888877	149252.90146666652	186566.12683333314	248754.83577777754	373132.2536666663	746264.5073333326
76773.0	59035.196359999994	59333.334525252525	59938.77671428571	60556.70224742268	61187.50122916667	61831.580189473694	62489.362957446814	63161.29159139785	63847.82736956522	64549.45184615384	65266.66797777777	65921.59241198502	66670.70141666666	67437.03131800766	68221.18284496125	69023.78499607844	69845.49672222223	70687.0087309237	71549.04542276422	72432.3669711934	73337.77155833333	74790.50913080169	75749.36181196582	76733.11975757574	77742.76607017544	78779.33628444445	79843.92190990991	80937.67426484017	82061.80862962964	84258.85250704226	85462.55040000001	86701.13808695653	87976.15482352942	89289.23176119405	90642.09890909091	92036.59273846154	93474.6645	95597.99074074074	97139.8938172043	98732.35109289619	100377.89027777778	102079.21045197739	103839.19683908045	105660.9371345029	107547.73958333331	108524.62659393939	110534.34190123455	112619.89552201256	114785.66274358972	117036.3620130719	119377.08925333334	121813.35638095239	123126.86847222224	125746.58907801419	128480.21057971015	131335.32637037037	134320.22015151518	137443.94620155037	140889.1758888889	144325.4972520325	147933.6346833333	151726.8048034188	155719.61545614034	159928.2537117117	160658.03742592596	165248.26706666668	170108.51021568628	175263.31355555556	180740.2921041667	186570.62410752685	182029.30775555555	188306.1804367816	195031.40116666665	202254.7863950617	210033.81664102562	212229.94538666666	221072.8597777778	230684.72324637682	241170.39248484853	35536.40511111112	37313.22536666668	39277.07933333335	41459.139296296285	43897.912196078425	46641.53170833333	49750.96715555555	53304.607666666656	57404.962102564095	62188.70894444445	67842.22793939395	74626.45073333336	82918.27859259261	93283.06341666672	106609.21533333341	124377.41788888877	149252.90146666652	186566.12683333314	248754.83577777754	373132.2536666663	746264.5073333326
83578.0	59035.196359999994	59631.51147474748	60239.99628571428	60861.02717525773	61494.99620833334	62142.311957894744	62803.400382978725	63478.70576344086	64168.691695652175	64549.45184615384	65266.66797777777	66000.00132584269	66750.00134090909	67517.24273563217	68302.32695348837	69105.88374117648	69928.57283333334	70771.08575903614	71549.04542276422	72432.3669711934	73337.77155833333	74266.0977805907	75218.22723931624	76195.08733333331	77197.65427192983	78226.95632888889	79284.07736036036	80937.67426484017	82061.80862962964	83217.60875117371	84406.43173333335	85629.71335265703	86888.97384313727	88185.824199005	89521.97305050505	92036.59273846154	93474.6645	94958.38933333334	96489.97625806452	98071.779147541	99706.3088	101396.24623728811	103144.45737931033	105660.9371345029	107547.73958333331	109503.15303030302	111530.98919753086	113635.34748427672	115820.64262820511	117036.3620130719	119377.08925333334	121813.35638095239	124351.1346388889	126996.90346099292	129757.70571014495	132641.2102814815	134320.22015151518	137443.94620155037	140716.42111111112	144148.52894308942	147752.24216666666	151540.7611965812	155719.61545614034	159928.2537117117	164370.70520370372	169067.01106666666	174039.57021568628	175263.31355555556	180740.2921041667	186570.62410752685	192789.64491111107	199437.5637011494	195031.40116666665	202254.7863950617	210033.81664102562	218435.16930666665	227536.63469444448	230684.72324637682	241170.39248484853	252654.69688888895	265287.4317333334	39277.07933333335	41459.139296296285	43897.912196078425	46641.53170833333	49750.96715555555	53304.607666666656	57404.962102564095	62188.70894444445	67842.22793939395	74626.45073333336	82918.27859259261	93283.06341666672	106609.21533333341	124377.41788888877	149252.90146666652	186566.12683333314	248754.83577777754	373132.2536666663	746264.5073333326
90986.0	59246.041353333334	59844.48621548822	60455.14423809524	61078.39314776633	61714.62640972223	62364.25405614036	63027.703567375895	63478.70576344086	64168.691695652175	64873.84215384615	65594.66262222221	66331.68130337079	67085.4504090909	67856.54754022988	68645.57716279071	69453.1721882353	69928.57283333334	70771.08575903614	71634.1477804878	72518.51997530863	73425.001475	74354.4318734177	75307.69382051282	76285.71581818181	77289.4752368421	78226.95632888889	79284.07736036036	80370.16061187214	81486.4128425926	82634.10879812208	83814.59606666668	85029.30035748794	86279.73124509805	88185.824199005	89521.97305050505	90899.23417435898	92319.53470833335	93784.92414814816	95297.58421505376	96859.8396939891	99706.3088	101396.24623728811	103144.45737931033	104954.00926315789	106828.18799999998	108770.51869090908	110784.78755555554	113635.34748427672	115820.64262820511	118091.63562091504	120453.46833333332	122911.70238095238	125472.36284722223	128141.9875886525	129757.70571014495	132641.2102814815	135655.78324242428	138810.5688992248	142115.58244444447	144148.52894308942	147752.24216666666	151540.7611965812	155528.67596491228	159732.1536936937	164169.15796296299	169067.01106666666	174039.57021568628	179313.49658585858	184917.0433541667	190882.10926881718	192789.64491111107	199437.5637011494	206560.33383333328	214210.7165679012	210033.81664102562	218435.16930666665	227536.63469444448	237429.53185507248	248221.78330303036	252654.69688888895	265287.4317333334	279249.92814035097	294763.813037037	43897.912196078425	46641.53170833333	49750.96715555555	53304.607666666656	57404.962102564095	62188.70894444445	67842.22793939395	74626.45073333336	82918.27859259261	93283.06341666672	106609.21533333341	124377.41788888877	149252.90146666652	186566.12683333314	248754.83577777754	373132.2536666663	746264.5073333326
99051.0	59338.16224	59937.53761616162	60549.145142857145	61173.36313402063	61810.58566666667	62364.25405614036	63027.703567375895	63705.42081003585	64397.87103623189	65105.539948717946	65828.93483703703	66568.58579026218	67325.04699242425	68098.89810727969	68890.74575968993	69453.1721882353	70279.99566666667	71126.74260240963	71994.14190243902	72882.95846913579	73793.99544999999	74728.09665822783	75686.14917948718	76285.71581818181	77289.4752368421	78320.00157333333	79378.37997297297	80465.75504109588	81583.33497222223	82732.39602816902	83914.2874	85029.30035748794	86279.73124509805	87567.48842786072	88894.26855555557	90261.8726871795	91672.21444791667	93127.32896296297	94629.38265591399	96859.8396939891	98474.17035555556	100143.22409039547	101869.83140229885	103657.02142690058	105508.03966666665	108770.51869090908	110784.78755555554	112875.06656603773	115045.74092307691	117301.53976470589	119647.57056	122089.35771428571	125472.36284722223	128141.9875886525	130927.6829710145	133837.18703703705	136878.9412878788	138810.5688992248	142115.58244444447	145581.8161626016	149221.36156666666	153047.55032478634	157075.1174385965	159732.1536936937	164169.15796296299	168859.70533333335	173826.167254902	179093.62686868687	184917.0433541667	190882.10926881718	197244.84624444443	204046.39266666665	206560.33383333328	214210.7165679012	222449.59028205124	231347.57389333332	227536.63469444448	237429.53185507248	248221.78330303036	260041.8682222223	265287.4317333334	279249.92814035097	294763.813037037	312102.86086274503	46641.53170833333	49750.96715555555	53304.607666666656	57404.962102564095	62188.70894444445	67842.22793939395	74626.45073333336	82918.27859259261	93283.06341666672	106609.21533333341	124377.41788888877	149252.90146666652	186566.12683333314	248754.83577777754	373132.2536666663	746264.5073333326
107830.0	59535.96464666667	60137.338026936035	60750.984333333334	61377.28314089347	61810.58566666667	62461.22341052633	63125.7045106383	63804.475526881724	64498.00243478262	65206.77169230769	65931.29137777777	66672.09240449438	67429.72981818182	68098.89810727969	68890.74575968993	69701.22512156864	70531.00161111112	71380.77271485944	72251.26994308943	73143.26093004114	74057.55169166667	74994.98905485231	75686.14917948718	76669.08618181817	77677.88994736841	78713.59514666666	79777.29237837838	80870.13199999998	81993.3282777778	83148.16388732394	83914.2874	85130.43649275364	86382.3546764706	87671.64355223882	89000.00178787879	90369.23258461538	91781.25184375	93127.32896296297	94629.38265591399	96180.68401092898	97783.69541111111	99441.04618079095	101155.54697701149	102930.20569590642	105508.03966666665	107426.36766060605	109415.74483950617	111480.1928553459	113624.0427179487	115851.96512418301	119647.57056	122089.35771428571	124632.88600000001	127284.64953191491	130051.70713043479	132941.74506666668	136878.9412878788	140062.17248062015	143396.98611111112	146894.47357723577	150566.83541666667	153047.55032478634	157075.1174385965	161320.39088288287	165801.51285185188	170538.69893333336	173826.167254902	179093.62686868687	184690.30270833336	190648.05440860213	197244.84624444443	204046.39266666665	211333.7638333333	219160.94027160492	227590.20720512816	231347.57389333332	240987.0561388889	251464.75423188406	248221.78330303036	260041.8682222223	273043.9616333334	287414.6964561405	294763.813037037	312102.86086274503	331609.28966666665	49750.96715555555	53304.607666666656	57404.962102564095	62188.70894444445	67842.22793939395	74626.45073333336	82918.27859259261	93283.06341666672	106609.21533333341	124377.41788888877	149252.90146666652	186566.12683333314	248754.83577777754	373132.2536666663	746264.5073333326
117388.0	60018.17467333333	60624.418861952865	60750.984333333334	61377.28314089347	62016.62984027778	62669.43647017545	63336.132602836886	64017.16628673836	64713.00505072464	65424.136974358975	66151.07182962963	66894.34229962547	67429.72981818182	68204.78418390804	68997.86306976745	69809.60263529413	70640.66933333334	71491.76173493976	72363.61248780487	73256.99041975309	74057.55169166667	74994.98905485231	75956.46327350428	76942.91084848484	77955.31757017544	78994.72180444445	80062.21804504504	81158.96075799086	81993.3282777778	83148.16388732394	84335.9948	85558.2555942029	86816.46523529412	88112.23337313434	89447.26721212121	90369.23258461538	91781.25184375	93238.09711111111	94741.93738709677	96295.08390163936	97900.00196666666	99559.32403389829	101155.54697701149	102930.20569590642	104768.24508333331	106673.12226666666	108648.55045679011	110698.52310691823	113624.0427179487	115851.96512418301	118169.00442666667	120580.61676190476	123092.71294444446	125711.70683687944	130051.70713043479	132941.74506666668	135963.1483636364	139125.0820465116	142437.584	146894.47357723577	150566.83541666667	154427.5235042735	158491.40570175438	162774.9572072072	165801.51285185188	170538.69893333336	175554.54301960787	180874.37765656566	186526.70195833337	190648.05440860213	197002.98955555554	203796.196091954	211074.63166666662	219160.94027160492	227590.20720512816	236693.81549333333	246556.05780555558	251464.75423188406	262894.9703333334	275413.7784444445	273043.9616333334	287414.6964561405	303382.1795925925	321228.19015686266	331609.28966666665	353716.5756444444	378982.04533333326	57404.962102564095	62188.70894444445	67842.22793939395	74626.45073333336	82918.27859259261	93283.06341666672	106609.21533333341	124377.41788888877	149252.90146666652	186566.12683333314	248754.83577777754	373132.2536666663	746264.5073333326
127792.0	60804.3562	60624.418861952865	61243.03538095238	61874.40687972509	62518.93195138889	63177.025971929834	63849.12199290781	64535.67169175627	65237.146384057975	65954.0381025641	66151.07182962963	66894.34229962547	67654.50528030304	68432.14327203065	69227.86586821706	70042.31134901963	70876.1483888889	71730.0778875502	72604.83493495935	73256.99041975309	74172.7028	75111.59777215189	76074.56697435898	77062.54836363635	78076.52926315789	79117.54965333334	80186.70572972973	81158.96075799086	82286.1685462963	83445.12866666667	84637.20193333334	85863.8280483092	87126.5314019608	88426.92739303484	89447.26721212121	90823.3790153846	92242.4943125	93706.66088888889	95218.05864516129	96779.01042622952	98391.99393333333	99559.32403389829	101275.86410344826	103052.63364912278	104892.85924999998	106800.00214545453	108777.77996296294	110698.52310691823	112827.34085897435	115039.64166013073	117340.43449333333	119735.13723809524	123092.71294444446	125711.70683687944	128444.57002898552	131298.89380740744	134282.95957575762	137405.81910077517	142437.584	145911.67141463413	149559.4632	153394.32123076924	157431.01389473685	162774.9572072072	167296.48379629632	172076.38333333333	177137.45343137256	180874.37765656566	186526.70195833337	192543.692344086	198961.8154222222	203796.196091954	211074.63166666662	218892.2106172839	227311.14179487177	236693.81549333333	246556.05780555558	257275.88640579712	268970.24487878795	275413.7784444445	289184.46736666677	304404.7024912282	303382.1795925925	321228.19015686266	341304.95204166666	353716.5756444444	378982.04533333326	408134.5103589743	62188.70894444445	67842.22793939395	74626.45073333336	82918.27859259261	93283.06341666672	106609.21533333341	124377.41788888877	149252.90146666652	186566.12683333314	248754.83577777754	373132.2536666663	746264.5073333326
139119.0	60804.3562	61418.54161616162	62045.26142857143	62684.903298969075	63337.87104166667	64004.58547368422	64685.485319148946	65381.028172043014	66091.69152173914	65954.0381025641	66686.86074814814	67436.15131835206	68202.47121969696	68986.40767049807	69788.5752015504	70609.6172627451	71450.20794444445	72311.05382329317	72604.83493495935	73501.19092181069	74419.95580833332	75361.98056540084	76328.1598034188	77319.43460606059	78336.7955877193	79381.28619555556	80186.70572972973	81285.15375342465	82414.11422222224	83574.8763943662	84768.80320000001	85997.33657971016	87262.00329411766	88426.92739303484	89766.72932323233	91147.75592820512	92571.93961458335	94041.33548148148	95558.13121505377	96779.01042622952	98391.99393333333	100059.65484745761	101784.82131034482	103570.51992982454	105419.99349999998	106800.00214545453	108777.77996296294	110830.19090566036	112961.54073076921	115176.47290196079	117480.00236	119735.13723809524	122229.6192638889	124830.24946099293	127543.95053623189	130378.26054814816	134282.95957575762	137405.81910077517	140677.38622222224	144108.54198373982	147711.25553333331	153394.32123076924	157431.01389473685	161685.90616216217	166177.18133333337	170925.10080000001	177137.45343137256	182505.25505050505	188208.54427083337	194279.78763440857	198961.8154222222	205822.5676781609	213173.37366666662	221068.6838024691	227311.14179487177	236403.58746666665	246253.73694444448	257275.88640579712	268970.24487878795	281778.35177777783	289184.46736666677	304404.7024912282	321316.0748518518	321228.19015686266	341304.95204166666	364058.6155111111	378982.04533333326	408134.5103589743	442145.7195555556	67842.22793939395	74626.45073333336	82918.27859259261	93283.06341666672	106609.21533333341	124377.41788888877	149252.90146666652	186566.12683333314	248754.83577777754	373132.2536666663	746264.5073333326
151450.0	61847.85455333333	62472.58035690236	63110.05566666667	63760.67479725087	64424.848493055564	65103.004792982465	65795.58995035462	66503.06941218639	66091.69152173914	66817.97384615384	67560.39577777777	68319.5013483146	69095.85931818183	69890.06459770114	70702.73976744188	71534.53670588236	72386.13833333334	72311.05382329317	73192.89594308942	74096.51194238682	75022.71834166665	75972.3730042194	76946.37778632478	77945.68139393938	78336.7955877193	79381.28619555556	80454.00627927927	81556.11595433789	82688.83978703705	83853.47133333335	85051.37806666667	86284.00673429953	87262.00329411766	88564.42125373137	89906.30642424243	91289.48036923078	92715.8785	94187.55911111111	95558.13121505377	97124.65795628417	98743.40225555556	100417.01924293784	102148.34716091954	103940.42342690057	105419.99349999998	107336.72065454544	109324.43770370369	111387.16294339621	113529.22376923075	115755.28698039216	117480.00236	119877.55342857142	122375.00245833334	124978.72591489363	127695.65473913043	130378.26054814816	133341.40283333336	136442.36568992247	139690.99344444447	143098.09084552844	147711.25553333331	151498.72362393164	155485.53214035087	159687.84381981983	166177.18133333337	170925.10080000001	175952.30964705884	181284.19781818183	186949.32900000003	194279.78763440857	200755.78055555554	207678.3936781609	213173.37366666662	221068.6838024691	229571.32548717945	238754.17850666668	246253.73694444448	256960.4211594203	268640.44030303037	281778.35177777783	295867.26936666673	311439.2309122808	321316.0748518518	340217.02043137245	361480.5842083333	364058.6155111111	390062.8023333333	408134.5103589743	442145.7195555556	482340.78496969707	74626.45073333336	82918.27859259261	93283.06341666672	106609.21533333341	124377.41788888877	149252.90146666652	186566.12683333314	248754.83577777754	373132.2536666663	746264.5073333326
164874.0	63060.17517333333	63697.14663973064	64347.117523809524	65010.48986941581	65687.68247222222	66379.13176140352	67085.29273758865	67806.63997132616	67225.92886231885	67964.67533333333	68719.83839259259	69491.97140823971	70281.65290151516	71089.48799233716	71916.10994573645	72762.18182745099	72386.13833333334	73258.2604819277	74151.65390243902	75067.10641975308	76005.44524999999	76967.53949367088	77954.30282051282	78966.69636363635	78971.28246491228	80024.23289777777	81105.64145045044	82216.67763470318	83358.57593518519	84532.64038497653	85740.24953333334	86284.00673429953	87552.88918627452	88859.64872636818	90206.00704040405	91593.79176410257	93024.94476041668	94187.55911111111	95706.71329032259	97275.6758032787	98896.93706666667	100573.15633898304	102307.17627586206	103940.42342690057	105796.50241666666	107720.07518787879	109714.89139506171	111784.98368553458	113934.6949102564	115755.28698039216	118070.39271999999	120479.99257142856	122989.99241666668	125606.80076595745	127695.65473913043	130533.33595555557	133500.0026818182	136604.65390697672	139857.14566666668	143098.09084552844	146675.54311666667	150436.45447863248	154395.30854385966	159687.84381981983	164123.61725925928	168812.8634666667	173777.94768627454	181284.19781818183	186949.32900000003	192979.952516129	199412.61759999997	207678.3936781609	215095.47916666663	223061.9783950617	231641.28525641022	238754.17850666668	248702.2692777778	259515.4114202899	268640.44030303037	281432.8422222223	295504.48433333344	311439.2309122808	328741.4104074073	348079.14043137245	361480.5842083333	385579.28982222214	390062.8023333333	420067.63328205125	442145.7195555556	482340.78496969707	530574.8634666668	82918.27859259261	93283.06341666672	106609.21533333341	124377.41788888877	149252.90146666652	186566.12683333314	248754.83577777754	373132.2536666663	746264.5073333326
179488.0	64266.34018	64915.49513131314	65577.89814285714	66253.95894845361	66944.10435416667	67648.77913684212	68368.44700000001	67806.63997132616	68543.66866666666	69296.89579487179	70066.8613037037	70854.1294082397	71659.28996969697	72482.95996934865	73325.78508527132	72762.18182745099	73628.39827777779	74515.48741365461	75424.2128699187	76355.37599176954	77309.81819166667	78288.42348523205	79292.12122222222	78966.69636363635	80005.73184210526	81072.47493333333	82168.04891891891	83293.63863013698	84450.49472222224	85639.93830985916	85740.24953333334	86982.86184541063	88262.02157843138	89579.36518407962	90936.6282929293	92335.65334358974	93024.94476041668	94501.53118518519	96025.74943010753	97599.94204371587	99226.60774444445	100908.41465536722	102307.17627586206	104102.03901754385	105961.00399999999	107887.5677090909	109885.48562962962	111958.79667924528	113934.6949102564	116168.70853594772	118492.08270666667	120910.28847619049	123429.25281944446	125606.80076595745	128337.38339130435	131189.32524444445	134170.90081818184	137291.1543255814	139857.14566666668	143268.2955609756	146850.00295	150615.38764102565	154395.30854385966	158568.15472072072	162972.8256851852	167629.19213333336	173777.94768627454	179043.9461010101	184639.06941666672	190595.1684301075	199412.61759999997	206288.91475862067	213656.37599999996	221569.57511111107	231641.28525641022	240906.93666666665	250944.72569444447	259515.4114202899	271311.56648484856	284231.164888889	295504.48433333344	311057.3519298247	328741.4104074073	348079.14043137245	369834.0867083333	385579.28982222214	413120.66766666656	420067.63328205125	455073.26938888896	482340.78496969707	530574.8634666668	82918.27859259261	93283.06341666672	106609.21533333341	124377.41788888877	149252.90146666652	186566.12683333314	248754.83577777754	373132.2536666663	746264.5073333326
195397.0	65258.033866666665	65917.20592592593	66589.83047619047	67276.32357388317	67977.11861111112	68692.66722807019	68368.44700000001	69103.59159139785	69854.71758695653	70622.35184615385	71407.04464444444	72209.37098876404	73029.93202272728	73869.35652873563	73325.78508527132	74188.44138039216	75071.63711111112	75976.11466666666	76902.6526504065	77852.06811522633	78825.21896666667	79823.00654852319	79292.12122222222	80321.88903030302	81378.75599122807	82463.80607111112	83578.18182882882	84723.08842922373	85899.79799074076	85639.93830985916	86863.36600000001	88122.25536231886	89418.17088235295	90752.77044776121	92127.81242424242	93545.16338461539	93778.39792708334	95266.94392592592	96803.5075376344	98390.45028415302	100030.29112222222	101725.7197853107	102648.21490804598	104449.06078362573	106314.22258333332	108247.20844848485	110251.78638271605	111958.79667924528	114111.85046153844	116349.3377254902	118676.32448	121098.29028571429	123429.25281944446	126055.40713475179	128795.74207246378	131657.86967407409	134650.09398484853	137291.1543255814	140559.99133333334	143988.28380487804	147587.99089999998	150615.38764102565	154578.9504736842	158756.75994594593	163166.66994444447	167629.19213333336	172559.4624901961	177788.53711111113	183344.42889583338	190595.1684301075	196948.3407111111	203739.6628045977	211016.0793333333	221569.57511111107	230091.48184615382	239295.14112	250944.72569444447	261855.365942029	273757.8825757576	284231.164888889	298442.72313333343	311057.3519298247	328338.31592592585	347652.33450980386	369834.0867083333	394489.69248888886	413120.66766666656	444899.1805641025	455073.26938888896	496443.5666060607	530574.8634666668	589527.6260740743	93283.06341666672	106609.21533333341	124377.41788888877	149252.90146666652	186566.12683333314	248754.83577777754	373132.2536666663	746264.5073333326
212716.0	65847.63192	66512.75951515151	67191.46114285714	67884.1566185567	68591.28325000001	69313.29675789474	69423.44028368795	70169.9288888889	70932.64550724639	71712.12512820512	72508.9265185185	73323.63355805243	74156.85666666667	75009.23432950191	74728.30253488373	75607.45903529413	76507.54783333334	77429.32551807229	78373.58558536586	79341.16071604937	80332.925225	79823.00654852319	80846.37842735043	81896.33139393938	82973.91470175439	84080.23356444444	85216.45293693693	86383.80160730593	85899.79799074076	87109.6543004695	88354.07793333335	89634.57181642513	90952.72728431375	92310.23067661693	93708.87053535355	93545.16338461539	95006.8065625	96514.85111111111	98071.54225806452	99679.27245901641	101340.59366666667	101725.7197853107	103479.61150574712	105295.04328654968	107175.31191666664	109123.95395151514	110251.78638271605	112332.00876729559	114492.23970512819	116737.18558169936	119071.92929333333	121098.29028571429	123621.17133333335	126251.4090212766	128996.00486956524	131862.58275555557	134650.09398484853	137781.49151937984	141062.00322222224	144502.53988617886	148115.10338333333	151372.29835897437	155355.77989473683	159554.58475675675	163986.6565555556	167828.5748	172764.7093529412	178000.00357575758	183344.42889583338	189258.76531182794	195567.3908222222	202311.09395402297	211016.0793333333	218831.48967901233	227248.0854358974	239295.14112	249265.77200000003	260103.41426086958	273757.8825757576	286793.9722222223	298442.72313333343	314150.2348771931	331603.02570370364	347652.33450980386	369380.6054166666	394489.69248888886	422667.5276666666	444899.1805641025	481974.1122777778	496443.5666060607	546087.9232666668	589527.6260740743	663218.5793333336	106609.21533333341	124377.41788888877	149252.90146666652	186566.12683333314	248754.83577777754	373132.2536666663	746264.5073333326
231570.0	65918.05579333333	66583.89474074075	67263.32223809525	67956.75854982818	68664.6414513889	69313.29675789474	70050.67225531915	70803.90529032258	71573.51295652175	72360.03507692307	73164.03546666665	73986.10328089888	74826.85445454545	75009.23432950191	75881.43472868217	76774.15749019608	77688.13555555556	78624.13718875502	79582.9681300813	80565.47390946501	81572.54233333333	81349.79769620253	82392.74382051283	83462.77945454544	84560.97392105263	85688.45357333333	86846.40564864865	88036.08243835616	87583.57662962964	88817.14813145541	90085.96453333333	91391.55822222223	92735.55172549021	94119.66443781096	93708.87053535355	95150.54546666666	96637.27273958334	98171.19770370371	99754.60411827957	101389.92549726777	101340.59366666667	103058.23084745761	104835.09689655171	106674.30912280701	108579.20749999999	110553.3749090909	111144.76791358023	113241.83900628929	115419.56667948716	117682.6954379085	120036.34934666666	121501.96866666667	124033.25968055557	126672.26520567377	129426.01010144928	131862.58275555557	134859.45963636367	137995.72613953488	141281.33866666668	144727.22497560974	148115.10338333333	151912.92654700857	155910.63514035087	160124.43609009008	163986.6565555556	168671.9896	173632.93047058824	178000.00357575758	183562.50368750002	189483.8747741935	195800.0039333333	202311.09395402297	209536.49016666663	217297.10091358022	227248.0854358974	236338.00885333333	246185.42588888892	260103.41426086958	271926.2967272728	284875.16800000006	301133.67083333345	316982.8114035089	331603.02570370364	351109.0860392156	369380.6054166666	394005.9791111111	422667.5276666666	455180.4144102563	481974.1122777778	525789.9406666668	546087.9232666668	606764.3591851854	663218.5793333336	106609.21533333341	124377.41788888877	149252.90146666652	186566.12683333314	248754.83577777754	373132.2536666663	746264.5073333326
252095.0	65462.57087999999	66123.80896969697	66798.5417142857	67487.18647422681	68190.178	69387.4271508772	70125.59126950355	70879.62988530468	71650.06064492755	72437.42394871794	73242.2842148148	74065.23122846443	74906.88158333334	75686.9332413793	76567.01386046513	77467.80225882353	78390.038	79334.49628915662	80301.99014634146	81293.37274074073	81572.54233333333	82605.10616033754	83664.14598290599	84750.69333333331	85865.83403508773	87010.71182222222	88186.53225225225	88036.08243835616	89258.80580555557	90515.97208450706	91809.0574	93139.62344927537	94509.32379411766	95919.91071641793	95545.71995959597	97015.65411282051	98531.52370833333	100095.51614814815	101709.95995698925	103377.33634972679	103079.7575888889	104826.87212429378	106634.23198850574	108505.00798830409	110442.59741666666	110553.3749090909	112600.65962962962	114725.20037735847	116931.45423076922	119224.22784313727	120036.34934666666	122486.07076190476	125037.86390277778	127698.24398581561	130474.29276811595	132302.14365925928	135309.0105606061	138455.7317364341	141752.2967777778	144727.22497560974	148345.4056	152149.13394871796	156153.05852631578	160124.43609009008	164572.3370925926	169274.4038666667	174253.0628039216	178894.53442424242	184484.98862500003	190436.11729032255	195800.0039333333	202551.7282068965	209785.71849999996	217297.10091358022	225654.6817179487	234680.86898666667	246185.42588888892	256889.14005797103	268565.91915151523	284875.16800000006	299118.9264000001	316982.8114035089	334592.9675925925	354274.906862745	373053.40391666663	397923.6308444444	422149.26333333325	454622.28358974354	493112.11561111116	525789.9406666668	578368.9347333335	606764.3591851854	682609.9040833337	757964.0906666672	124377.41788888877	149252.90146666652	186566.12683333314	248754.83577777754	373132.2536666663	746264.5073333326
274439.0	64573.084753333336	65225.33813468015	65890.90280952382	66570.19046735395	67263.6299513889	68907.96934736843	69641.03285106384	70389.86116129032	71154.96834782608	71936.89107692307	72736.18986666665	73553.45042696629	74389.28509090909	75767.88022222221	76648.90208527133	77550.65387450982	78473.87594444446	79419.34432931727	80387.87291869918	81380.31579423868	82309.53989999999	83351.43281012657	84420.04092307693	85516.40509090907	86641.62094736841	87796.84255999999	88983.28637837837	89394.56694063926	90636.15814814817	91912.72375586856	93225.76266666668	94576.86067632852	95967.69686274511	95919.91071641793	97373.2426969697	98871.29258461538	100416.15653125	102010.06377777779	103655.38738709678	103377.33634972679	105100.29195555556	106881.65283615817	108724.43995402298	110631.88626900583	112607.45566666665	112450.64464242423	114533.06398765431	116694.06519496854	118938.18183333332	121270.30304575164	121608.7124	124090.52285714286	126675.74208333335	129370.97063829789	130474.29276811595	133373.72149629632	136404.94243939396	139577.15040310076	142900.4158888889	145209.6698699187	148839.91161666665	152656.3196068376	156153.05852631578	160373.41145945946	164828.22844444448	169537.60640000002	174253.0628039216	179533.45864646466	185143.87922916672	191116.2624301075	196783.98786666663	203569.64262068964	210839.98699999996	217555.5599259259	225923.08146153842	234680.86898666667	244459.2385277778	255087.90107246378	268565.91915151523	281354.77244444453	295422.51106666675	314862.0277894738	332354.3626666666	354274.906862745	376417.0885416666	397923.6308444444	426346.74733333325	454622.28358974354	492507.47388888896	537940.4897575759	578368.9347333335	642632.1497037039	682609.9040833337	757964.0906666672	884291.4391111103	149252.90146666652	186566.12683333314	248754.83577777754	373132.2536666663	746264.5073333326
298764.0	63404.70667999999	64045.15826262626	64698.68028571428	65365.67698969072	67263.6299513889	67971.66816140352	68694.77101418441	69433.42446594984	70188.13560144929	70959.4337948718	71747.87194814815	72554.02781273409	74389.28509090909	75244.33434482757	76119.26846511629	77014.78927058824	77931.632	78870.56732530119	79832.40351219512	80817.98874074072	82397.56974166667	83440.5769535865	84510.32794017094	85607.86466666666	86734.28393859649	87890.74105777778	89078.45377477478	90202.2355068493	91455.04433333334	92743.14354929578	94068.0456	95431.35060869566	96834.75282352942	97400.0505472637	98875.80888888889	100396.97517948718	101965.67791666667	103584.18074074075	105254.89333333334	105354.65603278691	107110.56696666668	108926.00030508473	110804.03479310343	112747.96522807017	112607.45566666665	114654.86395151514	116778.10217283948	118981.46259119496	121269.56764102563	121270.30304575164	123695.70910666666	126220.11133333333	128849.69698611113	131591.17990070925	132183.38304347827	135120.79155555557	138191.7186363637	141405.47953488372	142900.4158888889	146385.79188617883	150045.4366833333	153892.75557264956	156673.5911754386	160908.01255855855	165377.6795740741	170102.75613333334	174524.00658823532	179812.61284848486	185431.75700000004	191116.2624301075	197486.80451111108	204296.69432183908	210839.98699999996	218648.87540740738	227058.4475384615	234960.00472	244750.0049166667	255391.30947826087	266682.8056666667	279381.986888889	295422.51106666675	310971.06428070186	332354.3626666666	351904.61929411755	376417.0885416666	401511.5611111111	426346.74733333325	459142.6509743589	492507.47388888896	537280.8806060607	591734.5387333335	642632.1497037039	722961.168416667	780125.6046666673	884291.4391111103	149252.90146666652	186566.12683333314	248754.83577777754	373132.2536666663	746264.5073333326
325245.0	62122.38881333333	62749.88769023569	63390.19266666666	64043.69980756014	66046.56945833334	66741.79650526316	67451.81561702128	68177.10395698925	68918.1594347826	69675.50184615383	70449.67408888887	71241.24346067416	73378.50540151515	74221.9364980843	75084.98227131784	75968.33500392159	76872.71994444446	77798.89729317269	78747.66433333333	79719.85772016461	81828.21359999999	82864.01377215188	83926.37292307692	85016.3258181818	86134.96168421052	87283.42783999999	89078.45377477478	90298.70656621004	91552.85526851854	92842.3321032864	94168.65113333335	95533.41419323673	96938.31734313727	98280.04764179107	99769.13927272728	101304.0491076923	102886.924875	104520.05066666666	105254.89333333334	106980.38338797816	108763.38977777779	110606.83706214688	112513.85149425287	114487.77871345029	114761.32174999999	116847.89123636363	119011.74107407406	121257.2456226415	123589.11573076922	123647.4023006536	126120.35034666666	128694.23504761905	131375.36494444445	131591.17990070925	134451.8577246377	137439.6767851852	140563.30580303035	143832.21989147287	144772.27666666667	148303.30780487804	152010.89049999998	153892.75557264956	157942.56492982456	162211.28290090087	166717.15187037038	170102.75613333334	175105.77837254904	180412.0140808081	185431.75700000004	191413.42658064514	197793.87413333333	204614.35255172412	211593.0048333333	219429.78279012343	227058.4475384615	236140.78543999998	245979.98483333335	255391.30947826087	267000.0053636364	279381.986888889	293351.08623333345	308790.61708771944	328247.23451851844	347555.89537254896	373898.65799999994	398825.23519999994	430190.95833333326	459142.6509743589	497404.5385555556	537280.8806060607	591008.9686666669	657482.820814815	722961.168416667	780125.6046666673	884291.4391111103	149252.90146666652	186566.12683333314	248754.83577777754	373132.2536666663	746264.5073333326
354073.0	60854.39341333333	61469.08425589226	62096.31980952381	62736.48805498282	64710.82168055556	65391.988224561406	66087.64767375887	66798.26754121864	67524.33566666667	68266.36133333332	69024.87645925925	69800.43686891385	72050.80304545454	72878.97319540229	73726.40311627906	74593.77256470588	75481.79366666666	76391.21286746986	77322.81302439023	79719.85772016461	80716.35594166667	81738.08196624472	82786.00609401711	83861.14903030303	84964.5852017544	86097.44633777779	88462.93362162162	89674.75463013697	90920.23733333334	92200.80405633803	93517.9584	94873.2911304348	96938.31734313727	98385.15790049754	99875.84211111112	101412.39352820514	102996.96217708335	104631.8345925926	106205.85793548387	107946.93757377051	109746.0532	111606.15579661015	113530.39986206895	115522.16126315788	116532.20333333331	118650.97066666666	120848.21086419752	123128.36578616351	123589.11573076922	126012.43172549021	128532.68036	131155.79628571428	133888.20870833335	134170.5854751773	137087.33733333333	140133.72260740743	143318.57993939397	143832.21989147287	147256.79655555557	150848.4257398374	154619.63638333333	155908.60564102564	160011.46368421052	164336.09783783782	168900.98944444448	171480.49906666667	176524.04315686275	181873.2565858586	186049.88952083339	192051.49886021504	198453.21548888888	204614.35255172412	211922.00799999997	219770.97125925924	227869.3898205128	236984.16541333334	245979.98483333335	256674.7667826087	268341.80163636367	279714.2913333334	293700.0059000001	308790.61708771944	325945.6513703703	347555.89537254896	369278.13883333333	398825.23519999994	427312.7519999999	463282.57051282044	497404.5385555556	542623.1329696971	591008.9686666669	657482.820814815	739668.173416667	826241.3353333339	910146.5387777769	1061149.7269333322	186566.12683333314	248754.83577777754	373132.2536666663	746264.5073333326
385457.0	59679.40262666667	60282.224875420885	60897.34961904762	61525.157347079046	63389.993138888894	64057.25622456141	64738.71639716312	65434.83162724015	66146.07979710145	66872.95979487179	67615.99268148147	68375.72293632959	70593.62365151515	71405.04461302681	72235.33582945737	73085.16330980393	73955.22477777778	74846.2515823293	75759.01074796748	78277.41565432097	79255.88334999999	80259.12237974681	81288.08548717949	82343.77490909089	83427.24563157895	84539.60890666666	87260.92534234235	88456.28048401827	89684.83993518521	90948.0066948357	92247.26393333335	93584.1808019324	96268.4865882353	97705.32967164181	99185.71345454545	100711.6475076923	102285.26699999999	103908.84266666666	106319.444827957	108062.3865464481	109863.42632222224	111725.5182937853	113651.82033333334	115522.16126315788	117585.05699999997	119722.96712727271	121940.0591111111	124240.81494339621	125496.21897435896	127956.9291503268	130516.06773333333	133179.66095238095	135954.23722222223	136736.89400000003	139709.43517391305	142814.0892888889	146059.8640454546	146651.5701705426	150143.27422222224	153805.305300813	157650.43793333333	158584.24244444445	162757.51198245614	167156.36365765764	168900.98944444448	173726.73200000002	178836.3417647059	184255.62484848485	187556.7958541667	193607.01507526878	200060.5822444444	205296.42981609196	212628.44516666664	219770.97125925924	228223.7009230769	237352.64896	246858.50563888892	257591.48414492756	268341.80163636367	281119.98266666674	295175.98180000007	309157.90094736853	326333.3398888888	345118.9249803921	366688.85779166664	393896.6814222222	427312.7519999999	460182.96369230765	501889.45138888893	542623.1329696971	596885.4462666669	656676.631851852	739668.173416667	826241.3353333339	910146.5387777769	1061149.7269333322	186566.12683333314	248754.83577777754	373132.2536666663	746264.5073333326
419622.0	58631.48564	59223.72286868688	59828.046571428575	60444.83055670103	62166.044402777785	62820.42381754387	63488.72619858157	64171.40067383513	64868.91589855073	65581.76112820512	66310.44736296296	67055.50856928839	69152.71978787878	69947.57863601531	70760.92257364342	71593.40401568628	72445.70644444445	73318.5462811245	74212.67489430893	76694.30717695472	77652.98601666666	78635.93520675103	79644.08822222223	80678.427030303	81739.98528070175	82829.8517511111	85682.03605405404	86855.76257534245	88062.09261111112	89302.40377464789	90578.15239999999	91890.87924637682	94960.41875490198	96377.73843781097	97838.00720202022	99343.20731282052	100895.44492708334	102496.95992592594	105584.79174193548	107315.68996721313	109104.2848	110953.50996610167	112866.50151724136	115645.71191812865	117710.81391666665	119851.01053333333	122070.47369135801	124373.69017610062	126630.06138461537	129113.00376470589	131695.26384	134382.92228571427	135954.23722222223	138846.8805673759	141865.29101449277	145017.85303703704	148313.71333333338	149456.60506976742	153015.0956666667	156747.17117073172	157650.43793333333	161692.75685470086	165947.82940350877	170432.90587387385	171799.5959814815	176708.1558666667	181905.4545686275	184255.62484848485	190013.61312500003	196143.08451612902	200060.5822444444	206959.22301149424	214350.6238333333	220503.5727654321	228984.47941025638	238143.85858666667	247242.3426666667	257992.00973913047	269300.18796969706	282124.00644444453	295175.98180000007	310711.5597894738	326333.3398888888	345529.4187058823	366688.85779166664	391134.7816444444	422032.1586666666	460182.96369230765	498531.54400000005	547515.7651515153	596885.4462666669	663206.0514074076	738761.2108333337	845335.0553333339	963948.2245555546	1092175.8465333323	1326437.1586666652	248754.83577777754	373132.2536666663	746264.5073333326
456815.0	57718.23031333333	58301.242740740745	58896.15338095238	59503.330219931275	61074.46420833334	61717.35330526317	62373.920893617025	63044.60821505377	63729.875695652176	64430.204	65146.09515555555	65878.073752809	67817.50298484848	68597.01451340996	69394.65421705427	70211.0619137255	71046.9078888889	71902.8947309237	72779.759300813	75128.88075720164	76067.99176666666	77030.87773839661	78018.4530940171	79031.67975757574	80071.57028070175	81139.19121777777	83949.17407207206	85099.16275799085	86281.09557407408	87496.32227230047	88746.26973333333	90032.44755555557	93242.21570588235	94633.89056716418	96067.73739393939	97545.70258461537	99069.8541875	100642.39155555554	104150.13669892475	105857.51598907106	107621.80792222223	109445.90636158192	111332.90474712643	114846.61557894734	116897.44799999997	119022.85614545453	121226.9831111111	123514.28467924526	126765.4919102564	129251.08979084968	131836.11158666667	134526.6444761905	137182.56650000002	140101.3445106383	143147.0259130435	146328.07093333334	148313.71333333338	151762.86945736432	155376.27111111113	159165.9362601626	160665.85045	164785.48764102565	169121.94784210526	173692.8112972973	175167.15325925927	180171.92906666666	185471.10345098042	187417.7410707071	193274.5454791667	199509.20823655912	202681.1873333333	209670.19379310342	217158.41499999998	222289.53582716046	230839.13335897433	238143.85858666667	248066.51936111113	258852.02020289857	269718.91927272733	282562.6773333334	296230.2067666668	311821.27028070186	327973.31311111106	347265.8609411764	367125.0073749999	391134.7816444444	419072.98033333325	454496.1708717948	492370.85177777783	543852.5934545456	602267.3416666669	663206.0514074076	738761.2108333337	845335.0553333339	963948.2245555546	1092175.8465333323	1326437.1586666652	248754.83577777754	373132.2536666663	746264.5073333326
497305.0	56935.431326666665	57510.5366936027	58097.37890476191	58696.32095532646	60123.156576388894	60756.03190877194	61402.37267375887	62062.61324014338	62737.206862318846	63426.62671794872	64131.36701481481	64851.944172284646	66626.68822727272	67392.51222988505	68176.14609302326	68978.21840000001	69799.38766666668	70640.34414457831	71501.81175609755	73678.27484773663	74599.25328333334	75543.54762869197	76512.05464957266	77505.71769696969	78525.52977192983	79572.53683555555	82235.66677477477	83362.18275799086	84519.99085185186	85710.41325821597	86934.84773333334	88194.77306280195	91356.45413725491	92719.9833034826	94124.83153535353	95572.90586666665	97066.23252083334	98606.96637037037	102265.65593548387	103942.14209836067	105674.51113333332	107465.60454237285	109318.45979310342	113286.11360233917	115309.07991666665	117405.60864242424	119579.78658024692	121836.00896855346	125889.55938461536	128357.98211764706	130925.14175999998	133597.0834285714	137329.2829027778	140251.1825390071	143300.1212898551	146484.56842962967	149653.70890909096	153134.0277209302	156780.076	160603.9802926829	163145.08466666666	167328.29196581198	171731.66807017545	173692.8112972973	178517.61161111115	183618.1148	189018.64758823533	191091.43991919194	197063.0474166667	203419.91991397846	206159.51517777776	213268.46397701147	217158.41499999998	225201.31925925924	233862.90846153843	240072.6986933333	250075.72780555557	258852.02020289857	270618.0211212122	283504.5935555556	296690.8112000001	312306.1170526317	329144.6741851851	347265.8609411764	368969.97724999994	391600.0078666666	419571.4369999999	451309.3634358974	492370.85177777783	537131.8383030305	598237.8528000002	669185.9351851854	746106.8078333337	844298.5266666673	986224.2312222213	1156737.8694666654	1326437.1586666652	248754.83577777754	373132.2536666663	746264.5073333326
541383.0	56273.977153333326	56842.40116498317	57422.42566666666	58014.40943642612	59307.74096527778	59932.032975438604	60569.60779432624	61220.89389964158	61886.338398550724	62566.408051282044	63261.590362962954	63972.39474906367	65588.89808333333	66342.79346360153	67114.22129457365	67903.80036862746	68712.17894444446	69540.03652208835	70388.08574796747	72384.5501728395	73289.35704999999	74217.07043037974	75168.57133333334	76144.78654545454	77146.69163157894	78175.31418666667	80647.84138738738	81752.60633789955	82888.05920370371	84055.496657277	85256.28946666667	86491.88786473431	89491.75501960785	90827.4528557214	92203.62638383839	93622.14371282051	95084.98970833333	98606.96637037037	100197.40131182795	101839.9816612022	103537.31468888889	105292.18442937851	107107.56691954022	111236.32750877191	113222.69049999997	115281.28487272725	117416.12348148145	121836.00896855346	124179.00914102563	126613.89167320263	129146.16950666667	131781.80561904763	136380.356	139282.06570212767	142309.93669565217	145472.37973333334	149813.7631666667	153297.80417054263	156947.75188888892	160775.74583739837	164619.07979999998	168840.08184615386	173283.24189473683	176373.0645045045	181272.31629629634	186451.52533333335	189018.64758823533	194746.4853939394	200832.31306250003	203419.91991397846	210200.58391111108	217448.87990804596	220885.1948333333	229066.12797530863	237876.36366666664	243217.4248	253351.4841666667	260948.5855362319	272809.8848787879	283504.5935555556	297679.8232333334	312306.1170526317	329656.45688888885	348506.1256078431	370287.7584583333	393567.97573333327	419571.4369999999	451846.16292307683	488918.4770555556	537131.8383030305	598237.8528000002	664708.7253333336	752834.1770833337	852693.4946666673	986224.2312222213	1156737.8694666654	1365219.8081666653	248754.83577777754	373132.2536666663	746264.5073333326
589369.0	55723.232599999996	56286.09353535354	56860.44142857143	57446.631546391756	58045.03395833333	59235.76542456141	59865.933141843976	60509.652853046595	61167.366471014495	61839.535333333326	62526.641281481476	63229.18781273408	64699.353780303034	65443.02451340995	66203.98991472869	66982.86038431374	67780.2753888889	68596.9052128514	69433.45283739836	71257.07446090535	72147.78789166667	73061.05102953585	73997.73117094018	74958.74066666665	75945.03988596491	76957.64041777777	79231.73735135134	80317.10361643835	81432.61894444446	82579.55723943663	83759.26520000001	84973.16759420291	87763.82739215688	89073.73526368162	90423.33731313133	91814.46557948718	93249.06660416667	96594.27525925926	98152.24744086021	99761.30067759565	101423.98902222223	103143.0396836158	104921.36795402298	108986.64704093566	110932.83716666664	112949.79784242423	115041.46076543209	119631.52203773582	121932.1282307692	124322.9542745098	126809.41335999998	129397.36057142857	134527.2599027778	137389.54202836883	140376.27120289858	143495.74389629634	148778.5701818182	152238.53693023254	155863.264	159664.80702439023	164795.13948333333	169020.6558803419	173468.56787719298	177966.57275675674	182910.08866666668	188136.0912	191935.39372549023	197751.61777777778	203931.3558333334	207310.77477419353	214221.1339333333	221608.06958620687	225214.9113333333	233556.20434567897	237876.36366666664	247391.41821333332	257699.39397222226	264366.76608695654	276383.4372727274	285800.8317777779	300090.8733666667	313347.1823508773	330755.3591481481	349048.01317647053	370287.7584583333	394973.60902222217	421679.97399999993	454116.895076923	489500.0098333334	533365.6113333334	590845.0221333335	664708.7253333336	752834.1770833337	852693.4946666673	985014.9477777769	1183469.0774666655	1365219.8081666653	1768582.8782222206	373132.2536666663	746264.5073333326
641607.0	55272.92815333333	55831.24055892256	56400.947095238094	56982.4001580756	57575.96682638889	58656.03431578948	59280.034680851066	59917.45440860215	60568.731086956526	61234.32153846153	61914.70288888888	62610.37370786517	63947.70131060606	64682.73236015325	65434.857155038764	66204.67900392157	66992.82994444444	67799.97247389557	68626.80140650406	70290.65595884772	71169.28915833333	72070.16623628691	72994.14272649573	73942.1186060606	74915.04121929825	75913.90843555555	77997.60853153153	79066.06892237443	80164.20876851854	81293.28213145542	82454.61473333334	83649.60914975847	86222.77300000002	87509.68005970151	88835.58430303031	90202.2856	91611.6963125	94729.21051851852	96257.1010107527	97835.08627322406	99465.67104444445	101151.5298757062	102895.52177011494	106762.09370760233	108668.55966666664	110644.35166060604	112693.32113580246	117212.05436477985	119466.13233333331	121808.60551633987	124244.77762666666	126780.38533333332	132093.13891666668	134903.63123404255	137836.3188695652	140899.34817777778	146757.01080303034	150169.96454263566	153745.4398888889	159664.80702439023	163656.42719999998	167852.74584615385	172269.92336842103	178156.90754954956	183105.71053703708	188337.3022666667	193669.50564705883	199538.27854545455	205773.84975000005	210509.78666666665	217526.77955555555	225027.70298850574	229522.64349999998	238023.48214814812	242539.13528205125	252240.70069333332	262750.7298888889	268903.7154492754	281126.6116060607	289544.5533333334	304021.7810000001	315885.1298596492	333434.30374074064	350211.556745098	370863.51399999997	395587.74826666666	423186.0096666666	454116.895076923	491959.9696666667	534000.0107272728	586702.1724666669	656494.4690370372	747797.3160000003	860381.9166666673	994809.0771111102	1183469.0774666655	1445922.3368333317	1768582.8782222206	373132.2536666663	746264.5073333326
698476.0	54915.11027333333	55469.80835690236	56035.82680952381	56613.51574570447	57203.23986805556	58182.029635087725	58800.987397163124	59433.256078853046	60079.26973188406	60739.48148717948	61414.364614814804	62104.41365543071	62810.145628787875	64049.69264367815	64794.45651162791	65556.74423529413	66337.18166666667	67136.4248192771	67955.16170731706	68794.11432098765	70342.47144166665	71232.88247257382	72146.12455555555	73083.0872121212	74044.70678070176	75031.96953777777	76939.77206306305	77993.74154337899	79076.98795370372	80190.74834741784	81336.33046666667	82515.1178647343	84879.75046078433	86146.61240796022	87451.86411111112	88797.2774051282	90184.73486458334	93065.85022222223	94566.91232258065	96117.1895737705	97719.14273333334	99375.39938983049	101088.76834482758	104700.7063625731	106570.36183333331	108508.00477575757	110517.41227160493	114819.61021383647	117027.67964102562	119322.3400261438	121708.78682666666	124192.63961904762	129421.64336111111	132175.29534751773	135048.67133333333	138049.75291851853	144101.6060909091	147452.8062325581	150963.58733333333	157495.32866666667	161432.71188333334	165572.01218803422	169929.1704035088	176925.86724324324	181840.47466666668	187035.9168	193876.63468627454	199751.68422222225	205993.92435416672	212411.71587096772	219492.10639999996	227060.7997241379	233064.40666666662	241696.42172839504	247178.23146153844	257065.36072	262750.7298888889	274174.67466666666	286637.15987878793	294513.5931111112	309239.2727666668	320022.92736842117	333434.30374074064	353048.0863137254	372099.77904166665	396906.43097777775	423844.01599999995	455738.7796410256	491959.9696666667	536683.6032727273	587400.0118000002	651891.3027407409	738556.277666667	854625.5040000007	994809.0771111102	1182017.9373333321	1445922.3368333317	1820293.0775555538	373132.2536666663	746264.5073333326
760385.0	54642.86151333333	55194.80960942761	55758.02195238095	56332.8469209622	56919.64740972222	57805.37923508773	58420.33007801419	59048.5056702509	59690.33725362319	60346.27502564102	61016.78919259259	61702.37109363296	62403.53440151515	63532.10132567049	64270.84668992248	65026.97429803922	65801.10494444445	66593.88934136546	67406.00994308942	68238.18290534978	69654.04075	70535.73746835442	71440.0417948718	72367.83454545453	73320.04289473683	74297.64346666666	76045.91507207206	77087.63993607304	78158.30160185185	79259.12275117371	80391.39593333333	81556.48862801933	83728.57548039216	84978.2557114428	86265.80504040404	87592.97127179487	88961.61144791667	90373.70051851853	93093.91986021506	94620.04969398909	96197.05052222223	97827.5090056497	99514.19019540229	102862.25550877192	104699.08149999999	106602.70116363636	108576.82525925925	112602.64646540879	114768.08197435897	117018.43652287583	119358.80525333334	121794.69923809524	126779.98627777779	129477.43279432625	132292.1595942029	135231.98536296297	141187.24730303034	144470.6716589147	147910.44955555556	154645.62604878045	158511.76669999998	162576.17097435897	166854.4912631579	174521.8506846847	179369.67987037043	184494.5278666667	192536.9731764706	198371.4269090909	204570.53400000004	212638.88965591395	219726.85264444444	227060.7997241379	235170.11399999994	243880.1182222222	250992.4379487179	261032.13546666666	267776.4174166667	279418.8703478261	286637.15987878793	300286.54844444455	309239.2727666668	325515.0239649124	337801.97888888884	357672.6835294117	375113.5917083333	396906.43097777775	425256.8903333333	456447.4018461538	493717.01127777784	536683.6032727273	587400.0118000002	651891.3027407409	738556.277666667	854625.5040000007	1003778.9027777768	1193770.892533332	1479336.3468333317	1820293.0775555538	373132.2536666663	746264.5073333326
827782.0	54451.85466	55001.8733939394	55563.117	56135.93263917526	56720.681937500005	57518.80159298246	58130.70373758866	58755.765068100365	59394.4146884058	60047.10056410256	60714.290570370365	61396.47361048689	62094.16081060606	63120.81640613026	63854.77938759691	64606.01208627452	65375.131277777786	66162.78346184739	66969.64667479675	67796.43243621399	69091.16019166666	69965.73183966243	70862.7284017094	71783.02357575756	72727.53704385964	73697.23753777776	75301.66567567567	76333.19534246574	77393.37861111113	78483.4261971831	79604.618	80758.30811594204	82755.84875490196	83991.01067661693	85263.60174747475	86575.34946666667	87928.08930208333	89323.77325925927	91831.34084946237	93336.77266666667	94892.38554444445	96500.73106214688	98164.53677011494	101260.05318128654	103068.26841666666	104942.23693333333	106885.61169135802	110625.44460377358	112752.85699999999	114963.69733333334	117262.97128	119656.09314285715	124332.08880555557	126977.45239716314	129737.83179710146	132620.89472592596	138305.4395757576	141521.8451472868	144891.4128888889	151518.02149593495	155305.97203333332	159288.17644444446	163479.9705614035	171364.07210810808	176124.18522222224	181156.30479999998	189920.83750980397	195676.01440404044	201790.88985416671	211169.58348387093	218208.56959999996	227303.64066666667	235421.6278333333	244140.94738271603	253260.12276923074	263390.52768	271908.47444444447	283730.58202898555	292119.7280909092	306030.19133333344	315300.8758666668	331895.65880701767	343599.1919629629	363810.9091372549	380027.22624999995	400121.1644888888	428701.2476666666	457968.95882051275	494484.6853333334	538600.3759393941	590351.9636000001	652666.679777778	733377.7155833337	844064.317333334	997063.087999999	1193770.892533332	1477522.4216666652	1927896.4491111091	2652874.3173333304	746264.5073333326
901152.0	54336.60451333333	54885.459104377114	55445.51480952381	56017.11805498282	56600.6297013889	57196.425803508784	57927.504957446814	58550.38135483871	59186.79854347827	59837.20292307692	60502.060733333325	61181.859168539326	61877.10756818182	62807.88679693486	63538.21106201551	64285.71942745099	65051.025611111116	65834.77290763051	66637.63599186992	67460.32285596707	68643.88784166666	69512.79781434598	70403.98752991454	71318.32503030302	72256.72404385965	73220.1470311111	74693.14615315314	75716.33993607305	76767.95576851853	77849.19458215963	78961.32593333333	80105.69297584542	81945.93029411766	83169.00388059703	84429.1403030303	85728.05015384615	87067.5509375	88449.57555555555	90764.47927956989	92252.42156284154	93789.96192222222	95379.62229378529	97024.09854022987	99886.72162573098	101670.41308333332	103518.96604848483	105435.98393827159	108902.32134591194	110996.59675641025	113173.0006143791	115436.46062666667	117792.30676190477	122148.92841666668	124747.84178723405	127459.75139130435	130292.19031111113	135635.005969697	138789.3084341085	142093.8157777778	148425.34978861787	152135.98353333332	156036.9061880342	160143.1405614035	167898.3481441441	172562.19114814815	177492.53946666667	186484.4314117647	192135.47478787877	198139.70837500002	208300.27339784947	215243.61584444443	225733.0030344827	233794.89599999995	242453.9662222222	253530.9838205128	263672.22317333333	274365.13300000003	286294.051826087	296627.42666666675	310752.5422222223	321331.7009000001	338243.89568421064	350334.3065185184	363810.9091372549	386549.0909583333	405362.3746666666	428701.2476666666	461678.26671794866	496133.03872222226	539437.8385454547	592460.4135333336	655946.6262222225	734250.0147500003	838145.9606666673	997063.087999999	1204534.6833333322	1477522.4216666652	1927896.4491111091	2652874.3173333304	746264.5073333326
981025.0	54287.9386	54836.30161616162	55395.85571428572	55966.94701030928	56549.936041666675	57145.1985263158	57804.89841843973	58426.45646594983	59061.526644927544	59710.55441025641	60374.00501481481	61052.36462172285	61746.14149242425	62588.33868965517	63316.11006976745	64061.00548235295	64823.63650000001	65604.6441686747	66404.70080487804	67224.51192592592	68303.57689166666	69168.17913080168	70054.95065811966	70964.75521212119	71898.50199122807	72857.14868444444	73841.70474774775	75226.178456621	76270.98649074075	77345.2257370892	78450.15753333333	79587.11633816425	81283.71787254902	82496.9076915423	83746.86083838383	85035.27408205127	86363.95023958333	87734.80659259259	89876.18161290322	91349.56163934428	92872.05433333333	94446.15694915252	96074.53896551723	98726.27570760233	100489.24491666665	102316.32209696968	104211.06880246912	107425.34212578615	109491.21408974357	111638.10064052288	113870.86265333333	116194.75780952381	120246.31315277779	122804.74534751775	125474.41372463769	128262.73402962965	133253.37645454548	136352.29218604648	139598.77533333335	145559.518601626	149198.50656666668	153024.10929914532	157051.05954385965	164471.33354954954	169039.98170370373	173869.6954666667	182712.90827450983	188249.66307070706	194132.4650416667	204531.3118709677	211349.0222666666	222665.80949425287	230618.1598333333	239159.57316049383	251779.11876923073	261850.28351999997	274658.5658055556	286600.2425797102	299307.4178181819	313560.15200000006	326290.16933333344	343463.336140351	357035.2232222222	370942.2069019607	394126.0948333333	412319.03035555553	434316.82999999996	467725.81692307687	500151.45561111113	541236.0422424244	593381.6224000002	658289.3483703706	737939.9545000003	839142.8740000007	984741.7035555546	1196475.7055999988	1492213.6156666651	1972448.4624444426	2652874.3173333304	746264.5073333326
1067978.0	54293.48474666666	54841.903784511785	55401.51504761905	55972.66468728522	56555.71327777778	57151.0365754386	57753.126170212774	58374.127526881726	59008.62891304348	59657.07538461538	60319.93177777777	60997.68382022472	61690.83931818182	62399.92942528735	63182.09827131784	63925.417074509816	64686.433944444456	65465.788570281125	66264.15184552845	67082.22779423867	67920.75564166666	68926.39830379745	69810.07007692308	70716.69436363636	71647.17718421052	72602.47288	73583.58737837838	74853.23494977168	75892.86321296297	76961.77677934273	78061.23073333333	79192.5529178744	80357.14928431374	81962.85115422888	83204.71253535354	84484.78503589744	85804.85980208333	87166.8417037037	89149.88411827957	90611.35762841531	92121.54692222222	93682.9290734463	95298.15198850574	97760.05719298244	99505.77249999998	101314.96836363635	103191.17148148146	105138.17471698111	108219.18683333331	110341.13167320262	112547.95430666665	114844.85133333332	118615.48193055556	121139.21558865249	123772.67679710145	126523.18072592594	131177.7961666667	134228.44258914728	137424.35788888892	143003.6235121951	146578.71409999998	150337.14266666668	154293.38326315788	161295.68277477476	165776.11840740743	170512.57893333334	178983.5100392157	184407.25276767678	190169.9794166667	200394.80262365588	207074.62937777775	218636.91958620684	226445.38099999994	234832.2469629629	248358.01828205126	258292.33901333335	272760.712	284619.87339130434	299627.5263333334	313895.5037777779	329238.1596000001	346566.48378947383	362544.6325925925	378037.29517647054	401664.62612499995	420401.16782222217	441770.3896666666	467725.81692307687	506702.9683333334	545619.7697575758	595359.6464666668	659312.913777778	740575.5169166671	839142.8740000007	977836.9541111102	1196475.7055999988	1505668.354166665	1972448.4624444426	2730439.6163333305	746264.5073333326
1162638.0	54337.579659999996	54886.4441010101	55446.50985714285	56018.12336082474	56601.64547916667	57197.45227368421	57805.935808510636	58380.09112544803	59014.657333333336	59663.170051282046	60326.09416296295	61003.91544569288	61697.14175757576	62406.304306513404	63125.51000000001	63868.163058823535	64628.49833333334	65407.154939759035	66204.8031707317	67022.14641975307	67859.92324999999	68780.51204219408	69662.31347863248	70567.01884848483	71495.53225438597	72448.80601777778	73427.84393693693	74591.58172602739	75627.57591666668	76692.75304225353	77788.3638	78915.73139130436	80076.2568529412	81556.50972139306	82792.21441414142	84065.94078974359	85379.47111458334	86734.70081481482	88572.75850537635	90024.77093989072	91525.18378888888	93076.45809039546	94681.22460919539	96970.04939181285	98701.65741666664	100496.23300606059	102357.27435802468	104288.54368553458	107160.06269230768	109261.24039215686	111446.46519999999	113720.88285714286	117237.45240277778	119731.86628368795	122334.73294202899	125053.28256296297	129398.70756060608	132407.97982945736	135560.5507777778	140776.17149593495	144295.57578333333	147995.46234188037	151890.07977192983	158463.4747027027	162865.23788888892	167518.53040000002	175527.65478431375	180846.67462626265	186498.13320833337	196304.4948817204	202847.97804444443	214215.13383908043	221865.67433333327	230082.92153086417	243864.2564615384	253618.82671999995	269054.5198055556	280752.54240579717	297557.1403636364	311726.52800000005	329590.2789666668	346937.13575438614	365820.17733333324	383870.78745098034	407862.7116666666	428442.2678666666	450429.8226666666	475752.7273333333	506702.9683333334	552766.8745454547	600181.7467333334	661510.7182962965	740575.5169166671	843359.9480000006	979000.0196666657	1181690.0442666656	1505668.354166665	1970029.8955555537	2730439.6163333305	746264.5073333326
1265689.0	54406.17513333333	54955.73245791246	55516.50523809523	56088.84034364261	56673.09909722222	57269.65803508773	57878.90971631206	58427.50501075269	59062.586586956524	59711.62599999999	60375.0885111111	61053.46029213483	61747.24961363636	62456.98811494252	63131.95900775194	63874.68793725491	64635.10088888889	65413.8370441767	66211.56676422764	67028.99351440328	67866.85593333333	68718.90962025315	69599.92128205129	70503.81636363635	71431.49815789473	72383.91813333333	73362.07918918919	74433.70481278538	75467.50626851854	76530.4288920188	77623.72073333334	78748.70219323674	79906.77134313727	81271.42486567167	82502.8100909091	83772.08409230769	85081.02290625	86431.51533333334	88133.64760215054	89578.46149726777	91071.43585555555	92615.01951412427	94211.83019540229	96342.29872514619	98062.69691666665	99845.65504242423	101694.64865432098	103613.41561006288	106294.09260256408	108378.29049673202	110545.85630666665	112801.89419047619	116090.06791666667	118560.06936170213	121137.46217391305	123829.40577777779	127895.40262121215	130869.7143100775	133985.65988888888	138866.90567479673	142338.57831666665	145988.28545299146	149830.0824385965	155995.21706306306	160328.41753703708	164909.22946666667	172445.54600000003	177671.16860606062	183223.39262500004	192514.20202150536	198931.34208888886	209842.73590804596	217337.11933333328	225386.6422716049	238932.26466666663	248489.55525333332	264186.27783333336	275672.6377391304	293514.0216060607	307490.8797777779	327312.85440000007	346937.13575438614	366211.42107407405	387339.01129411755	411547.69949999993	435053.5591111111	459045.28699999995	485078.2705641025	515398.7879444445	552766.8745454547	600181.7467333334	661510.7182962965	741727.0280000004	846372.019333334	979000.0196666657	1173404.3449333322	1495594.6319999986	1989618.1542222204	2891844.6736666635	746264.5073333326
1377873.0	54485.52769333333	55035.88655892256	55597.477238095234	56170.64710652921	56755.758013888895	57353.18704561404	57963.327333333335	58501.26358422939	59137.14688405797	59787.00564102564	60451.30570370369	61130.5338576779	61825.19901515151	62535.83348659003	63262.99434108527	63926.564305882355	64687.594833333336	65466.96344578313	66265.34104878048	67083.43167901234	67921.97457499999	68725.93005907172	69607.03172649573	70511.01915151514	71438.79571929824	72391.31299555555	73369.57398198197	74374.63663926939	75399.91472222224	76461.88535211269	77554.198	78678.17188405799	79835.20382352942	81099.40972139305	82328.18865656566	83594.77617435898	84900.94455208334	86248.5785925926	87639.68469892474	89265.33550819673	90753.0911	92291.27908474575	93882.50803448276	95864.66932163741	97576.53841666665	99350.65729696969	101190.4842839506	103099.73870440251	105605.98129487177	107676.68681045753	109830.22054666666	112071.65361904762	115151.93365277778	117601.97479432625	120158.53946376812	122828.72922962964	126643.71045454548	129588.9130232558	132674.36333333334	137253.60281300812	140684.9428833333	144292.2491111111	148089.41356140352	153879.5441261261	158153.97590740744	162672.66093333333	169759.50092156866	174903.72822222224	180369.4697291667	189133.82464516128	195438.28546666665	205791.04354022988	213140.72366666663	221034.82454320986	234055.35928205124	243417.57365333333	258843.28672222223	270097.34266666666	288203.2121818182	301927.1746666667	322865.4237666668	344539.8467368422	363680.94933333324	387753.26937254897	411547.69949999993	438984.2127999999	466128.81333333324	494356.4629230769	525501.4597777778	562253.2232121214	608043.5620000002	666868.6074814816	744199.5580833338	847688.0320000007	983919.9393333324	1174800.0235999988	1477112.555333332	1989618.1542222204	2891844.6736666635	746264.5073333326
1500000.0	54563.66132	55114.80941414142	55677.205428571426	56251.1972371134	56837.147208333336	57435.43296842106	58046.44821276596	58670.603569892475	59223.39966666667	59874.20625641025	60539.4752148148	61219.694037453184	61915.37237878788	62627.04332567049	63355.264759689926	64007.264862745105	64769.25611111111	65549.6085943775	66348.99406504065	67168.11744855966	68007.71891666666	68868.57611814345	69663.56366666667	70568.28527272725	71496.81534210526	72450.10621333333	73429.1617027027	74435.04063013698	75407.61770370371	76469.69682629108	77562.12106666667	78686.20977777778	79843.35992156864	81026.77402985077	82254.45242424242	83519.90553846153	84824.9040625	86171.33111111111	87561.19129032259	89076.40084153008	90561.00752222224	92095.93985310734	93683.80088505747	95327.37633918128	97235.45474999999	99003.3721090909	100836.76788888888	102739.34841509433	105082.42598717948	107142.86571241831	109285.72302666666	111516.0439047619	114406.47973611113	116840.66015602837	119380.67450724638	122033.5783851852	125620.29125757578	128541.69337984495	131602.2098888889	134812.01988617884	139308.0815	142880.0835897436	146640.08578947367	152091.83014414413	156316.6032037037	160782.79186666667	167457.15096078432	172531.61008080808	177923.22289583337	186187.83972043009	192394.10104444443	202177.53668965516	209398.16299999997	217153.6505185185	229536.16394871793	238717.61050666668	253559.97255555558	264584.3191884058	282374.4946060607	295820.8991111112	317023.5334000001	339858.3408070177	358739.3597407407	385073.9463529411	411987.84870833333	439453.7052888889	470340.2279999999	501984.8758974358	535552.8348333334	573274.3197575759	618478.5455333336	675603.957777778	750227.183416667	850513.7806666674	987434.0225555546	1174800.0235999988	1477112.555333332	2007557.8055555536	2958672.6936666635	746264.5073333326
