years	0.0	0.01	0.02	0.03	0.04	0.05	0.06	0.07	0.08	0.09	0.1	0.11	0.12	0.13	0.14	0.15	0.16	0.17	0.18	0.19	0.2	0.21	0.22	0.23	0.24	0.25	0.26	0.27	0.28	0.29	0.3	0.31	0.32	0.33	0.34	0.35	0.36	0.37	0.38	0.39	0.4	0.41	0.42	0.43	0.44	0.45	0.46	0.47	0.48	0.49	0.5	0.51	0.52	0.53	0.54	0.55	0.56	0.57	0.58	0.59	0.6	0.61	0.62	0.63	0.64	0.65	0.66	0.67	0.68	0.69	0.7	0.71	0.72	0.73	0.74	0.75	0.76	0.77	0.78	0.79	0.8	0.81	0.82	0.83	0.84	0.85	0.86	0.87	0.88	0.89	0.9	0.91	0.92	0.93	0.94	0.95	0.96	0.97	0.98	0.99
10000.0	5415.465271666667	5470.16694107744	5525.9849710884355	5582.953888316151	5641.109657986111	5700.489759649123	5761.133267730496	5823.080937275987	5886.375295289855	5951.060738095238	6017.183635185185	6084.792440074905	6153.937808712121	6224.67272605364	6297.052641472867	6371.135613725491	6446.982466269841	6524.656953815261	6604.2259410569095	6685.759594650205	6769.331589583333	6855.019331223628	6942.904194444443	7033.071781385281	7125.612199561404	7220.620362222222	7318.196313063062	7418.445577625571	7521.479543981482	7627.415875586855	7736.37895952381	7848.500393719807	7963.919517156864	8082.783987562189	8205.250411616162	8331.485033333332	8461.664486979165	8595.97662169312	8734.621405913978	8877.811920765027	9025.775452777778	9178.754697740113	9337.00908908046	9500.81626608187	9670.473699404762	9846.300493939392	10028.639391975306	10217.859003144655	10414.356291666667	10618.55935620915	10830.930543333334	11051.969942176871	11282.219315972223	11522.266535460993	11772.75059057971	12034.367270370372	12307.875617424244	12594.105282945733	12893.964932539682	13208.451882113819	13538.663179166666	13885.808388888887	14251.224399122808	14636.392626126124	15042.959087962963	15472.75791904762	15927.839034313727	16410.500823232323	16923.328973958334	17469.242811827957	18051.550905555552	18674.01817816092	19340.947398809523	20057.278783950613	20828.712583333334	21661.861086666668	22564.438631944446	23545.50118115942	24615.75123484849	25787.929865079368	27077.32635833334	28502.448798245623	30085.918175925915	31855.678068627443	33846.65794791666	36103.101811111104	38681.89479761905	41657.42516666667	45128.87726388889	49231.50246969698	54154.65271666668	60171.83635185187	67693.31589583337	77363.78959523814	90257.7545277777	108309.30543333323	135386.63179166653	180515.5090555554	270773.26358333306	541546.5271666661
10886.0	5415.465271666667	5470.16694107744	5525.9849710884355	5582.953888316151	5641.109657986111	5700.489759649123	5761.133267730496	5823.080937275987	5886.375295289855	5951.060738095238	6017.183635185185	6084.792440074905	6153.937808712121	6224.67272605364	6297.052641472867	6371.135613725491	6446.982466269841	6524.656953815261	6604.2259410569095	6685.759594650205	6769.331589583333	6855.019331223628	6942.904194444443	7033.071781385281	7125.612199561404	7220.620362222222	7318.196313063062	7418.445577625571	7521.479543981482	7627.415875586855	7736.37895952381	7848.500393719807	7963.919517156864	8082.783987562189	8205.250411616162	8331.485033333332	8461.664486979165	8595.97662169312	8734.621405913978	8877.811920765027	9025.775452777778	9178.754697740113	9337.00908908046	9500.81626608187	9670.473699404762	9846.300493939392	10028.639391975306	10217.859003144655	10414.356291666667	10618.55935620915	10830.930543333334	11051.969942176871	11282.219315972223	11522.266535460993	11772.75059057971	12034.367270370372	12307.875617424244	12594.105282945733	12893.964932539682	13208.451882113819	13538.663179166666	13885.808388888887	14251.224399122808	14636.392626126124	15042.959087962963	15472.75791904762	15927.839034313727	16410.500823232323	16923.328973958334	17469.242811827957	18051.550905555552	18674.01817816092	19340.947398809523	20057.278783950613	20828.712583333334	21661.861086666668	22564.438631944446	23545.50118115942	24615.75123484849	25787.929865079368	27077.32635833334	28502.448798245623	30085.918175925915	31855.678068627443	33846.65794791666	36103.101811111104	38681.89479761905	41657.42516666667	45128.87726388889	49231.50246969698	54154.65271666668	60171.83635185187	67693.31589583337	77363.78959523814	90257.7545277777	108309.30543333323	135386.63179166653	180515.5090555554	270773.26358333306	541546.5271666661
11851.0	34793.92271333334	35145.37647811448	35504.00276870749	35870.02341580756	36243.66949305556	36625.18180350878	37014.811397163125	5823.080937275987	5886.375295289855	5951.060738095238	6017.183635185185	6084.792440074905	6153.937808712121	6224.67272605364	6297.052641472867	6371.135613725491	6446.982466269841	6524.656953815261	6604.2259410569095	6685.759594650205	6769.331589583333	6855.019331223628	6942.904194444443	7033.071781385281	7125.612199561404	7220.620362222222	7318.196313063062	7418.445577625571	7521.479543981482	7627.415875586855	7736.37895952381	7848.500393719807	7963.919517156864	8082.783987562189	8205.250411616162	8331.485033333332	8461.664486979165	8595.97662169312	8734.621405913978	8877.811920765027	9025.775452777778	9178.754697740113	9337.00908908046	9500.81626608187	9670.473699404762	9846.300493939392	10028.639391975306	10217.859003144655	10414.356291666667	10618.55935620915	10830.930543333334	11051.969942176871	11282.219315972223	11522.266535460993	11772.75059057971	12034.367270370372	12307.875617424244	12594.105282945733	12893.964932539682	13208.451882113819	13538.663179166666	13885.808388888887	14251.224399122808	14636.392626126124	15042.959087962963	15472.75791904762	15927.839034313727	16410.500823232323	16923.328973958334	17469.242811827957	18051.550905555552	18674.01817816092	19340.947398809523	20057.278783950613	20828.712583333334	21661.861086666668	22564.438631944446	23545.50118115942	24615.75123484849	25787.929865079368	27077.32635833334	28502.448798245623	30085.918175925915	31855.678068627443	33846.65794791666	36103.101811111104	38681.89479761905	41657.42516666667	45128.87726388889	49231.50246969698	54154.65271666668	60171.83635185187	67693.31589583337	77363.78959523814	90257.7545277777	108309.30543333323	135386.63179166653	180515.5090555554	270773.26358333306	541546.5271666661
12902.0	34793.92271333334	35145.37647811448	35504.00276870749	35870.02341580756	36243.66949305556	36625.18180350878	37014.811397163125	37412.82012186381	37819.48121014493	38235.07990476191	38659.91412592593	39094.2951835206	39538.54853787879	39993.014613026826	40458.049666666666	6371.135613725491	6446.982466269841	6524.656953815261	6604.2259410569095	6685.759594650205	6769.331589583333	6855.019331223628	6942.904194444443	7033.071781385281	7125.612199561404	7220.620362222222	7318.196313063062	7418.445577625571	7521.479543981482	7627.415875586855	7736.37895952381	7848.500393719807	7963.919517156864	8082.783987562189	8205.250411616162	8331.485033333332	8461.664486979165	8595.97662169312	8734.621405913978	8877.811920765027	9025.775452777778	9178.754697740113	9337.00908908046	9500.81626608187	9670.473699404762	9846.300493939392	10028.639391975306	10217.859003144655	10414.356291666667	10618.55935620915	10830.930543333334	11051.969942176871	11282.219315972223	11522.266535460993	11772.75059057971	12034.367270370372	12307.875617424244	12594.105282945733	12893.964932539682	13208.451882113819	13538.663179166666	13885.808388888887	14251.224399122808	14636.392626126124	15042.959087962963	15472.75791904762	15927.839034313727	16410.500823232323	16923.328973958334	17469.242811827957	18051.550905555552	18674.01817816092	19340.947398809523	20057.278783950613	20828.712583333334	21661.861086666668	22564.438631944446	23545.50118115942	24615.75123484849	25787.929865079368	27077.32635833334	28502.448798245623	30085.918175925915	31855.678068627443	33846.65794791666	36103.101811111104	38681.89479761905	41657.42516666667	45128.87726388889	49231.50246969698	54154.65271666668	60171.83635185187	67693.31589583337	77363.78959523814	90257.7545277777	108309.30543333323	135386.63179166653	180515.5090555554	270773.26358333306	541546.5271666661
14046.0	35170.741905	35526.001924242424	35888.51214795918	36258.49680927835	36636.189484375005	36625.18180350878	37014.811397163125	37412.82012186381	37819.48121014493	38235.07990476191	38659.91412592593	39094.2951835206	39538.54853787879	39993.014613026826	40458.049666666666	40934.02672156863	41421.33656349207	41920.388811244986	42431.61306504065	42955.4601399177	43492.40339166667	44042.94014345992	6942.904194444443	7033.071781385281	7125.612199561404	7220.620362222222	7318.196313063062	7418.445577625571	7521.479543981482	7627.415875586855	7736.37895952381	7848.500393719807	7963.919517156864	8082.783987562189	8205.250411616162	8331.485033333332	8461.664486979165	8595.97662169312	8734.621405913978	8877.811920765027	9025.775452777778	9178.754697740113	9337.00908908046	9500.81626608187	9670.473699404762	9846.300493939392	10028.639391975306	10217.859003144655	10414.356291666667	10618.55935620915	10830.930543333334	11051.969942176871	11282.219315972223	11522.266535460993	11772.75059057971	12034.367270370372	12307.875617424244	12594.105282945733	12893.964932539682	13208.451882113819	13538.663179166666	13885.808388888887	14251.224399122808	14636.392626126124	15042.959087962963	15472.75791904762	15927.839034313727	16410.500823232323	16923.328973958334	17469.242811827957	18051.550905555552	18674.01817816092	19340.947398809523	20057.278783950613	20828.712583333334	21661.861086666668	22564.438631944446	23545.50118115942	24615.75123484849	25787.929865079368	27077.32635833334	28502.448798245623	30085.918175925915	31855.678068627443	33846.65794791666	36103.101811111104	38681.89479761905	41657.42516666667	45128.87726388889	49231.50246969698	54154.65271666668	60171.83635185187	67693.31589583337	77363.78959523814	90257.7545277777	108309.30543333323	135386.63179166653	180515.5090555554	270773.26358333306	541546.5271666661
15291.0	35170.741905	35526.001924242424	35888.51214795918	36258.49680927835	36636.189484375005	37021.83358421053	37415.68287765958	37818.002048387105	38229.06728804348	38649.16692857143	39078.60211666667	39517.68753370787	39538.54853787879	39993.014613026826	40458.049666666666	40934.02672156863	41421.33656349207	41920.388811244986	42431.61306504065	42955.4601399177	43492.40339166667	44042.94014345992	44607.59322222222	45186.91261471862	45781.47725438597	46391.89695111112	47018.81447747748	47662.90782648402	7521.479543981482	7627.415875586855	7736.37895952381	7848.500393719807	7963.919517156864	8082.783987562189	8205.250411616162	8331.485033333332	8461.664486979165	8595.97662169312	8734.621405913978	8877.811920765027	9025.775452777778	9178.754697740113	9337.00908908046	9500.81626608187	9670.473699404762	9846.300493939392	10028.639391975306	10217.859003144655	10414.356291666667	10618.55935620915	10830.930543333334	11051.969942176871	11282.219315972223	11522.266535460993	11772.75059057971	12034.367270370372	12307.875617424244	12594.105282945733	12893.964932539682	13208.451882113819	13538.663179166666	13885.808388888887	14251.224399122808	14636.392626126124	15042.959087962963	15472.75791904762	15927.839034313727	16410.500823232323	16923.328973958334	17469.242811827957	18051.550905555552	18674.01817816092	19340.947398809523	20057.278783950613	20828.712583333334	21661.861086666668	22564.438631944446	23545.50118115942	24615.75123484849	25787.929865079368	27077.32635833334	28502.448798245623	30085.918175925915	31855.678068627443	33846.65794791666	36103.101811111104	38681.89479761905	41657.42516666667	45128.87726388889	49231.50246969698	54154.65271666668	60171.83635185187	67693.31589583337	77363.78959523814	90257.7545277777	108309.30543333323	135386.63179166653	180515.5090555554	270773.26358333306	541546.5271666661
16646.0	36242.61963833334	36608.70670538721	36982.26493707483	37363.52540034365	36636.189484375005	37021.83358421053	37415.68287765958	37818.002048387105	38229.06728804348	38649.16692857143	39078.60211666667	39517.68753370787	39966.752164772726	40426.140120689655	40896.211517441865	41377.34341764707	41869.93083928572	42374.3878373494	42891.148664634144	43420.66901851852	43492.40339166667	44042.94014345992	44607.59322222222	45186.91261471862	45781.47725438597	46391.89695111112	47018.81447747748	47662.90782648402	48324.892657407414	49005.52494835682	49705.603876190486	50425.97494685991	51167.5334019608	51931.227930348265	8205.250411616162	8331.485033333332	8461.664486979165	8595.97662169312	8734.621405913978	8877.811920765027	9025.775452777778	9178.754697740113	9337.00908908046	9500.81626608187	9670.473699404762	9846.300493939392	10028.639391975306	10217.859003144655	10414.356291666667	10618.55935620915	10830.930543333334	11051.969942176871	11282.219315972223	11522.266535460993	11772.75059057971	12034.367270370372	12307.875617424244	12594.105282945733	12893.964932539682	13208.451882113819	13538.663179166666	13885.808388888887	14251.224399122808	14636.392626126124	15042.959087962963	15472.75791904762	15927.839034313727	16410.500823232323	16923.328973958334	17469.242811827957	18051.550905555552	18674.01817816092	19340.947398809523	20057.278783950613	20828.712583333334	21661.861086666668	22564.438631944446	23545.50118115942	24615.75123484849	25787.929865079368	27077.32635833334	28502.448798245623	30085.918175925915	31855.678068627443	33846.65794791666	36103.101811111104	38681.89479761905	41657.42516666667	45128.87726388889	49231.50246969698	54154.65271666668	60171.83635185187	67693.31589583337	77363.78959523814	90257.7545277777	108309.30543333323	135386.63179166653	180515.5090555554	270773.26358333306	541546.5271666661
18122.0	36242.61963833334	36608.70670538721	36982.26493707483	37363.52540034365	37752.72878993056	38150.12593508773	38555.97833865249	38970.55875089607	39394.1517807971	39827.05454761905	40269.57737592593	40722.044537453185	39966.752164772726	40426.140120689655	40896.211517441865	41377.34341764707	41869.93083928572	42374.3878373494	42891.148664634144	43420.66901851852	43963.42738125	44519.926462025316	45090.694749999995	45676.28818831169	46277.291980263166	46894.32254000001	47018.81447747748	47662.90782648402	48324.892657407414	49005.52494835682	49705.603876190486	50425.97494685991	51167.5334019608	51931.227930348265	52718.06471717173	53529.111866666666	54365.50423958333	55228.44875132275	56119.2301827957	57039.21756284153	9025.775452777778	9178.754697740113	9337.00908908046	9500.81626608187	9670.473699404762	9846.300493939392	10028.639391975306	10217.859003144655	10414.356291666667	10618.55935620915	10830.930543333334	11051.969942176871	11282.219315972223	11522.266535460993	11772.75059057971	12034.367270370372	12307.875617424244	12594.105282945733	12893.964932539682	13208.451882113819	13538.663179166666	13885.808388888887	14251.224399122808	14636.392626126124	15042.959087962963	15472.75791904762	15927.839034313727	16410.500823232323	16923.328973958334	17469.242811827957	18051.550905555552	18674.01817816092	19340.947398809523	20057.278783950613	20828.712583333334	21661.861086666668	22564.438631944446	23545.50118115942	24615.75123484849	25787.929865079368	27077.32635833334	28502.448798245623	30085.918175925915	31855.678068627443	33846.65794791666	36103.101811111104	38681.89479761905	41657.42516666667	45128.87726388889	49231.50246969698	54154.65271666668	60171.83635185187	67693.31589583337	77363.78959523814	90257.7545277777	108309.30543333323	135386.63179166653	180515.5090555554	270773.26358333306	541546.5271666661
19728.0	37411.56960666667	37789.46424915825	38175.071027210884	38568.6284604811	38970.385006944445	38150.12593508773	38555.97833865249	38970.55875089607	39394.1517807971	39827.05454761905	40269.57737592593	40722.044537453185	41184.79504356061	41658.18349233717	42142.5809748062	42638.37604509805	43145.97575992064	43665.8067931727	44198.31663211382	43420.66901851852	43963.42738125	44519.926462025316	45090.694749999995	45676.28818831169	46277.291980263166	46894.32254000001	47528.02960135135	48179.09850000001	48848.25264583334	49536.256204225356	50243.91700714287	50972.08971739131	51167.5334019608	51931.227930348265	52718.06471717173	53529.111866666666	54365.50423958333	55228.44875132275	56119.2301827957	57039.21756284153	57989.871188888894	58972.75036158192	59989.52191954024	61041.96967251462	62132.0048452381	9846.300493939392	10028.639391975306	10217.859003144655	10414.356291666667	10618.55935620915	10830.930543333334	11051.969942176871	11282.219315972223	11522.266535460993	11772.75059057971	12034.367270370372	12307.875617424244	12594.105282945733	12893.964932539682	13208.451882113819	13538.663179166666	13885.808388888887	14251.224399122808	14636.392626126124	15042.959087962963	15472.75791904762	15927.839034313727	16410.500823232323	16923.328973958334	17469.242811827957	18051.550905555552	18674.01817816092	19340.947398809523	20057.278783950613	20828.712583333334	21661.861086666668	22564.438631944446	23545.50118115942	24615.75123484849	25787.929865079368	27077.32635833334	28502.448798245623	30085.918175925915	31855.678068627443	33846.65794791666	36103.101811111104	38681.89479761905	41657.42516666667	45128.87726388889	49231.50246969698	54154.65271666668	60171.83635185187	67693.31589583337	77363.78959523814	90257.7545277777	108309.30543333323	135386.63179166653	180515.5090555554	270773.26358333306	541546.5271666661
21476.0	37411.56960666667	37789.46424915825	38175.071027210884	38568.6284604811	38970.385006944445	39380.59958596492	39799.54213475178	40227.49420071686	40664.74957246377	41111.61495238096	41568.410674074075	42035.47146816479	42513.147280303034	41658.18349233717	42142.5809748062	42638.37604509805	43145.97575992064	43665.8067931727	44198.31663211382	44743.97486213992	45303.27454791667	45876.73371940928	46464.896972222225	47068.3371926407	47687.65741885966	48323.49285111112	47528.02960135135	48179.09850000001	48848.25264583334	49536.256204225356	50243.91700714287	50972.08971739131	51721.679272058835	52493.64463432837	53289.00288636365	54108.833699999996	54954.2842265625	55826.57445238095	56119.2301827957	57039.21756284153	57989.871188888894	58972.75036158192	59989.52191954024	61041.96967251462	62132.0048452381	63261.67766060605	64433.190209876535	65648.91077987422	66911.38983333333	10618.55935620915	10830.930543333334	11051.969942176871	11282.219315972223	11522.266535460993	11772.75059057971	12034.367270370372	12307.875617424244	12594.105282945733	12893.964932539682	13208.451882113819	13538.663179166666	13885.808388888887	14251.224399122808	14636.392626126124	15042.959087962963	15472.75791904762	15927.839034313727	16410.500823232323	16923.328973958334	17469.242811827957	18051.550905555552	18674.01817816092	19340.947398809523	20057.278783950613	20828.712583333334	21661.861086666668	22564.438631944446	23545.50118115942	24615.75123484849	25787.929865079368	27077.32635833334	28502.448798245623	30085.918175925915	31855.678068627443	33846.65794791666	36103.101811111104	38681.89479761905	41657.42516666667	45128.87726388889	49231.50246969698	54154.65271666668	60171.83635185187	67693.31589583337	77363.78959523814	90257.7545277777	108309.30543333323	135386.63179166653	180515.5090555554	270773.26358333306	541546.5271666661
23380.0	38226.783508333334	38612.912634680135	39006.92194727891	39409.05516323024	39819.56615451389	40238.719482456145	40666.79096631206	40227.49420071686	40664.74957246377	41111.61495238096	41568.410674074075	42035.47146816479	42513.147280303034	43001.80414559387	43501.825124031006	44013.61130196079	44537.58286507937	45074.18024899599	45623.86537398374	46187.122971193414	45303.27454791667	45876.73371940928	46464.896972222225	47068.3371926407	47687.65741885966	48323.49285111112	48976.51302477478	49647.42416210046	50336.971719907415	51045.94315258217	51775.170911904774	52525.535707729476	51721.679272058835	52493.64463432837	53289.00288636365	54108.833699999996	54954.2842265625	55826.57445238095	56727.00307258064	57656.95394262295	58617.90317500001	59611.42695762712	60639.21018103449	61041.96967251462	62132.0048452381	63261.67766060605	64433.190209876535	65648.91077987422	66911.38983333333	68223.37786928106	69587.84542666668	71008.00553741498	72487.33898611112	11522.266535460993	11772.75059057971	12034.367270370372	12307.875617424244	12594.105282945733	12893.964932539682	13208.451882113819	13538.663179166666	13885.808388888887	14251.224399122808	14636.392626126124	15042.959087962963	15472.75791904762	15927.839034313727	16410.500823232323	16923.328973958334	17469.242811827957	18051.550905555552	18674.01817816092	19340.947398809523	20057.278783950613	20828.712583333334	21661.861086666668	22564.438631944446	23545.50118115942	24615.75123484849	25787.929865079368	27077.32635833334	28502.448798245623	30085.918175925915	31855.678068627443	33846.65794791666	36103.101811111104	38681.89479761905	41657.42516666667	45128.87726388889	49231.50246969698	54154.65271666668	60171.83635185187	67693.31589583337	77363.78959523814	90257.7545277777	108309.30543333323	135386.63179166653	180515.5090555554	270773.26358333306	541546.5271666661
25452.0	38350.529576666675	38612.912634680135	39006.92194727891	39409.05516323024	39819.56615451389	40238.719482456145	40666.79096631206	41104.06828853048	41550.85163949276	42007.454404761906	42474.203898148146	42951.442144194756	43439.52671401515	43938.83161877395	43501.825124031006	44013.61130196079	44537.58286507937	45074.18024899599	45623.86537398374	46187.122971193414	46764.462008333336	47356.41722362869	47963.550777777775	48586.454034632035	49225.74948245614	49882.09280888889	48976.51302477478	49647.42416210046	50336.971719907415	51045.94315258217	51775.170911904774	52525.535707729476	53297.970056372564	54093.46214676618	54913.060058080824	55757.876366666664	56629.093184895835	55826.57445238095	56727.00307258064	57656.95394262295	58617.90317500001	59611.42695762712	60639.21018103449	61703.05597368421	62804.89625892857	63946.80346363635	65131.00352777777	66359.89038679245	66911.38983333333	68223.37786928106	69587.84542666668	71008.00553741498	72487.33898611112	74029.62279432625	75638.96242028986	77319.82825185187	79077.0970757576	12594.105282945733	12893.964932539682	13208.451882113819	13538.663179166666	13885.808388888887	14251.224399122808	14636.392626126124	15042.959087962963	15472.75791904762	15927.839034313727	16410.500823232323	16923.328973958334	17469.242811827957	18051.550905555552	18674.01817816092	19340.947398809523	20057.278783950613	20828.712583333334	21661.861086666668	22564.438631944446	23545.50118115942	24615.75123484849	25787.929865079368	27077.32635833334	28502.448798245623	30085.918175925915	31855.678068627443	33846.65794791666	36103.101811111104	38681.89479761905	41657.42516666667	45128.87726388889	49231.50246969698	54154.65271666668	60171.83635185187	67693.31589583337	77363.78959523814	90257.7545277777	108309.30543333323	135386.63179166653	180515.5090555554	270773.26358333306	541546.5271666661
27709.0	38350.529576666675	38737.90866329966	39133.19344557823	39536.62842955327	39948.46830902778	40368.97850175439	40798.435719858164	41237.12857706095	41685.35823550725	42007.454404761906	42474.203898148146	42951.442144194756	43439.52671401515	43938.83161877395	44449.74826550388	44972.68648039216	45508.07560515873	46056.365672690765	46618.02866869918	47193.55988683127	47783.479385416664	47356.41722362869	47963.550777777775	48586.454034632035	49225.74948245614	49882.09280888889	50556.175144144145	51248.72548858448	51960.513342592596	52692.351558685456	53445.09943809525	54219.66609661836	53297.970056372564	54093.46214676618	54913.060058080824	55757.876366666664	56629.093184895835	57527.96767989418	58455.83812634409	59414.13055464481	60404.3660638889	61428.168878531076	62487.275238505754	61703.05597368421	62804.89625892857	63946.80346363635	65131.00352777777	66359.89038679245	67636.042125	68962.23902941178	70341.48381	71777.02429591837	72487.33898611112	74029.62279432625	75638.96242028986	77319.82825185187	79077.0970757576	80916.09933333333	82842.67312698414	84863.2261300813	86984.80678333333	13885.808388888887	14251.224399122808	14636.392626126124	15042.959087962963	15472.75791904762	15927.839034313727	16410.500823232323	16923.328973958334	17469.242811827957	18051.550905555552	18674.01817816092	19340.947398809523	20057.278783950613	20828.712583333334	21661.861086666668	22564.438631944446	23545.50118115942	24615.75123484849	25787.929865079368	27077.32635833334	28502.448798245623	30085.918175925915	31855.678068627443	33846.65794791666	36103.101811111104	38681.89479761905	41657.42516666667	45128.87726388889	49231.50246969698	54154.65271666668	60171.83635185187	67693.31589583337	77363.78959523814	90257.7545277777	108309.30543333323	135386.63179166653	180515.5090555554	270773.26358333306	541546.5271666661
30165.0	38146.88511833334	38532.20719023569	38925.39297789116	39326.68568900344	39736.33866493056	40368.97850175439	40798.435719858164	41237.12857706095	41685.35823550725	42143.4390952381	42611.69952962963	43090.482670411984	43580.147246212124	44081.068478927205	44593.63904263566	45118.270090196085	45655.39235317461	46056.365672690765	46618.02866869918	47193.55988683127	47783.479385416664	48388.33355485232	49008.69680555555	49645.17338744589	50298.39935307018	50969.04467777778	51657.8155518018	52365.4568607306	51960.513342592596	52692.351558685456	53445.09943809525	54219.66609661836	55017.01412745099	55838.163592039804	56684.19637373738	57556.260933333324	58455.57751041666	59383.443820105815	58455.83812634409	59414.13055464481	60404.3660638889	61428.168878531076	62487.275238505754	63583.5432251462	64718.96363988096	65895.67206969696	67115.96229320987	66359.89038679245	67636.042125	68962.23902941178	70341.48381	71777.02429591837	73272.37896875001	74831.36575531916	76458.13457608696	78157.20423333335	79077.0970757576	80916.09933333333	82842.67312698414	84863.2261300813	86984.80678333333	89215.18644444444	91562.95450877195	94037.62895495495	15042.959087962963	15472.75791904762	15927.839034313727	16410.500823232323	16923.328973958334	17469.242811827957	18051.550905555552	18674.01817816092	19340.947398809523	20057.278783950613	20828.712583333334	21661.861086666668	22564.438631944446	23545.50118115942	24615.75123484849	25787.929865079368	27077.32635833334	28502.448798245623	30085.918175925915	31855.678068627443	33846.65794791666	36103.101811111104	38681.89479761905	41657.42516666667	45128.87726388889	49231.50246969698	54154.65271666668	60171.83635185187	67693.31589583337	77363.78959523814	90257.7545277777	108309.30543333323	135386.63179166653	180515.5090555554	270773.26358333306	541546.5271666661
32838.0	38213.467110000005	38532.20719023569	38925.39297789116	39326.68568900344	39736.33866493056	40154.615914035094	40581.79267907802	41018.15604121865	41464.0055634058	41919.65397619048	42385.42790925926	42861.66867228464	43348.73308901516	44081.068478927205	44593.63904263566	45118.270090196085	45655.39235317461	46205.45732128515	46768.93850813008	47346.33281069959	47938.16197083334	48544.97414767933	49167.34561111111	49805.88256709957	50298.39935307018	50969.04467777778	51657.8155518018	52365.4568607306	53092.75487268519	53840.540152582165	54609.690726190485	55401.135519323674	56215.85810049021	57054.90075870647	56684.19637373738	57556.260933333324	58455.57751041666	59383.443820105815	60341.241301075264	61330.44197814207	62352.61601111112	63409.44001129943	64502.706218390806	63583.5432251462	64718.96363988096	65895.67206969696	67115.96229320987	68382.30120440252	69697.34545833334	71063.96007516341	72485.23927666667	73964.52987414967	73272.37896875001	74831.36575531916	76458.13457608696	78157.20423333335	79933.50432954547	81792.42303488372	83739.86167857144	85782.29732926829	86984.80678333333	89215.18644444444	91562.95450877195	94037.62895495495	96649.78531481483	99411.20775238097	102335.0668039216	16410.500823232323	16923.328973958334	17469.242811827957	18051.550905555552	18674.01817816092	19340.947398809523	20057.278783950613	20828.712583333334	21661.861086666668	22564.438631944446	23545.50118115942	24615.75123484849	25787.929865079368	27077.32635833334	28502.448798245623	30085.918175925915	31855.678068627443	33846.65794791666	36103.101811111104	38681.89479761905	41657.42516666667	45128.87726388889	49231.50246969698	54154.65271666668	60171.83635185187	67693.31589583337	77363.78959523814	90257.7545277777	108309.30543333323	135386.63179166653	180515.5090555554	270773.26358333306	541546.5271666661
35749.0	38213.467110000005	38599.46172727273	38993.33378571429	39395.326917525774	39805.694906250006	40224.70222105264	40652.62458510639	41089.74958064517	41536.37729347826	41919.65397619048	42385.42790925926	42861.66867228464	43348.73308901516	43846.994388888896	44356.84316085272	44878.68837450982	45412.95847420635	45960.10255220884	46520.59160772358	47094.91989917696	47938.16197083334	48544.97414767933	49167.34561111111	49805.88256709957	50461.223127192985	51134.03943555556	51825.03996846847	52534.972022831054	53264.62441203705	54014.83038967137	54609.690726190485	55401.135519323674	56215.85810049021	57054.90075870647	57919.36895202021	58810.43616666666	59729.34923177083	60677.43414021163	61656.1024327957	61330.44197814207	62352.61601111112	63409.44001129943	64502.706218390806	65634.33264327484	66806.37429761906	68021.03564848483	69280.68445679011	70587.86718238993	69697.34545833334	71063.96007516341	72485.23927666667	73964.52987414967	75505.45757986112	77111.95667730497	78788.3035615942	80539.15475185188	79933.50432954547	81792.42303488372	83739.86167857144	85782.29732926829	87926.8547625	90181.38949999999	92554.58396052633	94037.62895495495	96649.78531481483	99411.20775238097	102335.0668039216	105436.12943434346	108731.00847916669	112238.4603655914	18051.550905555552	18674.01817816092	19340.947398809523	20057.278783950613	20828.712583333334	21661.861086666668	22564.438631944446	23545.50118115942	24615.75123484849	25787.929865079368	27077.32635833334	28502.448798245623	30085.918175925915	31855.678068627443	33846.65794791666	36103.101811111104	38681.89479761905	41657.42516666667	45128.87726388889	49231.50246969698	54154.65271666668	60171.83635185187	67693.31589583337	77363.78959523814	90257.7545277777	108309.30543333323	135386.63179166653	180515.5090555554	270773.26358333306	541546.5271666661
38918.0	38739.29043833334	39130.5964023569	39529.88820238096	39937.41282302406	40353.42753993056	40778.20046140352	40652.62458510639	41089.74958064517	41536.37729347826	41992.821	42459.407900000006	42936.4798988764	43424.39444318182	43923.525413793104	44434.26408139535	44957.02012941177	45412.95847420635	45960.10255220884	46520.59160772358	47094.91989917696	47683.60639791667	48287.19635232068	48906.26297222222	49541.40924458875	50193.26989254387	50862.513491111116	51825.03996846847	52534.972022831054	53264.62441203705	54014.83038967137	54786.47082380953	55580.477647343	56397.83761274511	57239.59638308459	58106.86299494951	59000.81473333333	59729.34923177083	60677.43414021163	61656.1024327957	62666.85821038251	63711.305847222226	64791.15848870056	65908.24742816092	67064.53247076023	66806.37429761906	68021.03564848483	69280.68445679011	70587.86718238993	71945.32616666667	73356.01883660132	74823.13921333334	76350.14205442177	75505.45757986112	77111.95667730497	78788.3035615942	80539.15475185188	82369.59008712124	84285.16194961239	86291.95151984128	85782.29732926829	87926.8547625	90181.38949999999	92554.58396052633	95056.0592027027	97696.50529166668	100487.83401428573	102335.0668039216	105436.12943434346	108731.00847916669	112238.4603655914	115979.74237777777	119979.04383908048	19340.947398809523	20057.278783950613	20828.712583333334	21661.861086666668	22564.438631944446	23545.50118115942	24615.75123484849	25787.929865079368	27077.32635833334	28502.448798245623	30085.918175925915	31855.678068627443	33846.65794791666	36103.101811111104	38681.89479761905	41657.42516666667	45128.87726388889	49231.50246969698	54154.65271666668	60171.83635185187	67693.31589583337	77363.78959523814	90257.7545277777	108309.30543333323	135386.63179166653	180515.5090555554	270773.26358333306	541546.5271666661
42367.0	39469.90725166667	39868.59318350168	40275.41556292517	39937.41282302406	40353.42753993056	40778.20046140352	41212.011104609934	41655.15100896059	42107.92438949276	42570.64883333334	43043.6560425926	43527.29262734082	44021.92095265152	43923.525413793104	44434.26408139535	44957.02012941177	45492.22275000001	46040.32181927711	46601.78915853659	47177.11988888889	47766.833887500004	48371.47735443038	48991.6245	49541.40924458875	50193.26989254387	50862.513491111116	51549.844754504506	52256.00701141553	52981.78488657408	53728.0072089202	54495.55016904763	55285.34075120774	56397.83761274511	57239.59638308459	58106.86299494951	59000.81473333333	59922.70246354167	60873.85647089947	61855.6928655914	62869.72061748634	63917.549294444456	64791.15848870056	65908.24742816092	67064.53247076023	68262.1134077381	69503.24274242423	70790.3398302469	72126.00661949685	73513.04520833334	73356.01883660132	74823.13921333334	76350.14205442177	77940.77001388889	79599.08426950355	81329.49914492754	83136.82134814817	82369.59008712124	84285.16194961239	86291.95151984128	88396.63326422764	90606.54909583334	92929.79394444445	95375.31483771931	95056.0592027027	97696.50529166668	100487.83401428573	103443.35854411767	106578.0057727273	109908.56845312502	112238.4603655914	115979.74237777777	119979.04383908048	124264.0096904762	128866.38041975307	20828.712583333334	21661.861086666668	22564.438631944446	23545.50118115942	24615.75123484849	25787.929865079368	27077.32635833334	28502.448798245623	30085.918175925915	31855.678068627443	33846.65794791666	36103.101811111104	38681.89479761905	41657.42516666667	45128.87726388889	49231.50246969698	54154.65271666668	60171.83635185187	67693.31589583337	77363.78959523814	90257.7545277777	108309.30543333323	135386.63179166653	180515.5090555554	270773.26358333306	541546.5271666661
46123.0	39469.90725166667	39868.59318350168	40275.41556292517	40690.62603264605	41114.486720486115	41547.270791228075	41989.263033687945	42440.76048566309	42902.07309963768	43373.52445238095	43855.452501851854	43527.29262734082	44021.92095265152	44527.920044061306	45045.68655620155	45575.635809803935	46118.20290277778	46673.84390160643	47243.0371199187	47826.28449176955	47766.833887500004	48371.47735443038	48991.6245	49627.87936363636	50280.87777631579	50951.28948000001	51639.82041891892	52347.215219178084	53074.25987500001	53821.78466197184	54495.55016904763	55285.34075120774	56098.36046813727	56935.64943034827	57798.31078535355	58687.51556666666	59604.507997395835	60550.6112989418	61855.6928655914	62869.72061748634	63917.549294444456	65000.897587570624	66121.60271839082	67281.6308362573	68483.08852976191	69728.23559393939	70790.3398302469	72126.00661949685	73513.04520833334	74954.47746732026	76453.56701666667	78013.84389455782	79639.13230902777	79599.08426950355	81329.49914492754	83136.82134814817	85026.29456060608	87003.650248062	89075.16573015874	91247.73074796748	90606.54909583334	92929.79394444445	95375.31483771931	97953.02604954956	100673.94343981483	103550.34182380955	103443.35854411767	106578.0057727273	109908.56845312502	113454.00614516129	117235.80634999998	119979.04383908048	124264.0096904762	128866.38041975307	133822.77966666667	139175.69085333336	144974.67797222224	23545.50118115942	24615.75123484849	25787.929865079368	27077.32635833334	28502.448798245623	30085.918175925915	31855.678068627443	33846.65794791666	36103.101811111104	38681.89479761905	41657.42516666667	45128.87726388889	49231.50246969698	54154.65271666668	60171.83635185187	67693.31589583337	77363.78959523814	90257.7545277777	108309.30543333323	135386.63179166653	180515.5090555554	270773.26358333306	541546.5271666661
50211.0	40239.24216	40645.69915151515	41060.451183673475	41483.75480412372	41915.877250000005	42357.097010526326	42807.70442553192	43268.00232258066	42902.07309963768	43373.52445238095	43855.452501851854	44348.210395131086	44852.16733143939	45367.709484674335	45895.24099031008	46435.18500196079	46987.9848234127	47554.105122489964	47243.0371199187	47826.28449176955	48424.11304791667	49037.07650421941	49665.756972222225	50310.76680303031	50972.75057675439	51652.38725111112	52350.39248423424	52347.215219178084	53074.25987500001	53821.78466197184	54590.66730000001	55381.83639130436	56196.275161764715	57035.02553731344	57899.1925909091	58687.51556666666	59604.507997395835	60550.6112989418	61527.234061827956	62535.8772431694	63578.1418638889	64655.737488700564	65770.49158333334	67281.6308362573	68483.08852976191	69728.23559393939	71019.49921604937	72359.4897672956	73751.01841666667	75197.11681699348	76453.56701666667	78013.84389455782	79639.13230902777	81333.58193262412	83101.70327898551	84948.4077962963	86879.05342803031	87003.650248062	89075.16573015874	91247.73074796748	93528.92401666667	95927.10155555555	98451.49896491229	97953.02604954956	100673.94343981483	103550.34182380955	106595.94011274513	109826.12011616165	113258.18636979169	113454.00614516129	117235.80634999998	121278.42036206898	125609.79251785715	130262.00705555554	133822.77966666667	139175.69085333336	144974.67797222224	151277.9248405797	24615.75123484849	25787.929865079368	27077.32635833334	28502.448798245623	30085.918175925915	31855.678068627443	33846.65794791666	36103.101811111104	38681.89479761905	41657.42516666667	45128.87726388889	49231.50246969698	54154.65271666668	60171.83635185187	67693.31589583337	77363.78959523814	90257.7545277777	108309.30543333323	135386.63179166653	180515.5090555554	270773.26358333306	541546.5271666661
54661.0	41164.475365	41580.27814646464	42004.566698979594	42437.603469072164	42879.661838541666	43331.0267	42807.70442553192	43268.00232258066	43738.30669565218	44218.94742857143	44710.26906666667	45212.631640449436	45726.411545454546	46252.002482758624	46789.81646511628	47340.284894117656	46987.9848234127	47554.105122489964	48134.033233739836	48728.280557613165	49337.38406458333	49961.90791350211	50602.445194444444	51259.61980735931	51934.08848903509	51652.38725111112	52350.39248423424	53067.52114840184	53804.57005324075	54562.38089906104	55341.843483333345	56143.89918599035	56969.54476225492	57035.02553731344	57899.1925909091	58789.9494	59708.542359374995	60656.297	61634.624370967744	62645.02804918033	63689.11185000001	64655.737488700564	65770.49158333334	66924.35985672515	68119.43771130953	69357.97294242424	70642.37984876543	71975.25494025159	73751.01841666667	75197.11681699348	76701.05915333335	78266.38689115646	79896.93661805557	81596.87143971633	83101.70327898551	84948.4077962963	86879.05342803031	88899.49653100774	91016.15121031746	93236.05733739836	93528.92401666667	95927.10155555555	98451.49896491229	101112.35028828829	103921.02668518519	106890.1988761905	106595.94011274513	109826.12011616165	113258.18636979169	116911.67625268818	120808.73212777777	121278.42036206898	125609.79251785715	130262.00705555554	135272.08425	140682.96762	144974.67797222224	151277.9248405797	158154.1941515152	165685.3462539683	27077.32635833334	28502.448798245623	30085.918175925915	31855.678068627443	33846.65794791666	36103.101811111104	38681.89479761905	41657.42516666667	45128.87726388889	49231.50246969698	54154.65271666668	60171.83635185187	67693.31589583337	77363.78959523814	90257.7545277777	108309.30543333323	135386.63179166653	180515.5090555554	270773.26358333306	541546.5271666661
59506.0	42281.63706	42708.7243030303	43144.5276122449	43589.31655670103	42879.661838541666	43331.0267	43791.995069148936	44262.87673655915	44743.99496195652	45235.68721428572	45738.30596111111	46252.21951123595	46777.81291477272	47315.488925287355	46789.81646511628	47340.284894117656	47903.85971428572	48481.01465060241	49072.246536585364	49678.07674074074	50299.0527	50935.74956962025	50602.445194444444	51259.61980735931	51934.08848903509	52626.54300222223	53337.71250225225	54068.36609817352	54819.31562731482	55591.41866431925	56385.581788095245	56143.89918599035	56969.54476225492	57819.836475124386	58695.894603535366	59598.90836666666	60530.14130989584	61490.9372037037	61634.624370967744	62645.02804918033	63689.11185000001	64768.5883220339	65885.28812068966	67041.17036842105	68238.33412500001	69357.97294242424	70642.37984876543	71975.25494025159	73359.39445833334	74797.81395751635	76293.77023666668	77850.78595578232	79896.93661805557	81596.87143971633	83370.7164710145	85223.39905925927	87160.29449242426	89187.2780852713	91016.15121031746	93236.05733739836	95566.95877083333	98017.3936111111	100596.79870614035	103315.6311036036	103921.02668518519	106890.1988761905	110034.02825490198	113368.39274747476	116911.15502083335	116911.67625268818	120808.73212777777	124974.55047701151	129437.92727976192	134231.92458641974	135272.08425	140682.96762	146544.75793750002	152916.26915217392	158154.1941515152	165685.3462539683	173969.61356666673	183125.90901754392	30085.918175925915	31855.678068627443	33846.65794791666	36103.101811111104	38681.89479761905	41657.42516666667	45128.87726388889	49231.50246969698	54154.65271666668	60171.83635185187	67693.31589583337	77363.78959523814	90257.7545277777	108309.30543333323	135386.63179166653	180515.5090555554	270773.26358333306	541546.5271666661
64781.0	43379.491003333336	43817.66768013468	43144.5276122449	43589.31655670103	44043.3719375	44506.986378947375	44980.46495744681	45464.12587096776	45958.30115217392	46463.33742857143	46979.59673333333	47507.45737078651	46777.81291477272	47315.488925287355	47865.669029069766	48428.79454705883	49005.327815476194	49595.75345180723	50200.57971341463	50820.33995679012	51455.594206249996	50935.74956962025	51588.772	52258.756051948054	52946.3712631579	53652.32288000001	54377.35427027027	55122.24953424658	55887.83633333334	55591.41866431925	56385.581788095245	57202.76413285024	58043.98125245099	58910.309330845776	59802.88977525254	60722.934233333326	60530.14130989584	61490.9372037037	62482.72651344086	63507.03350546448	64565.4840638889	65659.8143022599	66791.88006609197	67041.17036842105	68238.33412500001	69479.0311090909	70765.67983333333	72100.88133962265	73487.43675000001	74928.36688235296	76293.77023666668	77850.78595578232	79472.67732986112	81163.58535815604	82928.0111268116	84770.85581851854	87160.29449242426	89187.2780852713	91310.78470634922	93537.87701626016	95876.32394166668	98334.69122222222	100596.79870614035	103315.6311036036	106185.50974537038	109219.38145238097	112431.71620098042	113368.39274747476	116911.15502083335	120682.48260215053	124705.2320222222	124974.55047701151	129437.92727976192	134231.92458641974	139394.69091666667	144970.47855333335	146544.75793750002	152916.26915217392	159867.00865909093	167479.7233571429	173969.61356666673	183125.90901754392	193299.5706296296	31855.678068627443	33846.65794791666	36103.101811111104	38681.89479761905	41657.42516666667	45128.87726388889	49231.50246969698	54154.65271666668	60171.83635185187	67693.31589583337	77363.78959523814	90257.7545277777	108309.30543333323	135386.63179166653	180515.5090555554	270773.26358333306	541546.5271666661
70522.0	43379.491003333336	43817.66768013468	44264.786738095245	44721.124745704474	45186.969795138895	45662.62210877194	46148.394684397164	46644.61398207887	47151.62065579711	47669.77033333334	46979.59673333333	47507.45737078651	48047.31484090909	48599.58282758621	49164.694255813956	49743.10242352942	50335.28221428572	50941.73139759037	51562.97202439024	50820.33995679012	51455.594206249996	52106.93084177215	52774.96841666666	53460.35761688311	54163.783375	54885.96715333333	55627.669412162155	55122.24953424658	55887.83633333334	56674.988957746486	57484.63165714287	58317.74226086957	59175.35611764707	60058.57038805971	60968.54872727274	60722.934233333326	61671.73008072916	62650.64643121693	63661.14072849462	64704.765986338796	65783.17875277778	66898.14788418078	66791.88006609197	67963.66743567251	69177.30435416667	70435.07352424241	71739.42673765431	73093.00082704403	73487.43675000001	74928.36688235296	76426.93422000001	77986.66757142858	79611.38981250001	81305.24917021277	82928.0111268116	84770.85581851854	86697.46617803033	88713.68632170542	90825.9169484127	93041.18321544716	95876.32394166668	98334.69122222222	100922.44625438597	103650.07993693693	106529.2488240741	109219.38145238097	112431.71620098042	115838.73790404042	119458.69846354169	120682.48260215053	124705.2320222222	129005.41243678161	133612.7485952381	138561.36891358023	139394.69091666667	144970.47855333335	151010.91515972224	157576.6071231884	159867.00865909093	167479.7233571429	175853.70952500007	183125.90901754392	193299.5706296296	204670.1336078431	217462.01695833332	36103.101811111104	38681.89479761905	41657.42516666667	45128.87726388889	49231.50246969698	54154.65271666668	60171.83635185187	67693.31589583337	77363.78959523814	90257.7545277777	108309.30543333323	135386.63179166653	180515.5090555554	270773.26358333306	541546.5271666661
76773.0	44236.952153333346	44683.79005387206	45139.747095238105	45605.10531271478	46080.15849305556	46565.21279298247	47060.58739716313	47566.61521863801	48083.64364492754	47669.77033333334	48199.43444814815	48741.00112734082	49294.876140151515	49861.483911877396	50441.268608527134	51034.69529803922	51642.25119444445	50941.73139759037	51562.97202439024	52199.55192592592	52852.046325	53521.05956962025	54207.227	54911.21696103896	55633.732973684215	56375.51608000001	55627.669412162155	56389.69228082192	57172.88245138889	57978.134316901414	58806.39337857143	59658.65994927537	60535.993183823535	60058.57038805971	60968.54872727274	61906.526399999995	62873.815875	63871.81295238095	64902.00348387097	65965.97075409837	65783.17875277778	66898.14788418078	68051.56422701149	69245.45131871344	70481.97723511905	71763.46773030302	71739.42673765431	73093.00082704403	74498.63545833335	75959.39301633988	77478.58087666667	79059.77640476191	79611.38981250001	81305.24917021277	83072.75458695652	84918.81580000003	86848.78888636365	88868.52816279068	90825.9169484127	93041.18321544716	95367.21279583334	97812.52594444444	100386.53978508773	103650.07993693693	106529.2488240741	109572.94164761907	112795.67522549022	116213.72598989902	119458.69846354169	123312.2048655914	127422.61169444442	131816.49485632183	133612.7485952381	138561.36891358023	143890.65233333333	149646.2784266667	151010.91515972224	157576.6071231884	164739.18017424247	172583.9030396826	175853.70952500007	185109.1679210527	195393.0105833333	204670.1336078431	217462.01695833332	231959.48475555555	38681.89479761905	41657.42516666667	45128.87726388889	49231.50246969698	54154.65271666668	60171.83635185187	67693.31589583337	77363.78959523814	90257.7545277777	108309.30543333323	135386.63179166653	180515.5090555554	270773.26358333306	541546.5271666661
83578.0	44824.49462833334	45277.2673013468	45739.28023299321	46210.81920446736	46692.1819045139	47183.67855614036	47685.63258333334	47566.61521863801	48083.64364492754	48612.03533333334	49152.169059259264	49704.44062172285	50269.26381060607	50847.071440613036	51438.31645736435	52043.47312156864	51642.25119444445	52264.446991967874	52901.818296747966	53554.92716460906	54224.36375416667	54910.74810548523	55614.732055555556	56337.00130303031	55633.732973684215	56375.51608000001	57137.34737837838	57920.05076712329	58724.495916666674	59551.60149295775	60402.338657142864	61277.734869565225	60535.993183823535	61439.51547014926	62370.417219696974	63329.96209999999	64319.49275781249	65340.43708730158	66394.31510483871	65965.97075409837	67065.4036	68202.1053559322	69378.00372413793	70595.16168421053	71855.78957142857	71763.46773030302	73092.42083641974	74471.52311635221	75903.66779166667	77391.97500326799	78939.81450333334	79059.77640476191	80706.85507986112	82424.02220921987	84215.84877898551	86087.31208518521	86848.78888636365	88868.52816279068	90984.44550000002	93203.57831707317	95533.66777500001	97812.52594444444	100386.53978508773	103099.68950900901	105963.56977314816	108991.10033809526	112795.67522549022	116213.72598989902	119845.40492708336	123711.3857311828	127422.61169444442	131816.49485632183	136524.2268154762	141580.6796604938	143890.65233333333	149646.2784266667	155881.54002777778	162658.99828985508	164739.18017424247	172583.9030396826	181213.09819166674	185109.1679210527	195393.0105833333	206886.71708823525	217462.01695833332	231959.48475555555	248528.0193809524	41657.42516666667	45128.87726388889	49231.50246969698	54154.65271666668	60171.83635185187	67693.31589583337	77363.78959523814	90257.7545277777	108309.30543333323	135386.63179166653	180515.5090555554	270773.26358333306	541546.5271666661
90986.0	45248.62909666667	45705.685956228954	46172.070506802724	46648.07123367698	47133.98864236111	47630.13589122808	47685.63258333334	48198.38132078855	48722.27676992754	49257.68640476192	49804.99403148149	50364.60070599251	50936.92571401516	51522.407618773956	52121.505381782954	52043.47312156864	52663.038277777785	53297.53271485945	53947.50262601626	54613.52117695474	55296.190191666676	55996.14196624473	56714.04122222223	56337.00130303031	57078.27763596492	57839.32133777779	58620.93378828829	59423.96027853882	60249.2930601852	61097.87465258217	60402.338657142864	61277.734869565225	62178.878029411775	63106.920985074634	64063.08645454547	65048.672399999996	66065.05790624999	65340.43708730158	66394.31510483871	67482.7465	68607.45894166667	69770.29722881355	70973.23338793103	72218.37783333332	71855.78957142857	73162.25847272726	74517.11511111111	75923.09841509434	77383.15800000001	77391.97500326799	78939.81450333334	80550.83112585034	82228.97344097223	83978.52606737589	85804.14619927536	86087.31208518521	88043.84190530305	90091.37311240309	92236.40580555557	94486.0742398374	95533.66777500001	97983.249	100561.75555263158	103279.64083783784	106148.51975000002	108991.10033809526	112196.72093627453	115596.6215707071	119209.0159947917	123711.3857311828	127835.09858888888	132243.20543678163	136966.17705952382	141580.6796604938	147026.09041666667	152907.13403333334	155881.54002777778	162658.99828985508	170052.58912121216	178150.3314603175	181213.09819166674	190750.6296754387	201347.8868796296	206886.71708823525	219817.13690624997	234471.61269999997	248528.0193809524	267645.55933333334	45128.87726388889	49231.50246969698	54154.65271666668	60171.83635185187	67693.31589583337	77363.78959523814	90257.7545277777	108309.30543333323	135386.63179166653	180515.5090555554	270773.26358333306	541546.5271666661
99051.0	45616.502295000006	46077.275045454546	46547.451321428576	47027.32195360825	47517.189890625	47630.13589122808	48136.83946453901	48654.4398888889	49183.29249637681	49723.76823809524	50276.25455185185	50841.15628838951	51418.89670075758	52009.91850191571	52121.505381782954	52734.69956274511	53362.49360515874	54005.415214859444	54664.0178394309	55338.88225720165	56030.61828541668	56739.86661814347	56714.04122222223	57450.58721212122	58206.51599122808	58982.60287111112	59779.66507207208	60598.56459360732	61440.21132407409	61097.87465258217	61970.70143333334	62868.82754106281	63793.36912254903	64745.50896019901	65726.50152020203	66737.67846666666	66065.05790624999	67113.70961904761	68196.18880645161	69314.1591147541	70469.39510000001	71663.79162711864	70973.23338793103	72218.37783333332	73507.99172321428	74844.50066363634	76230.50993518517	77668.82144339623	77383.15800000001	78900.47482352942	80478.48432	82120.90236734695	83831.75450000001	85615.40885106384	85804.14619927536	87710.90500370372	89704.3346628788	91790.48198062014	93975.9696468254	94486.0742398374	96848.22609583334	99331.51394444445	101945.50115350878	103279.64083783784	106148.51975000002	109181.33460000002	112392.55032352943	115596.6215707071	119209.0159947917	123054.46812365591	127156.28372777777	132243.20543678163	136966.17705952382	142038.99843209874	147502.03683333335	152907.13403333334	159278.26461805555	166203.40655797103	170052.58912121216	178150.3314603175	187057.8480333334	190750.6296754387	201347.8868796296	213191.88022549017	219817.13690624997	234471.61269999997	251219.5850357143	267645.55933333334	289949.3559444445	49231.50246969698	54154.65271666668	60171.83635185187	67693.31589583337	77363.78959523814	90257.7545277777	108309.30543333323	135386.63179166653	180515.5090555554	270773.26358333306	541546.5271666661
107830.0	45961.312886666674	46425.56857239057	46899.29886394559	47382.796790378015	47517.189890625	48017.370836842114	48528.19393085107	49050.00246774195	49583.154668478266	50128.0245	50685.002550000005	51254.49696067416	51836.934426136366	52009.91850191571	52614.68499612403	53233.68129019609	53867.41559126984	54516.420598393575	55181.254995934956	55862.50505761316	56560.78637083333	56739.86661814347	57467.30080555556	58213.62938744589	58979.59819517545	59765.99283777779	60573.64138963965	61403.41729908677	61440.21132407409	62305.566413145556	63195.64593333335	64111.524859903395	65054.3414019608	66025.30172139304	67025.6850808081	66737.67846666666	67780.45469270833	68856.33492592593	69966.92097311828	71113.91967759562	72299.15167222223	71663.79162711864	72899.37424137931	74178.31063157895	75502.92332142858	76875.70374545454	78299.32788888887	77668.82144339623	79162.45262499999	80714.65757843138	82328.95073	84009.13339795919	83831.75450000001	85615.40885106384	87476.61339130436	89420.53813333335	91452.8230909091	91790.48198062014	93975.9696468254	96268.06646747967	98674.76812916667	101204.89038888889	101945.50115350878	104700.78496846848	107609.1401064815	110683.68696666669	112392.55032352943	115798.3851818182	119417.08471875002	123269.24874193549	127156.28372777777	131540.98316666667	136238.87542261905	141284.75969753086	147502.03683333335	153402.1183066667	159793.87323611113	166203.40655797103	173758.10685606062	182032.30242063495	187057.8480333334	196902.99792982463	207842.05337037033	213191.88022549017	226516.3727395833	241617.46425555553	251219.5850357143	270544.1685	289949.3559444445	316308.3883030304	54154.65271666668	60171.83635185187	67693.31589583337	77363.78959523814	90257.7545277777	108309.30543333323	135386.63179166653	180515.5090555554	270773.26358333306	541546.5271666661
117388.0	46240.46481166668	46707.540213804714	47184.14776700681	47382.796790378015	47876.36759027778	48380.329354385976	48895.013709219864	49420.766544802886	49957.94878985508	50506.93723809525	51068.12542962963	51641.924591760304	51836.934426136366	52432.76125862069	53042.44452906977	53666.473288235306	54305.359875	54959.641319277114	55629.88084756098	56316.669499999996	56560.78637083333	57276.74569198312	58011.06294444444	58764.453372294374	59537.66986403509	60331.50546222222	61146.796076576575	61403.41729908677	62256.242539351864	63133.09102582161	64034.99232619049	64963.03569323673	65918.37445343139	66902.23078855722	67025.6850808081	68056.84946666667	69120.23773958333	70217.38437037038	71349.922827957	72519.59369398908	72299.15167222223	73524.56102259886	74792.2258678161	76104.37018128655	77463.37679166667	78871.80182424242	78299.32788888887	79776.67369811321	81310.8405	82905.17070588237	84563.27412	84009.13339795919	85759.32367708333	87583.99013829787	89487.98992391305	91476.61192222223	91452.8230909091	93579.63293023255	95807.71942857144	98144.49307317073	100598.1054	101204.89038888889	103868.17697807019	106675.4250045045	109638.63125462964	110683.68696666669	113939.08952450984	117391.78920707073	121060.28261979169	123269.24874193549	127378.22369999999	131770.5762413793	136476.66825000002	141284.75969753086	146718.78891666667	152587.54047333336	159793.87323611113	166741.432942029	174320.58898484852	182032.30242063495	191133.9175416667	201193.59741228077	207842.05337037033	220068.0565098039	226516.3727395833	241617.46425555553	258875.85455952384	270544.1685	293089.51587500004	316308.3883030304	347939.22713333345	60171.83635185187	67693.31589583337	77363.78959523814	90257.7545277777	108309.30543333323	135386.63179166653	180515.5090555554	270773.26358333306	541546.5271666661
127792.0	46381.24109666667	46849.73848148148	47327.79703741497	47670.58228006874	48167.15084548612	48674.17348596492	49191.98384219859	49720.92990501794	50261.37479528986	50813.6975952381	51378.294235185196	51641.924591760304	52228.7646439394	52829.09527203066	53443.38707751939	54072.13280784315	54715.848674603185	55375.07576706828	56050.381569105695	56316.669499999996	57020.62786875	57742.407968354426	58482.69525	59242.210772727274	60021.71354605263	60822.00306	61643.92202027027	61984.42342009133	62845.31818981482	63730.46351643193	64640.89870952382	65577.72332850241	66542.1016127451	66902.23078855722	67915.90095202022	68960.76096666667	70038.27285677084	71149.99147354499	72297.5719811828	73482.77807923498	73728.25358888891	74977.88500564973	76270.60716091955	77608.6879883041	78994.55741666668	78871.80182424242	80332.39074691357	81848.09623270441	83422.09808333335	85057.82549673204	86758.98200666667	86289.0552244898	88086.743875	89960.92991489363	91916.60230434783	91476.61192222223	93555.62582954546	95731.33805813952	98010.65563095239	100401.15942682925	100598.1054	103177.544	105892.7425263158	108754.70854054054	109638.63125462964	112771.16357619049	116087.96250490198	119605.77955050507	121060.28261979169	124965.45302688172	129130.96812777777	133583.76013218393	136476.66825000002	141531.35966666666	146974.87350000002	152587.54047333336	158945.35465972224	165856.0222536232	174320.58898484852	182621.56941269847	191752.6478833334	201193.59741228077	212371.01949074067	220068.0565098039	233822.3100416666	249410.4640444444	258875.85455952384	278789.38183333335	293089.51587500004	319734.01731818187	347939.22713333345	386599.1412592594	67693.31589583337	77363.78959523814	90257.7545277777	108309.30543333323	135386.63179166653	180515.5090555554	270773.26358333306	541546.5271666661
139119.0	46315.767095	46783.60312626262	47327.79703741497	47815.71247079038	48313.79280902778	48822.35904912282	49341.74584751773	49872.3022544803	50414.392496376815	50968.396809523816	51534.712329629634	51955.57844007491	52545.98274053031	53149.959553639856	53767.9823391473	54400.546837254915	55048.172394841284	55711.403387550214	56390.81074593496	56742.36158847737	57451.64110833334	58178.87707172996	58924.760111111114	59690.016735930745	60475.41169298247	61281.75051555556	61643.92202027027	62488.35930821918	63356.253187500006	64248.594781690146	65166.43185000001	66110.87289130436	67083.09161029413	67535.26730845771	68558.52893434344	69613.27553333332	70700.98296354165	71823.22078835979	72981.65983333332	73482.77807923498	74707.49104722224	75973.71970903955	77283.61142816093	78639.46426023392	78994.55741666668	80430.8220969697	81920.2817654321	83465.94745911952	85071.06183333334	86739.12186928107	86758.98200666667	88529.57347619049	90373.93959027779	92296.78936879433	94303.24131159422	93959.19346666668	96094.6296818182	98329.3885116279	100670.56442857144	100401.15942682925	102911.18841249999	105549.93683333333	108327.56675	108754.70854054054	111775.67266666668	114969.26331428574	118350.71223529414	119605.77955050507	123343.46016145835	127322.28145698924	131566.35750555553	133583.76013218393	138354.60870833334	143478.85347530863	146974.87350000002	152853.86844000002	159222.77962500002	165856.0222536232	173394.93235606066	181651.83389682544	191752.6478833334	201844.892508772	212371.01949074067	224863.43240196074	238917.3969270833	249410.4640444444	267225.4971904762	278789.38183333335	302021.8303194445	319734.01731818187	351707.41905000014	386599.1412592594	434924.03391666693	77363.78959523814	90257.7545277777	108309.30543333323	135386.63179166653	180515.5090555554	270773.26358333306	541546.5271666661
151450.0	45998.697290000004	46463.33059595959	47260.986831632654	47748.2135	48245.59072395833	48753.439047368425	49272.09265425532	49801.90010215055	50343.22510326087	50896.44735714286	51534.712329629634	52113.7540411985	52705.95579166667	53311.77137547893	53931.675693798454	54566.16599607844	55215.76321031746	55881.013369477914	56390.81074593496	57086.99359465021	57800.58101458334	58532.23393881857	59282.64719444445	60052.551703463214	60842.71685745615	61281.75051555556	62109.882279279285	62960.70258447489	63835.15678703705	64734.24350234743	65659.01840952382	66610.59838647344	67083.09161029413	68084.33178358209	69115.91256818183	70179.2343	71275.78483593749	72407.1465	72981.65983333332	74178.08048633879	75414.38182777778	76692.59168926554	78014.87775287357	79383.55981871345	80043.7404077381	81499.08114242424	83008.32338580246	84574.51816666668	86200.95120833334	86739.12186928107	88473.90430666669	90279.49419047621	92160.31698611112	94121.17479432626	94303.24131159422	96398.86889629632	98589.75228030304	100882.53721705425	100670.56442857144	103125.94404878048	105704.09265	108414.454	111267.46594736843	111255.33882432431	114345.76490277778	117612.78675714287	118350.71223529414	121937.09745454548	125747.63175000003	129804.00696774194	131566.35750555553	136103.12845402298	140963.9544702381	143478.85347530863	148997.2709166667	154957.16175333335	159222.77962500002	166145.50917391304	173697.5777727273	181651.83389682544	190734.42559166675	201844.892508772	213058.4976481481	225591.35045098036	238917.3969270833	254845.22338888884	267225.4971904762	287781.30466666666	302021.8303194445	329478.36034848494	351707.41905000014	390786.0211666668	434924.03391666693	77363.78959523814	90257.7545277777	108309.30543333323	135386.63179166653	180515.5090555554	270773.26358333306	541546.5271666661
164874.0	45422.62456333334	46463.33059595959	46937.446214285716	47421.33741237113	47915.309677083336	48419.68135789474	48934.784351063834	49460.964827957	49998.58401086957	50548.019	51461.96343888889	52040.187747191005	52631.55351704545	53236.51390229885	53855.54313372093	54489.137758823534	55137.817970238095	55802.12903012048	56562.48914227642	57260.791477366256	57976.55137083334	58710.43176793249	59463.12961111111	60235.37804761905	61027.94881140351	61653.95308222224	62487.11461036037	63343.10248173517	64222.867793981495	65127.415227699545	66057.80687380955	66610.59838647344	67590.16600980394	68598.97445771146	69638.35285858587	70709.71213333333	71814.55138541666	72954.4648994709	73575.0037016129	74781.15130327869	76027.503825	77316.10558474576	78649.14188793104	79383.55981871345	80801.12338690476	82270.23472121211	83793.75758641974	85374.77188050315	86200.95120833334	87891.16593790852	89648.98925666668	91478.56046598642	93384.3638090278	94121.17479432626	96167.28728985508	98304.33811851856	100538.52762121215	102876.63291472867	103284.5023888889	105803.63659349593	108448.72750833334	111229.46411111111	111267.46594736843	114274.69475675675	117448.99183333335	120804.67731428573	121071.98636764707	124740.83443939395	128638.98551562501	129804.00696774194	134130.80719999998	138756.00744827586	140963.9544702381	146184.84167283948	151807.33558333333	154957.16175333335	161413.71015972225	168431.69755797103	173697.5777727273	181968.89100000003	191067.33555000008	200773.07957017553	211927.13954629627	225591.35045098036	239690.80985416664	254845.22338888884	273048.4536309524	287781.30466666666	311763.08005555556	329478.36034848494	362426.1963833335	390786.0211666668	434924.03391666693	497056.0387619051	90257.7545277777	108309.30543333323	135386.63179166653	180515.5090555554	270773.26358333306	541546.5271666661
179488.0	44613.34046000001	45881.43895286195	46349.61690136055	46827.448003436424	47315.23392013889	47813.289014035094	48321.9410248227	48841.531788530476	49372.41800362319	49914.97204761905	51109.66365555556	51683.929539325836	52271.24692045455	52872.06585057471	53486.857313953486	54116.11445882353	54760.35391666667	55802.12903012048	56482.642798780485	57179.95937654321	57894.70886875	58627.55328481012	59379.18858333333	60150.34687662338	61027.94881140351	61841.654795555565	62677.35283333333	63535.94670776256	64418.39041203705	65325.69168544602	66258.91585238096	67015.16639371982	68000.68354656865	69015.61912189056	70061.3103207071	71139.17663333334	72250.72626822918	72954.4648994709	74131.1498172043	75346.41456830602	76602.18814444446	77900.53031638419	79243.642908046	80028.95139473684	81458.0398125	82939.09508181817	84475.00424999998	86068.87225471699	87016.59441666666	88722.80215032681	90497.25819333334	92344.14101360545	94267.97728472222	95371.26516666668	97444.55353985509	99609.98806296299	101873.85142803034	102876.63291472867	105326.07655555557	107895.00525203253	110592.38038333335	111229.46411111111	114156.55527192984	117241.86757657658	120498.5861203704	120804.67731428573	124357.75605882355	128126.17290909094	128638.98551562501	132788.63020967742	137214.9178833333	141946.46677586206	143711.57914285714	149034.23022222222	154766.31600000002	157879.62900666668	164457.94688194446	168431.69755797103	176087.6838106061	184472.81161111116	191067.33555000008	201123.51110526323	211927.13954629627	224393.44187254898	239690.80985416664	255670.19717777777	273048.4536309524	294052.18083333335	311763.08005555556	340105.1782424243	362426.1963833335	402695.77375925943	439634.2738125003	497056.0387619051	90257.7545277777	108309.30543333323	135386.63179166653	180515.5090555554	270773.26358333306	541546.5271666661
195397.0	43627.66024500001	45063.98026262626	45523.81679591838	45993.13449484537	46472.22964583334	46961.411010526324	47461.00048936171	47971.33382795701	48492.761369565225	49914.97204761905	50469.58284814815	51036.65681273408	51616.6188219697	52209.91329118774	52817.00530620155	53438.38183921569	54074.5530515873	55420.117216867475	56095.97230487804	56788.51517283951	57498.3716125	58226.19910126582	58972.688833333326	59738.56790909091	60941.79880921053	61754.356126666666	62588.8744527027	63446.25629452055	64327.45429861112	65233.47478169014	66165.38156428572	67219.18999516909	68207.70749509805	69225.7329800995	70274.60772222224	71355.75553333333	72470.68921354166	73397.56319312169	74581.39485752689	75804.0406748634	77067.4413527778	78373.6691723164	79243.642908046	80633.88225730995	82073.77301190476	83566.02343030302	85113.54238271604	86068.87225471699	87724.042875	89444.12214705884	91233.00459000001	93094.90264285715	94267.97728472222	96273.67892907801	98366.58499275362	100552.50910370372	102837.79340151517	104243.0107635659	106724.98721031749	109328.0356788618	112061.23657083335	113428.08244444446	116413.03198245616	119559.33014414416	120498.5861203704	123941.40286666669	127586.73824509807	131453.00304040406	132130.1158125	136392.37761290322	140938.7902	141946.46677586206	147015.98344642855	152461.01987037034	154766.31600000002	160956.96864	167663.50900000002	171608.29239855072	179408.6693257576	184472.81161111116	193696.45219166673	203891.00230701762	212297.03949999996	224785.1006470588	238418.0319895833	254312.56745555555	273932.35411904764	295004.0736666667	318556.5292361111	340105.1782424243	374115.6960666668	402695.77375925943	439634.2738125003	502439.1700714289	579898.7118888885	108309.30543333323	135386.63179166653	180515.5090555554	270773.26358333306	541546.5271666661
212716.0	42538.875405000006	44068.34368181818	44518.02065816327	44976.96932474227	45445.479421875	45923.85288947369	46412.40451595745	46911.46262903227	47421.36983152174	49025.64885714286	49570.378288888896	50127.34883146067	50696.97779545455	51279.70167816093	51875.977279069775	52486.28289411766	53111.1195952381	54726.05369076305	55393.44458943089	56077.314275720164	56778.28070416667	57496.99311814346	58234.13405555555	58990.42151082251	60524.60169736842	61331.59638666667	62160.40174324324	63011.91409589042	63887.07956944445	64786.8975915493	66165.38156428572	67124.30013768116	68111.42219852941	69128.01058955224	70175.40468939395	71255.02629999998	72470.68921354166	73621.01761375662	74808.45338172044	76034.82146994535	77302.06849444445	78612.27304519774	79724.93933045978	81123.62247660819	82572.25859226192	84073.57238484848	85630.49039197531	86719.45827672957	88387.14016666668	90120.22134640525	91922.62577333335	93798.59772789117	95034.37978125	97056.38786170214	99166.30933695653	101370.00510000002	102837.79340151517	105229.36999224804	107734.83118253968	110362.50999186991	112061.23657083335	114934.60161111112	117959.1963903509	121147.2827792793	122880.42264814817	126391.2918666667	130108.6828039216	131453.00304040406	135560.9093854167	139933.84194623656	144598.30334444443	145798.74848275862	151005.84664285716	152461.01987037034	158324.90524999998	164657.90146	167663.50900000002	174953.22678260872	182905.6461818182	187951.93929365082	197349.5362583334	203891.00230701762	215218.2802129629	224785.1006470588	238834.16943749998	254312.56745555555	272477.7508452381	295004.0736666667	319587.74647222226	347516.21371212124	374115.6960666668	415684.1067407409	453032.745479167	502439.1700714289	579898.7118888885	108309.30543333323	135386.63179166653	180515.5090555554	270773.26358333306	541546.5271666661
231570.0	41421.63163666667	42968.561015151514	43407.01571938776	43854.510726804125	44311.328546875004	44777.76358421053	45254.1227712766	45740.726241935496	46237.90804891305	47942.48378571429	48475.17805	49019.84297191011	49576.88664204546	50146.735913793105	50729.837494186046	51326.65911176471	53111.1195952381	53751.012602409646	54406.51275609757	55078.19809876544	55766.67557500001	56472.582860759496	57196.59033333333	58990.42151082251	59766.61126754386	60563.499417777784	61381.925085585586	62222.77337442923	63086.97856018519	63975.527553990614	65712.4247	66664.77868115943	67645.14307352943	68654.77207462688	69694.9958939394	70767.2266	72368.3860859375	73517.09062698412	74702.8501532258	75927.4870409836	77192.94515833334	78612.27304519774	79967.6570632184	81370.59841520467	82823.64481547619	84329.52926666665	85891.18721604938	87246.1600220126	88923.97079166668	90667.57806209153	92480.92962333336	93798.59772789117	95752.73518055557	97790.02741843973	99915.89757971016	102136.2508592593	103673.86885227275	106084.88905813952	108610.71975	111259.76169512195	113121.57274166666	116022.12588888888	119075.33972807018	121147.2827792793	124512.48507870373	128069.98465238098	131836.74890686278	134051.3701616162	138240.4754791667	142699.845655914	144598.30334444443	149584.4517356322	154926.75358333334	156598.65577777775	162621.681	169126.54824	171518.64735416666	178975.9798478261	182905.6461818182	191615.4388571429	197349.5362583334	207736.35395614043	219277.2625092592	227878.17904901959	242120.56523958332	254756.44739999998	272477.7508452381	293437.57783333334	319587.74647222226	348641.17796969705	382267.8350833334	415684.1067407409	453032.745479167	517751.70911904797	586179.0317499995	695878.454266666	135386.63179166653	180515.5090555554	270773.26358333306	541546.5271666661
252095.0	40341.73123500001	41840.03195622896	42266.97105782314	42702.713027491416	43147.53295486112	43601.71751228071	44065.565570921994	44539.38885663084	45023.512648550735	46746.01692857143	47265.41711666667	47796.489219101124	48339.63114204546	48895.2590862069	49463.808610465116	50045.735770588246	51937.690767857144	52563.44607831326	53204.46371341463	53861.30894444444	54534.57530625	55224.88638607595	55932.89775	57939.4031948052	58701.763763157905	59484.453946666676	60288.29791891892	61114.16501369864	61962.97286111113	62835.690788732405	64889.46366190477	65829.89067149759	66797.97729901962	67794.96203482588	68822.15842929293	69880.96086666666	71872.96451562499	73013.80522222222	74191.44724193549	75407.70047540983	76664.49548333333	78501.30016101694	79854.77085344828	81255.73174561403	82706.72695535714	84210.4856272727	85891.18721604938	87511.77565408805	89194.69441666667	90943.60999346407	92762.48219333334	94368.29553401363	96334.30169097224	98383.96768439718	100522.74959057973	102136.2508592593	104457.52928787882	106886.77415503876	109431.69734920637	111259.76169512195	114041.2557375	116965.3905	120043.42709210527	122293.59215315315	125690.63637962964	129281.79741904764	131836.74890686278	135831.80190404045	140076.5457135417	144595.1439623656	147456.5071777778	152541.2143218391	154926.75358333334	160664.78149382715	166844.1961666667	169126.54824	176173.48775	183833.20460869567	187111.25165909092	196021.3112619048	201196.21080000006	211785.48505263164	219277.2625092592	232175.92500980388	242120.56523958332	258261.93625555554	272953.33650000003	293949.74700000003	317890.7093194445	348641.17796969705	382267.8350833334	424742.03898148163	467644.62008333363	517751.70911904797	586179.0317499995	695878.454266666	135386.63179166653	180515.5090555554	270773.26358333306	541546.5271666661
274439.0	39346.140665	40749.22346969697	41165.031872448984	41589.4136443299	42022.636703125005	42464.98024736843	42916.73535638298	43378.20562903227	43849.70786413044	45518.27652380953	46024.03515185186	46541.1591423221	47070.035950757585	47611.0708467433	48164.68794961241	48731.33133725492	50641.51833928572	51251.657114457834	51876.677323170734	52517.13012962963	53173.59425625	53846.6777278481	54537.01975	56659.299019480524	57404.81611184211	58170.21366000001	58956.29762837838	59763.918143835625	60593.97256250001	61447.40879577466	63733.34351428573	64657.015159420305	65607.85361764708	66587.07531343286	67595.97039393941	68635.9084	70972.85088020832	72099.40406878307	73262.29768279569	74463.31895628414	75704.37427222222	77963.89371186441	79308.09877586208	80699.46892982455	82140.530875	83633.99507272725	85769.9390648148	87388.2398018868	89068.782875	90815.22959803922	92631.53419	94655.59407482995	96627.58561805556	98683.49169503547	100828.78499275363	102756.5884703704	105091.96548106063	107535.96467829456	110096.34478968257	112100.76313821139	114903.28221666667	117849.52022222223	120950.82338596493	123287.84404054054	126712.50637500001	130332.86370000002	133084.2032254902	137117.05786868688	141401.96592708334	144595.1439623656	149414.98209444445	154567.22285632187	157989.11483333335	163840.5635308642	170142.12366666668	173517.96401333335	180747.87918055558	183833.20460869567	192189.2593636364	201341.1288571429	205822.37682500004	216655.13350000005	223551.34533333327	236701.4244705882	246686.92032291662	258261.93625555554	276709.2174166667	293949.74700000003	318445.55925000005	346789.8647121213	383505.2957666668	424742.03898148163	477834.7938541669	534450.9943809527	604043.6606388885	703414.8380999994	135386.63179166653	180515.5090555554	270773.26358333306	541546.5271666661
298764.0	38463.236781666674	39743.57642929292	40149.12312755102	40563.03161340206	40985.56319270834	41416.990173684215	41857.59645212766	42307.67813440861	42767.54420108696	44331.57278571429	44824.14581666667	45327.787904494384	45842.87640340909	46369.80601724138	46908.98980813954	47460.8602764706	49311.466234126994	49905.58028514057	50514.18492276423	51137.81683539095	51777.03954583334	52432.44510970465	53104.65594444445	55245.29273376623	55972.204480263164	56718.50054000001	57484.96676351351	58272.43206164384	59081.77139583334	61447.40879577466	62325.228921428585	63228.49310869566	64158.3238897059	65115.91081343284	66102.51552272729	68635.9084	69708.34446875	70814.82612698413	71957.0007419355	73136.62370491803	74355.56743333334	76987.499259887	78314.86993678162	79688.81502339181	81111.82957738095	82586.5901151515	85182.77275925924	86789.99488679245	88459.03325000001	90193.52409803923	92631.53419	94521.97366326531	96491.18144791666	98544.18530851064	100686.45020652174	103069.42465925928	105411.91158333335	107863.3513875969	110431.52642063492	112781.62149186993	115601.16202916668	118565.2943888889	120950.82338596493	124219.76455855857	127670.3135740741	131318.03681904764	134166.18322058825	138231.82513636365	142551.569671875	145963.31966666665	150828.76365555552	156029.75550574713	160087.4808154762	166016.64677160492	170142.12366666668	176947.80861333339	184320.63397222225	188606.48262318844	197179.5045606061	201341.1288571429	211408.18530000007	216655.13350000005	228691.52980555547	236701.4244705882	251495.26349999997	263132.71501111105	281927.9089404762	297994.5418333334	318445.55925000005	347395.1555454546	381468.8511833335	426116.9952962965	477834.7938541669	534450.9943809527	604043.6606388885	703414.8380999994	869848.0678333326	180515.5090555554	270773.26358333306	541546.5271666661
325245.0	37706.66427666667	38851.754324915826	39248.20079761905	39652.82142439863	40065.871647569445	40487.617664912286	40918.337001773056	41358.3191200717	41807.86606702899	43237.51721428572	43717.934072222226	44209.146814606735	44711.523482954544	45225.44904022988	45751.32635465116	46289.577252941184	48025.87051785715	48604.495463855426	49197.233213414635	49804.60646296296	50427.16404375	51065.48257594937	51720.16825	53794.326800865805	54502.14689035089	55228.84218222223	55975.17788738739	56741.96114611873	57530.04393981483	59913.90902112677	60769.822007142866	61650.5440652174	62557.16971323531	63490.858813432846	64452.841522727285	67119.4773	68168.21913281249	69250.25435714285	70367.19394354838	71520.7545	72712.76707500001	75615.8312881356	76919.55251724139	78269.0183508772	79666.67939285716	81115.16447272727	84115.97141358024	85703.06521383648	87351.20108333333	89063.96973202615	91997.39458000001	93874.89242857143	95830.61935416667	97869.56870212767	99997.16802173914	102923.92687777779	105263.10703409092	107711.08626744185	110431.52642063492	113124.97828455284	115953.10274166668	118926.25922222222	121685.4337149123	124974.22922072074	128445.73558796299	131318.03681904764	135180.3320196079	139276.70571717175	143629.10277083336	147150.0074032258	152055.00764999999	156029.75550574713	161602.24677380951	167587.51517283948	172401.90241666668	179297.97851333336	186768.7276180556	192334.57457971017	201077.0552424243	206569.00477777782	216897.45501666673	222534.93189473692	234897.9836666666	242143.97273529405	257277.97103124994	268261.61439999996	281927.9089404762	303614.67116666667	322827.4203194445	347395.1555454546	381468.8511833335	423854.27909259277	479381.61970833363	546096.907261905	623526.1601111107	724852.392766666	869848.0678333326	180515.5090555554	270773.26358333306	541546.5271666661
354073.0	37078.844313333335	38087.53967340067	38476.18803741497	38872.84976975946	39277.77528819445	39691.22555438597	40113.47263475178	40544.80029749105	40985.50464855073	42267.29316666667	42736.92975740741	43217.11997940075	43708.2236155303	44210.61699042146	44724.69393217054	45250.866801960794	46840.64364880953	47404.98875301205	47983.098371951215	48575.482302469136	49182.67583125	49805.24134810126	50443.77008333333	52391.85874675325	53081.22530921053	53788.974980000006	54515.853020270275	55262.64552739727	56030.18227083334	58340.326248826306	59173.759480952394	60031.350198067645	60914.16417156864	61823.33080099504	62760.04793434345	65444.42369999999	66466.9928203125	67522.02445238095	68611.08936290322	69735.86131967213	70898.125675	73945.1868559322	75220.10387068967	76539.75481578946	77906.53615178572	79323.01862727272	82617.29714814815	84176.1140754717	85794.8855	87477.13815686277	90845.24912666668	92699.2338027211	94630.46784027778	96643.8820496454	99997.16802173914	102219.32731111113	104542.49384090911	106973.71462790696	110275.63594047619	112965.28559756097	115789.4177375	118758.37716666666	122055.89762280702	125354.70566666666	128836.7808240741	132115.6137476191	136001.3670931373	140122.6206414142	143629.10277083336	148262.2996344086	153204.3762888889	157298.28377586207	162916.079625	168950.00849999997	174033.18883333332	180994.51638666668	186768.7276180556	194889.10707971017	201077.0552424243	210652.1531111112	221184.76076666676	228313.11054385974	234897.9836666666	248715.512117647	257277.97103124994	274429.8357666666	287423.1582857143	303614.67116666667	328915.8937638889	352175.3676212122	382134.67110000015	423854.27909259277	479381.61970833363	546096.907261905	623526.1601111107	724852.392766666	879268.5476249993	180515.5090555554	270773.26358333306	541546.5271666661
385457.0	36575.63218833334	37453.37809427609	37835.55542176871	38225.61269415807	38623.796159722224	39030.36243508772	39445.57905673759	39869.725068100364	40303.09164492754	41435.894809523816	41896.29364074075	42367.038513108615	42848.48213257576	43340.99342145594	43844.95846124031	44360.781501960795	45789.56759722222	46341.24913453816	46906.38631910569	47485.477508230455	48079.04597708333	48687.64149578059	49311.84202777778	51098.88398051948	51771.237717105265	52461.52088666667	53170.4603581081	53898.82282876712	54647.417590277786	56819.33976760564	57631.044621428584	58466.27715217392	59326.07534558825	60211.539156716426	61123.83520454547	63725.587133333334	64721.29943229167	65748.62164550264	66809.08328494625	67904.31415846995	70898.125675	72099.7888220339	73342.88862931034	74629.60597368421	75962.27750892857	79323.01862727272	80791.96341666665	82316.34008490566	83899.346625	85544.43185294118	89226.68092000001	91047.63359183675	92944.45929166667	94922.00097872342	98744.83600724638	100939.16569629632	103233.23764393941	105634.01061240309	109520.70783333333	112191.94460975609	114996.743225	117945.37766666665	121883.59761842106	125177.7489054054	128654.90859722224	132517.83170476192	136415.4149901961	140549.21544444447	144501.45253645838	149162.78971505378	154134.88270555556	158487.285816092	164147.54602380953	170227.08476543208	175448.08575	182466.00918000002	188535.95456944444	196733.16998550724	203747.70285606067	213449.974420635	221184.76076666676	232826.0639649124	240997.17224074068	255173.47649019604	264260.23162499996	281877.5804	294031.9668928571	309532.63200000004	328915.8937638889	358817.3386515152	387392.90438333346	424594.0790000002	476836.06397916697	547864.7082380956	637113.0584722217	748231.3921333326	879268.5476249993	1159797.423777777	270773.26358333306	541546.5271666661
419622.0	36188.676940000005	36945.08301851852	37322.07366156463	37706.83730756014	38099.61686284722	38500.665461403514	38910.247008865255	39328.636761648755	39756.12194384058	40745.982761904765	41198.715903703705	41661.622823970036	42135.05035606061	42619.36127969349	43114.935248062015	43622.16978039216	44888.8860436508	45429.71599598394	45983.73692276423	46551.43737860082	47133.33034583334	47729.95478059072	48341.87727777778	49952.25556060606	50609.522081140356	51284.3157088889	51977.34700225225	52689.3654543379	53421.162196759265	55417.09952816902	56208.77237857143	57023.392268115946	57861.97156617648	58725.58308208956	59615.3646439394	62064.2019	63033.9550546875	64034.49402380952	65067.30844354839	66133.98563114755	69036.05272777779	70206.15531638419	71416.60627011495	72669.52918713451	73967.19935119049	77343.40982727271	78775.69519444443	80262.02906603774	81805.52962500001	83409.55961764707	87255.32049000001	89036.04131632653	90890.95884375	92824.8090319149	96985.52273913045	99140.7565777778	101393.95559090911	103751.95455813954	108149.1061031746	110786.88917886178	113556.56140833333	116468.2681111111	121049.20339473685	124320.80348648647	127774.1591388889	132330.76312857145	136222.84439705883	140350.8093787879	144941.37842708337	149616.90676344087	154604.13698888887	159449.87866091955	165144.51718452384	170227.08476543208	176774.28033333336	183845.2515466667	190068.7595625	198332.61867391306	205675.58680303034	215469.6623650794	224122.47314166676	235918.39278070186	245760.84529629626	260217.36560784312	271121.8187708333	281877.5804	302011.6932857143	316649.81049999996	335327.01800000004	358817.3386515152	394699.0725166668	430436.5604259261	477668.3388750003	544955.5016904766	637113.0584722217	748231.3921333326	906065.4909583327	1159797.423777777	270773.26358333306	541546.5271666661
456815.0	35908.971020000005	36554.21913131313	36927.221367346945	37307.91437113402	37696.53847916667	38093.34414736843	38498.592489361705	38912.55584946238	39335.518413043486	40193.00240476191	40639.591320370375	41096.215941947565	41563.21839583333	42040.95653831418	42529.80487015504	43030.15551568628	44141.48132539683	44673.30640160643	45218.10282113821	45776.351004115226	46348.55539166667	46935.24596624472	47536.97988888888	48969.69386580087	49614.03194298246	50275.55236888889	50954.951725225226	51652.96476255709	52370.36705092594	54173.57293192489	54947.48111666668	55743.82142270532	56563.583502450994	57407.81609203981	58277.63148737375	60532.524099999995	61478.344789062496	62454.19153174603	63461.5172016129	64501.86994262295	67236.21872500001	68375.81565254237	69554.70902586207	70774.96707894737	72038.80577678572	75312.05752121212	76706.72525308642	78154.02195597485	79656.98391666668	81218.88556209153	85077.75081000001	86814.03143877552	88622.65709375001	90508.2455425532	94842.73966304348	96950.35610000002	99153.77328409093	101459.67498837208	106222.2391904762	108813.02551219513	111533.35115000002	116468.2681111111	119533.22253508773	122763.85017117117	126173.95712037038	131424.8494	135290.28614705885	139389.9917878788	144736.77217187503	149405.7003064516	154385.89031666663	159935.3141264368	165647.28963095238	171260.98078395062	177847.94158333336	184961.85924666672	191505.47036111113	199831.79515942032	207347.7377045455	217221.43950000004	226243.14548333338	238150.6794561404	249024.97015740737	260217.36560784312	276480.9509583333	289196.60668888886	309853.5071666667	325243.362	343037.2947083333	365811.2923636364	394699.0725166668	430436.5604259261	477668.3388750003	544955.5016904766	639175.492944444	764535.6701666659	906065.4909583327	1172358.063499999	270773.26358333306	541546.5271666661
497305.0	35728.799535000006	36089.6965	36641.80716326531	37019.55775257732	37405.178145833335	37798.9168631579	38201.033	38611.79679569894	39031.490239130435	39767.77685714286	40209.64104444445	40661.43476404494	41123.49652272728	41596.180390804606	42079.85690697675	42574.91404705883	43081.75826190477	44067.02673293173	44604.42949796748	45155.10146707819	45719.54023541667	46298.26859282701	46891.83613888889	48154.34326406926	48787.953043859656	49438.45908444445	50106.54636936937	50792.93741552512	51498.39487962964	53107.97785446011	53866.66325238096	54647.339531400976	55450.976877450994	56278.60339800996	57131.309510101026	59174.21043333333	60098.807471354165	61052.75679629629	62037.478680107524	63054.486527322406	65576.90110833333	66688.37400847458	67838.17356034483	69028.31695614035	70260.96547321428	73348.60224545453	74706.90969444445	76116.47402830189	77580.25237500001	79101.43379411766	82843.26327333334	84533.94211564628	86295.06590972224	88131.13114184399	92475.8160978261	94530.83423333336	96679.26228409093	98927.61722093022	103875.38153571429	106408.92742682926	109069.1506125	114393.18066666667	117403.52752631581	120576.59583783784	123925.94572222226	129778.92732380953	133595.95459803924	137644.31685858587	143745.92903125	148382.89448387097	154385.89031666663	159709.54170689656	165413.45391071428	171782.37443209876	178389.38883333333	184961.85924666672	192668.60338194447	201045.49918115945	208915.05857575763	218863.39469841277	228082.51147500006	240086.85418421062	251381.27275925918	263673.4978137255	280153.0914270833	294913.0143555556	309853.5071666667	333688.3923333334	352346.9755	374222.50331818184	402392.4216000001	438554.5250185187	484241.130479167	545906.6730000003	635781.4186388884	764535.6701666659	935289.2401666659	1172358.063499999	270773.26358333306	541546.5271666661
541383.0	35641.699210000006	36001.71637373737	36457.95870918368	36833.81395360825	37217.499515625	37609.26266842106	38009.36120744681	38418.06401612904	38835.65166847826	39262.41707142858	39898.85668888889	40347.158449438204	40805.64888636364	41274.67933333333	41754.61746511628	42245.848258823535	42748.775023809525	43600.81559036145	44132.53285365854	44677.378938271606	45235.846175000006	45808.45182278481	46395.73966666667	47500.82102380953	48125.831826754395	48767.50958444445	49426.529984234236	50103.60573744293	50799.48915046297	51514.97491314555	52969.777590476195	53737.455526570055	54527.712225490206	55341.55867661692	56180.067141414154	58010.25273333333	58916.66293229166	59851.84805820106	60817.20044623656	61814.203732240436	62844.440461111124	65191.92674858757	66315.9254856322	67479.3627748538	68684.35139583334	71538.43757272726	72863.22345370369	74238.00125471699	75665.655125	77149.29542156863	80683.46247000001	82330.06374489797	84045.27340625001	85833.47071276596	90047.02529710147	92048.07030370373	94140.07190151518	96329.3758992248	101283.03667857144	103753.35464634147	106347.1885125	111865.7955	114809.63222368422	117912.59525675676	121187.94512500001	127466.68702857145	131215.70723529416	135191.94078787882	141945.70176041668	146524.59536559138	153328.99096666664	158616.19755172415	164281.06175	171539.8781296296	178137.56575	185524.9643866667	193255.1712361111	201045.49918115945	210183.93096212126	218863.39469841277	229806.56443333343	240086.85418421062	253425.01274999994	266168.40645098034	282803.9318541666	298829.9641888889	315978.2296666667	333688.3923333334	361495.75836111116	384378.5187272728	411644.7536500001	447102.69066666684	493373.84064583364	553418.4348333337	635781.4186388884	767010.5915333326	935289.2401666659	1208087.321277777	270773.26358333306	541546.5271666661
589369.0	35643.75104333334	36003.78893265993	36369.08082653062	36744.019804123716	37126.77001041667	37517.57811578948	37916.70128723405	38324.40775268818	38740.977402173914	39166.70242857143	39698.666150000005	40144.718578651686	40600.9085625	41067.5856724138	41545.11573837209	42033.88180588236	42534.285160714295	43263.8205060241	43791.42807317073	44332.06298765432	44886.213775000004	45454.39369620253	46037.14233333333	46635.0272987013	47616.680184210534	48251.56925333334	48903.61748648649	49573.53005479453	50262.051305555564	50969.96752112677	52250.90312619049	53008.16259178745	53787.69439460785	54590.4958034826	55417.62452777779	57044.37586666666	57935.69423958333	58855.30843386243	59804.58760215053	60784.990677595626	61798.07385555556	63909.600468926554	65011.49013218391	66152.04259064328	67333.3290654762	69933.15778484847	71228.21626234567	72572.14487106919	73967.76304166667	75418.11133660132	78692.28133	80298.24625510204	81971.12638541668	83715.19290425532	87699.41572826088	89648.29163333336	91685.7528068182	93817.97961627906	98622.93246825399	101028.36984552846	103554.07909166667	109074.0395	111944.40896052633	114969.93352702702	121187.94512500001	124650.45784285717	128316.6477794118	135191.94078787882	139416.68893750003	143914.001483871	151408.74854444442	156629.73987356323	162223.6591547619	170365.54551851848	176918.06650000002	185263.06838	192982.36289583333	201657.56998550726	210823.8231666667	220192.68957936516	231202.32405833344	241901.64677192993	255340.6271481481	268332.36644117645	282803.9318541666	301657.52731111104	320174.9616309524	340284.24733333336	368641.2679444445	394359.0091212122	422816.37060000014	457383.05961111124	502990.5270000003	553418.4348333337	636891.1184999995	762937.7023666659	955669.5877083325	1208087.321277777	1739696.1356666652	541546.5271666661
641607.0	35729.96908	36090.87785858586	36371.17453401361	36746.135096219936	37128.90733680556	37519.73794035088	37918.884088652485	38326.61402508961	38743.2076557971	39168.95719047619	39601.888011111114	40046.85304494382	40501.93092045455	40967.47035632184	41443.836290697676	41931.410835294126	42430.59429761905	43046.74642771085	43571.70675	44109.62905555555	44660.999418750005	45226.32852531646	45806.15325	46401.03835714286	47248.64607894737	47878.62802666667	48525.63651351351	49190.371260273976	49873.57086111112	50576.01552112677	51698.10991428573	52447.35788405798	53218.64255882354	54012.95065671643	54831.32869696971	56270.20336666666	57149.42529427083	58056.55902910053	58992.95514247312	59960.05276775957	60959.386980555566	62845.49883615819	63929.041919540236	65050.60405847953	66212.22198809523	68557.57141212121	69827.15606790123	71144.64957861636	72512.81591666667	73934.63583660132	76926.47356333335	78496.4015952381	80131.74329513889	81836.67400354611	85535.08840217392	87435.86814444447	89423.0469659091	91502.6527093023	96051.7410357143	98394.46642682927	100854.3280875	106209.3118888889	109004.29378070177	111950.35577477478	118163.54279166668	121539.64401428573	125114.33942647061	132205.03104545458	136336.43826562504	140734.38788709676	148711.13486666666	153839.10503448278	159333.3587857143	168231.94282716047	174702.40216666667	183994.78916000001	191661.23870833335	201372.90041304348	210526.21406818184	220863.0528412699	231906.2054833334	243370.86742982466	256891.4711759259	270360.66403921566	285103.13934374996	304110.01529999997	323204.49354761903	344803.80483333336	368641.2679444445	394359.0091212122	433794.91003333346	469795.9673333335	502990.5270000003	563855.8178809527	645654.8406388884	762937.7023666659	958763.2394166659	1247052.3202222213	1739696.1356666652	541546.5271666661
698476.0	35893.500196666675	36256.06080471381	36626.020608843544	36835.019670103095	37218.71779166667	37610.49376842106	38010.60540425532	38419.321591397864	38836.92291304348	39263.70228571429	39604.16782592593	40049.15847565543	40504.26254924243	40969.828785440615	41446.22214341085	41933.824756862756	42433.03695634921	42941.80627710844	43465.48684146341	44002.09779012346	44552.124012500004	45116.07494936709	45694.48616666666	46287.921051948055	47011.57833552632	47638.39938000001	48282.16153378379	48943.56100684932	49623.33268750001	50322.252866197196	51298.53002857144	52041.986985507254	52807.310323529426	53595.479134328365	54407.53184848486	55244.570799999994	56544.80771875	57442.34434920635	58368.833774193554	59325.699901639346	60314.46156666668	61992.59692937853	63061.43480747127	64167.77576900585	65313.6289077381	66501.14943333332	68664.52650617283	69960.0836100629	71305.46983333334	72703.61630065361	75413.32855333334	76952.37607482994	78555.5505763889	80226.94526950356	83615.73213405798	85473.85951481483	87416.44723106062	89449.38786434107	93681.28729761906	95966.19674390243	98365.3516625	103440.3365	106162.45061842106	109031.70604054055	115060.08787962966	118347.51896190479	121828.32834313728	128905.68304545457	132933.98564062503	137222.17872580644	145425.53415	150440.20774137933	155813.07230357145	165234.5942962963	171589.771	181690.49825333335	189260.93568055556	199994.33604347828	209084.98768181822	220551.2718809524	231578.83547500006	244111.79524561414	257673.56164814808	272002.73418627447	287258.20554166666	306408.7525777778	325832.15925	348066.37766666664	373537.4552361112	402154.1104848486	433794.91003333346	469795.9673333335	514555.9420625003	574846.3165714289	657831.7875277773	764269.3421999993	958763.2394166659	1247052.3202222213	1758537.0952499986	541546.5271666661
760385.0	36124.08522666667	36488.974976430974	36861.311455782314	37003.60845017182	37389.06270486111	37782.63178596492	38184.57467730497	38595.16150179213	39014.6741268116	39443.40680952381	39881.66688518519	40146.0326741573	40602.23759090909	41068.929977011496	41546.47567441861	42035.25774117648	42535.67747619048	43048.15551807229	43467.98907723577	44004.630917695475	44554.68880416667	45118.67220675106	45697.11672222222	46290.58577056277	46896.972644736845	47522.26561333334	48164.458391891894	48824.24549315069	49502.360013888894	50199.57635211269	51041.14219285715	51780.86889130436	52542.352257352955	53326.566470149264	54134.544750000015	54967.3839	56107.76721875	56998.3666984127	57917.69519354839	58867.16560655738	59848.28503333334	61336.740576271186	62394.270586206905	63488.906912280705	64622.63739285715	65797.59443636362	67732.65220061727	69010.62677044026	70337.75420833334	71716.92585947714	74157.68862666667	75671.11084353742	77247.59231944445	78891.15811347518	81971.00929710145	83792.58728148151	85696.96426515153	87689.91692248061	91579.13519444445	93812.77263821138	96158.09195416667	100887.54016666666	103542.47543421053	106340.9207162162	112060.36454166668	115262.08924285717	118652.1506911765	125520.0958686869	129442.59886458337	133618.1665698925	141796.25134999998	146685.77725862068	151924.55501785714	161583.9268333333	167798.69325	178453.36184000003	185888.91858333335	197489.67201449277	206466.47528787883	219041.4156666667	229993.48645000005	243767.19523684218	257309.81719444436	272830.8299803921	289002.90507291665	308269.7654111111	328295.09204761905	350896.1715	377071.9091388889	407495.40571212134	442369.5215333335	481994.3444814817	528520.4632500004	588063.9337857146	657831.7875277773	774785.808766666	953672.1279583325	1274226.1169444434	1758537.0952499986	541546.5271666661
827782.0	36408.551400000004	36776.314545454545	37151.5830612245	37241.32497594502	37629.25544444445	38025.35287017544	38429.87790070922	38843.10239426524	39265.31002898551	39696.79695238095	40137.87247407407	40329.77550187266	40788.068405303035	41256.89677777778	41736.62813565892	42227.64729019609	42730.35737698413	43245.18095983936	43573.13302439024	44111.07293827161	44662.461350000005	45227.808962025316	45807.65266666667	46402.55724675325	46899.6724254386	47525.00139111112	48167.23113963964	48827.056223744294	49505.209782407415	50202.46625821597	50916.71315714287	51654.63653623189	52414.26354411766	53196.56598507463	54002.574560606074	54833.3834	55826.2492734375	56712.38021428572	57627.09602419355	58571.80251639344	59547.99922500001	60862.66274576271	61912.01900000001	62998.19477192982	64123.16253571429	65289.038218181806	67016.06840740741	68280.5225283019	69593.6095	70958.19007843139	73151.26437666667	74644.14732312926	76199.23372569444	77820.49401773051	80606.18328985508	82397.43180740743	84270.10071212123	86229.87049612401	89777.7720873016	91967.47384552845	94266.66069166668	98623.68405555555	101219.04416228071	103954.6940045045	109294.83518055557	112417.54475714287	115723.94313235296	122247.67040909093	126067.91010937502	130134.61688709678	138072.10545555555	142833.2125402299	147934.39870238098	157551.39038888886	163611.05925000002	174510.64098000003	181781.9176875	193971.0454782609	202787.91118181823	216298.21220634924	227113.12281666673	242098.40678947375	257309.81719444436	272445.6887941176	289882.7568541666	308269.7654111111	330289.0343690477	353548.5606666667	380137.519125	411351.1736060607	448244.9462833335	491521.6905925929	542243.637541667	604023.386571429	670654.0359999995	774785.808766666	955336.6777499992	1274226.1169444434	1812130.9819166653	541546.5271666661
901152.0	36731.81774166667	37102.8462037037	37481.446675170075	37867.8533419244	37925.574375000004	38324.79094736843	38732.501489361704	39148.98000000001	39574.51239130435	40009.397142857146	40453.946	40588.859805243446	41050.09684848485	41521.9370421456	42004.75026356589	42498.92379607844	43004.86336507937	43522.99424899599	43772.56121544715	44312.96320576132	44866.87524583334	45434.81037552743	46017.307944444445	46614.935320346325	47228.28973245615	47639.95877333334	48283.742	48945.163123287675	49624.95705555556	50323.90011267606	51042.81297142858	51657.61020772948	52417.28094607844	53199.62842288558	54005.68339898991	54836.54006666666	55690.155015625	56574.12573015873	57486.61162903226	58429.01509836066	59402.832016666674	60557.287347457626	61601.3785086207	62682.10444736842	63801.427741071435	64961.45369999999	66498.09448148147	67752.77550943397	69055.7135	70409.74709803922	72377.35388000001	73854.44273469389	75393.07695833335	76997.18497872341	79512.24388768116	81279.18264074076	83126.43679166668	85059.60974031007	88282.96265079366	90436.20564227641	92697.11078333334	96683.75455555556	99228.06388596492	101909.90345045045	106842.32439351853	109894.96223333335	113127.16700490199	119230.7292878788	122956.68957812502	126923.0344032258	134472.43745	139109.41805172415	144077.61155357145	153413.45050617284	159313.96783333336	170155.50162000002	177245.31418750001	189685.47932608696	198307.54656818186	212444.47838095244	223066.7023000001	239066.4450701755	255548.3182777777	270580.5722941176	289473.54434374993	309208.27397777775	331294.57926190476	355695.8831666667	383010.94072222227	414695.475409091	452486.29096666677	498049.9403148151	552961.9019166671	604023.386571429	686074.5894166661	789398.1450333325	955336.6777499992	1278350.985888888	1812130.9819166653	541546.5271666661
981025.0	37080.11645	37454.66308080808	37836.85352040816	38226.924175257736	38262.31014756945	38665.07130701755	39076.40185283688	39496.57821684589	39925.88884963768	40364.634880952384	40813.13082407408	41271.70532771535	41373.35386363637	41848.909655172414	42335.52488372093	42833.58988235295	43343.51357142858	43865.72457831326	44400.67243902439	44597.636082304525	45155.10653333333	45726.69016033755	46312.929777777776	46914.3963982684	47531.6910877193	47858.00026222223	48504.729995495494	49169.17835159818	49852.083606481494	50554.22562910799	51276.42885238097	51782.56388405798	52544.0721764706	53328.3120597015	54136.3167878788	54969.1832	55693.36100520833	56577.38260846561	57489.921037634405	58432.37875956284	59406.251738888895	60409.659677966105	61451.20553448276	62529.29685964912	63645.89144642858	64803.08947272726	66164.44358333333	67412.82931132076	68709.229875	70056.4696764706	71817.94204000001	73283.61432653062	74810.35629166667	76402.066	78671.03682608697	80419.28208888891	82246.99304545457	84159.71381395348	87084.83854365081	89208.85899593496	91439.08047083335	95073.95977777777	97575.90608771931	100213.09273873873	102996.78975925928	107733.32650476192	110901.95375490199	116555.2629747475	120197.61494270836	124074.95736021505	131153.80221666663	135676.34712068966	140521.93094642856	149413.8193888889	155160.50475000002	165686.5265466667	172590.13181944448	184951.6321956522	193358.52456818186	207750.7630714286	218138.30122500006	234807.05505263168	252347.91424074068	267191.90919607837	287491.85806249996	308771.78063333326	330826.90782142855	356778.77766666666	385337.20676388894	417830.11715151527	456165.02295000013	502762.5455185187	560306.1828541671	619707.0143333337	704693.9509999994	804784.8431999992	968482.2609583326	1271562.8372777768	1870578.4803333317	541546.5271666661
1067978.0	37440.91082333334	37819.10184175084	38205.01104421769	38598.87713745705	38625.12130208334	39031.701526315795	39446.932393617026	39871.092956989254	40304.47440217392	40747.38071428572	41200.12938888889	41663.05219101124	41740.70197916667	42220.48016283525	42711.41597868217	43213.903225490205	43728.354454365086	44255.20209839358	44794.899684959346	44948.82888888889	45510.68925	46086.773924050634	46677.63	47283.83298701299	47905.98868421053	48165.44696888889	48816.331387387385	49485.04825570776	50172.3405925926	50878.99327699531	51605.83603809524	52019.56550241547	52784.55911274511	53572.38835323384	54384.09120707072	55220.76953333333	56083.594057291666	56714.236634920635	57628.982387096774	58573.71980327869	59549.948466666676	60559.26962711864	61454.74317816093	62532.89656725146	63649.55543452381	64806.82007878787	66003.14668518517	67248.4890754717	68541.72925	69885.68472549021	71457.59907000001	72915.91741836736	74434.99903125	76018.72241489362	78062.98047826087	79797.71337777779	81611.2977727273	83509.23493023255	86163.51652380954	88265.06570731707	90471.69235000001	93783.67227777778	96251.66365350879	98853.05996846847	101598.97830092594	105939.55518095239	109055.42445098041	114262.61902020205	117833.32586458336	121634.40089247312	128210.78927222222	132631.8509712644	137368.70279166667	145726.44690740737	151331.31025	161366.92494000003	168090.54681250002	180094.05059420294	188280.14380303037	202566.07335714292	212694.37702500008	229619.2644473685	247851.8914444444	262431.4144705882	283891.4035208333	306657.98193333327	328562.1235	356275.1315	386510.3424722222	420367.8619242425	459613.12886666687	506850.0255000002	560306.1828541671	631956.4593333338	722991.5167222216	823289.5072999991	986747.6812916658	1271562.8372777768	1870578.4803333317	541546.5271666661
1162638.0	37804.65983666667	38186.52508754208	38576.18350680272	38973.876120274916	39379.85399652778	39411.48507719299	39830.756195035465	40259.04389605736	40696.64219927537	41143.85804761905	41601.01202592593	42068.439127340826	42136.49596590909	42620.823505747125	43116.41447674418	43623.66641176471	44142.995773809525	44674.83909638554	45219.65420731707	45347.92313786008	45914.77217708334	46495.971824894514	47092.07402777777	47703.65940476191	48331.33913377194	48544.7352	49200.745135135134	49874.727945205486	50567.43250000001	51279.64985915494	52012.2162857143	52353.74670531401	53123.65474509805	53916.54511442786	54733.46246464647	55575.515733333326	56443.88316666666	56973.809835978835	57892.74225268817	58841.8036010929	59822.50032777779	60836.44101129944	61603.39496551725	62684.156280701754	63803.516214285715	64963.580145454536	66006.9463765432	67252.3604591195	68545.67508333334	69889.70792810459	71287.50208666667	72738.16165306124	74253.54002083334	75833.4025744681	77481.95480434783	79397.33230000002	81201.81712500002	83090.23147674419	85497.55004761905	87582.85614634147	89772.42755000001	92074.28466666666	95233.36036842107	97807.23497297298	100524.10261111113	104501.80625238098	107575.3887892157	112360.13428282831	115871.38847916668	119609.17520430106	125688.88092222222	130022.98026436783	134666.6581309524	142456.43252469134	147935.52608333333	157384.56266	163942.25277083335	175398.83145652176	183371.5056136364	197245.864936508	207108.1581833334	223888.81792105272	242375.89024999994	256633.29555882348	278833.37787499995	302817.49708888883	328562.1235	353836.13300000003	385964.72579166666	421647.6463333334	462404.6481166669	510681.2542962965	565607.8637083337	640349.9232619052	722991.5167222216	845632.7411999992	1005981.0539999992	1273782.236999999	1911339.175416665	3479392.2713333303
1265689.0	38159.934778333336	38545.38866498316	38938.708957482995	39340.138946735395	39749.93206076389	39794.3787754386	40217.72323049646	40650.17186738352	41092.02156159421	41543.58223809524	42005.1775962963	42477.14588389513	42959.84072348485	43035.52968199234	43535.94281782946	44048.13038039216	44572.51288492064	45109.531112449804	45659.64734552846	45777.92154320987	46350.1455625	46936.85626582278	47538.61083333333	48155.99538961039	48789.62690789474	49440.15526666667	49637.59154279279	50317.558550228314	51016.4135300926	51734.954565727705	52474.0253452381	53234.51846618358	53541.987352941185	54341.12149253732	55164.47181818183	56013.155999999995	56888.3615625	57339.81782010582	58264.653591397844	59219.81184699453	60206.808711111116	61227.26309604519	61885.34516666667	62971.05297660819	64095.5360654762	65260.90944848484	66469.44480864197	67415.03600000001	68711.479	70058.7629019608	71459.93816	72742.34906802722	74257.81467361112	75837.76817730497	77486.4153115942	79203.77602222224	81003.86184090911	82887.67258139534	85068.57032142859	87143.4135	89321.99883750001	91612.3065	94497.29215789474	97051.27302702703	99747.14172222224	103396.21982857145	106437.28511764709	109662.65739393941	114298.8505885417	117985.91028494624	123596.1477111111	127858.08383908047	132424.44397619047	139654.31213580247	145025.63183333335	153852.9471266667	160263.48659027778	171070.17680434784	178846.0939318182	192103.48207142862	201708.65617500007	218008.5875614036	236327.08558333328	250228.67885294114	272672.87653124996	297422.2697333333	324447.3183095238	349404.80433333333	383322.4774166667	421052.4281363637	463812.4109666668	513782.94235185214	570206.2786875004	646408.9870952385	737282.5358888884	845632.7411999992	1005981.0539999992	1291309.6812777768	1917526.4788333317	3479392.2713333303
1377873.0	38496.06611500001	38884.91526767677	39281.70011734695	39686.66609793815	40100.06886979167	40522.174857894744	40595.675296099296	41032.18793369176	41478.18997644928	41933.994261904765	42399.92753148148	42876.331211610486	43363.56224810606	43453.63199616859	43958.9067868217	44476.07039607844	45005.54742460318	45547.78293574297	46103.24370325203	46672.419551440325	46801.13852916667	47393.55800421941	48001.16772222222	48624.55951082251	49264.35634649123	49921.21443111112	50108.26547297297	50794.68006849315	51500.16173611112	52225.51612676057	52971.59492857144	53739.29920289855	54017.37903186276	54823.60856965175	55654.269305555565	56510.48883333333	57393.46522135416	57791.35142857143	58723.47	59686.149836065575	60680.91900000001	61709.40915254237	62282.905563218395	63375.58811695906	64507.295047619045	65680.15495757574	66896.45412345679	67723.58527672957	69025.96191666667	70379.41215032681	71787.00039333335	72918.30424489797	74437.43558333334	76021.21080851064	77673.84582608697	79208.33565185187	81008.52509848487	82892.4442868217	84861.1885952381	86930.97368292682	89104.24802500001	91388.97233333332	94023.15667105264	96564.32306756757	99246.66537500003	102597.06005714288	105614.62064705885	108815.06369696972	113089.61543750002	116737.66754838711	121918.7739611111	126122.86961494254	130627.2578154762	137329.05301234566	142610.93966666667	150826.65710666668	157111.1011527778	167231.46426811596	174832.89446212124	187362.57459523814	196730.70332500007	212324.90123684218	230120.17575925923	243656.65668627448	265867.97128124995	290851.0683	318666.7175714286	343179.542	378521.8713611111	418169.97536363645	463157.6709500001	513782.94235185214	574516.4110833338	651664.3185000004	747074.9104722217	867589.8200666659	1029111.884124999	1291309.6812777768	1917526.4788333317	3517074.190499997
1500000.0	38801.748245	39193.68509595959	39593.620658163265	40001.80231443299	40418.487755208334	40843.945521052636	40953.26182446809	41393.619478494635	41843.550125	42303.36935714286	42773.40679444445	43254.006870786514	43745.529676136364	43861.99399808429	44372.017184108525	44894.04091568628	45428.49378373016	45975.82503413655	46536.50582723577	47111.030590534974	47255.82479583334	47853.99979324894	48467.51261111111	49096.96082683983	49742.97346929825	50406.21311555556	50595.82543693694	51288.91893607307	52001.26503240741	52733.677215962445	53487.01546190477	54262.18959903382	54529.583014705895	55343.45738805971	56181.99462121213	57046.33299999999	57937.68195312499	58304.472605820105	59244.86732526882	60216.09465846994	61219.696236111115	62257.31820621469	62773.364482758625	63874.65157894737	65015.27035714286	66197.36618181817	67423.24333333333	68158.65137106918	69469.39466666667	70831.53966013073	72248.17045333334	73252.04121768709	74778.12540972223	76369.14935460994	78029.3482536232	79399.93128888891	81204.4751818182	83092.9513488372	85071.35495238096	86935.97815447154	89109.37760833334	91394.23344444444	93793.94528947369	96328.91678378379	99004.72002777779	102082.2843857143	105084.70451470591	108269.08950000003	112215.53443750001	115835.39038709678	120628.92313333333	124788.54117241381	129245.2747857143	135465.30440123455	140675.50841666668	148315.37725333334	154495.1846388889	163942.0185942029	171393.92853030306	183158.27038888892	192316.1839083334	207084.95086842112	224120.72908333328	237304.30138235292	258885.19772916666	283592.50269999995	311626.1446071429	335597.3865	371777.8371666667	412932.95057575766	459986.9729000001	515347.1232962965	578005.8101458338	656590.1840952386	754143.8182777772	884739.0430666659	1057040.9264999991	1315663.5750555545	1907344.255916665	3517074.190499997
