years	0.0	0.01	0.02	0.03	0.04	0.05	0.06	0.07	0.08	0.09	0.1	0.11	0.12	0.13	0.14	0.15	0.16	0.17	0.18	0.19	0.2	0.21	0.22	0.23	0.24	0.25	0.26	0.27	0.28	0.29	0.3	0.31	0.32	0.33	0.34	0.35	0.36	0.37	0.38	0.39	0.4	0.41	0.42	0.43	0.44	0.45	0.46	0.47	0.48	0.49	0.5	0.51	0.52	0.53	0.54	0.55	0.56	0.57	0.58	0.59	0.6	0.61	0.62	0.63	0.64	0.65	0.66	0.67	0.68	0.69	0.7	0.71	0.72	0.73	0.74	0.75	0.76	0.77	0.78	0.79	0.8	0.81	0.82	0.83	0.84	0.85	0.86	0.87	0.88	0.89	0.9	0.91	0.92	0.93	0.94	0.95	0.96	0.97	0.98	0.99
10000.0	22673.550948888886	22902.57671604938	23136.27647845805	23374.79479266896	23618.282238425923	23866.89573567251	24120.79888179669	24380.162310633215	24645.164074879227	24915.99005372405	25192.83438765432	25475.899942571785	25765.398805555556	26061.552814814815	26583.267727390183	26896.01205359477	27216.202673280422	27544.108729585005	27880.012494579943	28224.210179698213	28577.012806944444	28938.747146272857	29309.756725071216	29690.402916305917	30081.066112573095	30482.146994074075	30894.067899399397	31317.274308980213	31752.236452160494	5402.434733959311	5479.612373015873	5559.027045088567	5640.777442810458	5724.968150912106	5811.710092592593	5901.121017094018	5993.3260329861105	6088.458192239858	6186.659130824372	6288.079772313296	6392.881101851852	6501.235018832391	6613.325277777777	6729.348528265105	6849.51546626984	6974.05211111111	7103.201224279834	7237.223888888888	7376.40127136752	7521.036590413943	7671.457322222222	7828.017675736961	7991.101377314814	8161.124810874704	8338.54056763285	8523.841469135803	8717.56513888889	8920.299211886302	9132.687288359786	9355.435758807587	9589.321652777777	9835.201695156693	10094.022792397658	10366.834219219218	10654.801836419752	10959.224746031747	11281.554885620915	11623.420185185187	11986.652065972223	12373.318261648743	12785.7622037037	13226.650555555554	13699.03093253968	14206.402448559667	14752.80254273504	15342.914644444443	15982.202754629629	16677.0811352657	17435.13027777778	18265.37457671958	19178.64330555556	20188.045584795327	21309.603672839497	22563.109771241827	23973.30413194444	25571.5244074074	27398.06186507936	29505.60508547008	31964.405509259257	34870.26055555556	38357.28661111112	42619.20734567902	47946.608263888906	54796.12373015876	63928.81101851846	76714.57322222214	95893.21652777768	127857.62203703693	191786.43305555536	383572.8661111107
10886.0	22076.36806222222	22299.361679012345	22526.906185941043	22759.142332187857	22996.21673148148	23866.89573567251	24120.79888179669	24380.162310633215	24645.164074879227	24915.99005372405	25192.83438765432	25475.899942571785	25765.398805555556	26061.552814814815	26364.59412661499	26674.765822222224	26992.322558201056	27317.531263721554	27650.671888888886	27992.0382085048	28341.938686111112	28938.747146272857	29309.756725071216	29690.402916305917	30081.066112573095	30482.146994074075	30894.067899399397	31317.274308980213	31752.236452160494	32199.45105007825	32659.44320793651	33132.76847181965	33620.01506699347	34121.80633665008	34638.80340235691	5901.121017094018	5993.3260329861105	6088.458192239858	6186.659130824372	6288.079772313296	6392.881101851852	6501.235018832391	6613.325277777777	6729.348528265105	6849.51546626984	6974.05211111111	7103.201224279834	7237.223888888888	7376.40127136752	7521.036590413943	7671.457322222222	7828.017675736961	7991.101377314814	8161.124810874704	8338.54056763285	8523.841469135803	8717.56513888889	8920.299211886302	9132.687288359786	9355.435758807587	9589.321652777777	9835.201695156693	10094.022792397658	10366.834219219218	10654.801836419752	10959.224746031747	11281.554885620915	11623.420185185187	11986.652065972223	12373.318261648743	12785.7622037037	13226.650555555554	13699.03093253968	14206.402448559667	14752.80254273504	15342.914644444443	15982.202754629629	16677.0811352657	17435.13027777778	18265.37457671958	19178.64330555556	20188.045584795327	21309.603672839497	22563.109771241827	23973.30413194444	25571.5244074074	27398.06186507936	29505.60508547008	31964.405509259257	34870.26055555556	38357.28661111112	42619.20734567902	47946.608263888906	54796.12373015876	63928.81101851846	76714.57322222214	95893.21652777768	127857.62203703693	191786.43305555536	383572.8661111107
11851.0	22076.36806222222	22299.361679012345	22526.906185941043	22759.142332187857	22996.21673148148	23238.28217076023	23485.497938534278	23738.030174432497	23996.05224154589	24259.74512332112	24529.297846913578	24804.907935081148	25086.781888888887	26061.552814814815	26364.59412661499	26674.765822222224	26992.322558201056	27317.531263721554	27650.671888888886	27992.0382085048	28341.938686111112	28700.697403656824	29068.655062678055	29446.170063492063	29833.61966959064	30231.401265185188	30639.933714714713	31317.274308980213	31752.236452160494	32199.45105007825	32659.44320793651	33132.76847181965	33620.01506699347	34121.80633665008	34638.80340235691	35171.70807008547	35721.266008680555	36288.270231040566	36873.56491218638	37478.04958287796	6392.881101851852	6501.235018832391	6613.325277777777	6729.348528265105	6849.51546626984	6974.05211111111	7103.201224279834	7237.223888888888	7376.40127136752	7521.036590413943	7671.457322222222	7828.017675736961	7991.101377314814	8161.124810874704	8338.54056763285	8523.841469135803	8717.56513888889	8920.299211886302	9132.687288359786	9355.435758807587	9589.321652777777	9835.201695156693	10094.022792397658	10366.834219219218	10654.801836419752	10959.224746031747	11281.554885620915	11623.420185185187	11986.652065972223	12373.318261648743	12785.7622037037	13226.650555555554	13699.03093253968	14206.402448559667	14752.80254273504	15342.914644444443	15982.202754629629	16677.0811352657	17435.13027777778	18265.37457671958	19178.64330555556	20188.045584795327	21309.603672839497	22563.109771241827	23973.30413194444	25571.5244074074	27398.06186507936	29505.60508547008	31964.405509259257	34870.26055555556	38357.28661111112	42619.20734567902	47946.608263888906	54796.12373015876	63928.81101851846	76714.57322222214	95893.21652777768	127857.62203703693	191786.43305555536	383572.8661111107
12902.0	21537.734113333332	21755.28698316498	21977.279707482994	22203.84960137457	22435.139701388885	22671.299066666666	23485.497938534278	23738.030174432497	23996.05224154589	24259.74512332112	24529.297846913578	24804.907935081148	25086.781888888887	25375.135703703705	25670.195421188633	25972.19772026144	26281.39055026455	26598.03380990629	26922.400075880756	27254.775385459532	28341.938686111112	28700.697403656824	29068.655062678055	29446.170063492063	29833.61966959064	30231.401265185188	30639.933714714713	31059.658834094367	31491.042984567903	31934.57880125196	32390.787069841273	32860.21876650564	33343.45727777778	34121.80633665008	34638.80340235691	35171.70807008547	35721.266008680555	36288.270231040566	36873.56491218638	37478.04958287796	38102.68374259259	38748.491941619584	39416.569388888885	40108.08815009746	40824.30400992063	6974.05211111111	7103.201224279834	7237.223888888888	7376.40127136752	7521.036590413943	7671.457322222222	7828.017675736961	7991.101377314814	8161.124810874704	8338.54056763285	8523.841469135803	8717.56513888889	8920.299211886302	9132.687288359786	9355.435758807587	9589.321652777777	9835.201695156693	10094.022792397658	10366.834219219218	10654.801836419752	10959.224746031747	11281.554885620915	11623.420185185187	11986.652065972223	12373.318261648743	12785.7622037037	13226.650555555554	13699.03093253968	14206.402448559667	14752.80254273504	15342.914644444443	15982.202754629629	16677.0811352657	17435.13027777778	18265.37457671958	19178.64330555556	20188.045584795327	21309.603672839497	22563.109771241827	23973.30413194444	25571.5244074074	27398.06186507936	29505.60508547008	31964.405509259257	34870.26055555556	38357.28661111112	42619.20734567902	47946.608263888906	54796.12373015876	63928.81101851846	76714.57322222214	95893.21652777768	127857.62203703693	191786.43305555536	383572.8661111107
14046.0	21537.734113333332	21755.28698316498	21977.279707482994	22203.84960137457	22435.139701388885	22671.299066666666	22912.483099290777	23158.85388530466	23410.580557971014	23667.83968498168	23930.81568148148	24199.70125093633	24474.697856060604	24756.01622222222	25670.195421188633	25972.19772026144	26281.39055026455	26598.03380990629	26922.400075880756	27254.775385459532	27595.460077777778	27944.769699015473	28303.035977207972	28670.607873015873	29047.852713450287	29435.157416296297	29832.92981381381	31059.658834094367	31491.042984567903	31934.57880125196	32390.787069841273	32860.21876650564	33343.45727777778	33841.12081923715	34353.865074074085	34882.386075213675	35427.42335763889	35989.76341093474	36570.243465949825	37478.04958287796	38102.68374259259	38748.491941619584	39416.569388888885	40108.08815009746	40824.30400992063	41566.56408282828	42336.31526954732	43135.11367085953	43964.63508760683	44826.68675599128	7671.457322222222	7828.017675736961	7991.101377314814	8161.124810874704	8338.54056763285	8523.841469135803	8717.56513888889	8920.299211886302	9132.687288359786	9355.435758807587	9589.321652777777	9835.201695156693	10094.022792397658	10366.834219219218	10654.801836419752	10959.224746031747	11281.554885620915	11623.420185185187	11986.652065972223	12373.318261648743	12785.7622037037	13226.650555555554	13699.03093253968	14206.402448559667	14752.80254273504	15342.914644444443	15982.202754629629	16677.0811352657	17435.13027777778	18265.37457671958	19178.64330555556	20188.045584795327	21309.603672839497	22563.109771241827	23973.30413194444	25571.5244074074	27398.06186507936	29505.60508547008	31964.405509259257	34870.26055555556	38357.28661111112	42619.20734567902	47946.608263888906	54796.12373015876	63928.81101851846	76714.57322222214	95893.21652777768	127857.62203703693	191786.43305555536	383572.8661111107
15291.0	21258.229406666665	21472.958996632995	21692.070823129252	21915.70041924399	22143.98896527778	22377.083585964912	22615.13766666667	22858.31118996416	23410.580557971014	23667.83968498168	23930.81568148148	24199.70125093633	24474.697856060604	24756.01622222222	25043.876875968992	25338.51072156863	25640.159658730157	25949.07724497992	26265.52940650406	26589.795201646088	26922.167641666667	27944.769699015473	28303.035977207972	28670.607873015873	29047.852713450287	29435.157416296297	29832.92981381381	30241.60008523592	30661.622308641974	31093.476143974964	31537.668660317464	31994.736322061195	32465.2471503268	33841.12081923715	34353.865074074085	34882.386075213675	35427.42335763889	35989.76341093474	36570.243465949825	37169.75565391621	37789.25158148148	38429.74737099811	39092.329222222215	39778.15955945419	40824.30400992063	41566.56408282828	42336.31526954732	43135.11367085953	43964.63508760683	44826.68675599128	45723.220491111104	46656.347439909296	47628.354678240736	48641.723926713945	8338.54056763285	8523.841469135803	8717.56513888889	8920.299211886302	9132.687288359786	9355.435758807587	9589.321652777777	9835.201695156693	10094.022792397658	10366.834219219218	10654.801836419752	10959.224746031747	11281.554885620915	11623.420185185187	11986.652065972223	12373.318261648743	12785.7622037037	13226.650555555554	13699.03093253968	14206.402448559667	14752.80254273504	15342.914644444443	15982.202754629629	16677.0811352657	17435.13027777778	18265.37457671958	19178.64330555556	20188.045584795327	21309.603672839497	22563.109771241827	23973.30413194444	25571.5244074074	27398.06186507936	29505.60508547008	31964.405509259257	34870.26055555556	38357.28661111112	42619.20734567902	47946.608263888906	54796.12373015876	63928.81101851846	76714.57322222214	95893.21652777768	127857.62203703693	191786.43305555536	383572.8661111107
16646.0	21420.90754888889	21637.280352413018	21858.068927437642	21915.70041924399	22143.98896527778	22377.083585964912	22615.13766666667	22858.31118996416	23106.7710942029	23360.691655677656	23620.254896296297	23885.651018726592	24157.07887121212	24434.746444444445	24718.87140310078	25009.681654901964	25640.159658730157	25949.07724497992	26265.52940650406	26589.795201646088	26922.167641666667	27262.954573839663	27612.479632478626	27971.083264069264	28339.123833333328	28716.978817777777	29105.046099099094	30241.60008523592	30661.622308641974	31093.476143974964	31537.668660317464	31994.736322061195	32465.2471503268	32949.803077943616	33449.04251851852	33963.64317264957	34494.32509722222	35041.8540670194	36570.243465949825	37169.75565391621	37789.25158148148	38429.74737099811	39092.329222222215	39778.15955945419	40488.48383730158	41224.63808888888	41988.05731275719	42780.284809224315	43964.63508760683	44826.68675599128	45723.220491111104	46656.347439909296	47628.354678240736	48641.723926713945	49699.15270772947	50803.57832345679	51958.20510353536	53166.53545478035	9132.687288359786	9355.435758807587	9589.321652777777	9835.201695156693	10094.022792397658	10366.834219219218	10654.801836419752	10959.224746031747	11281.554885620915	11623.420185185187	11986.652065972223	12373.318261648743	12785.7622037037	13226.650555555554	13699.03093253968	14206.402448559667	14752.80254273504	15342.914644444443	15982.202754629629	16677.0811352657	17435.13027777778	18265.37457671958	19178.64330555556	20188.045584795327	21309.603672839497	22563.109771241827	23973.30413194444	25571.5244074074	27398.06186507936	29505.60508547008	31964.405509259257	34870.26055555556	38357.28661111112	42619.20734567902	47946.608263888906	54796.12373015876	63928.81101851846	76714.57322222214	95893.21652777768	127857.62203703693	191786.43305555536	383572.8661111107
18122.0	21420.90754888889	21637.280352413018	21858.068927437642	22083.40984421535	22313.445363425926	22548.323735672515	22788.199520094564	23033.23392353644	23283.59516183575	23539.458844932844	23801.00838765432	23885.651018726592	24157.07887121212	24434.746444444445	24718.87140310078	25009.681654901964	25307.415960317463	25612.324586345385	25924.67000813008	26244.727662551442	26572.786758333335	26909.151147679328	27254.14026495726	27971.083264069264	28339.123833333328	28716.978817777777	29105.046099099094	29503.745360730594	29913.51960185185	30334.836779342724	30768.19159047619	31214.10741062802	31673.138401960787	32949.803077943616	33449.04251851852	33963.64317264957	34494.32509722222	35041.8540670194	35607.045261648746	36190.76731511839	36793.94677037037	37417.57298681732	38062.70355555555	39778.15955945419	40488.48383730158	41224.63808888888	41988.05731275719	42780.284809224315	43602.98259401709	44457.94303703703	45347.10189777777	46272.5529569161	47236.56447685185	48641.723926713945	49699.15270772947	50803.57832345679	51958.20510353536	53166.53545478035	54432.40534656084	55760.02498915989	57154.02561388889	9835.201695156693	10094.022792397658	10366.834219219218	10654.801836419752	10959.224746031747	11281.554885620915	11623.420185185187	11986.652065972223	12373.318261648743	12785.7622037037	13226.650555555554	13699.03093253968	14206.402448559667	14752.80254273504	15342.914644444443	15982.202754629629	16677.0811352657	17435.13027777778	18265.37457671958	19178.64330555556	20188.045584795327	21309.603672839497	22563.109771241827	23973.30413194444	25571.5244074074	27398.06186507936	29505.60508547008	31964.405509259257	34870.26055555556	38357.28661111112	42619.20734567902	47946.608263888906	54796.12373015876	63928.81101851846	76714.57322222214	95893.21652777768	127857.62203703693	191786.43305555536	383572.8661111107
19728.0	22079.949368888887	22302.979160493825	22530.560580498866	22762.83440091638	22999.947259259257	23242.05196725146	23489.307839243498	23033.23392353644	23283.59516183575	23539.458844932844	23801.00838765432	24068.435448189764	24341.940396464648	24621.732814814815	24908.032033591735	25201.067704575165	25501.080415343917	25808.322348058904	25924.67000813008	26244.727662551442	26572.786758333335	26909.151147679328	27254.14026495726	27608.09013852814	27971.35448245614	28344.305875555558	28727.337036036035	29120.862200913245	29525.318620370374	30334.836779342724	30768.19159047619	31214.10741062802	31673.138401960787	32145.87181094527	32632.93047474748	33134.97555897436	33652.70955208333	34186.87954497354	34738.28082795699	36190.76731511839	36793.94677037037	37417.57298681732	38062.70355555555	38730.470284600386	39422.08582539682	40138.85102222222	40882.16307818929	41653.5246457023	43602.98259401709	44457.94303703703	45347.10189777777	46272.5529569161	47236.56447685185	48241.59776359338	49290.328149758454	50385.668775308644	51530.79761111111	53166.53545478035	54432.40534656084	55760.02498915989	57154.02561388889	58619.51345014243	60162.13222514619	61788.135798798794	10654.801836419752	10959.224746031747	11281.554885620915	11623.420185185187	11986.652065972223	12373.318261648743	12785.7622037037	13226.650555555554	13699.03093253968	14206.402448559667	14752.80254273504	15342.914644444443	15982.202754629629	16677.0811352657	17435.13027777778	18265.37457671958	19178.64330555556	20188.045584795327	21309.603672839497	22563.109771241827	23973.30413194444	25571.5244074074	27398.06186507936	29505.60508547008	31964.405509259257	34870.26055555556	38357.28661111112	42619.20734567902	47946.608263888906	54796.12373015876	63928.81101851846	76714.57322222214	95893.21652777768	127857.62203703693	191786.43305555536	383572.8661111107
21476.0	23025.753467777777	23258.336836139166	23495.666803854874	22762.83440091638	22999.947259259257	23242.05196725146	23489.307839243498	23741.88104181601	23999.944966183575	24263.68062515262	24533.277076543207	24808.931875156057	25090.851555555557	25379.25214814815	24908.032033591735	25201.067704575165	25501.080415343917	25808.322348058904	26123.057986449865	26445.56487517147	26776.134436111115	27115.0728466948	27462.701985754982	27819.360453102458	28185.40466959064	28344.305875555558	28727.337036036035	29120.862200913245	29525.318620370374	29941.16817840376	30368.899152380956	30809.02812560387	31262.102068627457	31728.700606965176	32209.438494949503	33134.97555897436	33652.70955208333	34186.87954497354	34738.28082795699	35307.76084153005	35896.22352222222	36504.63409039548	37134.02433333333	37785.498444444434	39422.08582539682	40138.85102222222	40882.16307818929	41653.5246457023	42454.55396581196	43286.99620043573	44152.73612444444	45053.812371882086	47236.56447685185	48241.59776359338	49290.328149758454	50385.668775308644	51530.79761111111	52729.188253229964	53984.64511640211	55301.34377777777	57154.02561388889	58619.51345014243	60162.13222514619	61788.135798798794	63504.47290432099	65318.88641587302	67240.03013398693	11623.420185185187	11986.652065972223	12373.318261648743	12785.7622037037	13226.650555555554	13699.03093253968	14206.402448559667	14752.80254273504	15342.914644444443	15982.202754629629	16677.0811352657	17435.13027777778	18265.37457671958	19178.64330555556	20188.045584795327	21309.603672839497	22563.109771241827	23973.30413194444	25571.5244074074	27398.06186507936	29505.60508547008	31964.405509259257	34870.26055555556	38357.28661111112	42619.20734567902	47946.608263888906	54796.12373015876	63928.81101851846	76714.57322222214	95893.21652777768	127857.62203703693	191786.43305555536	383572.8661111107
23380.0	23025.753467777777	23258.336836139166	23495.666803854874	23737.89017296678	23985.159862268516	24237.635229239764	24495.48241252955	24758.874696535244	25027.99289975845	25303.025788766787	25584.170519753083	24808.931875156057	25090.851555555557	25379.25214814815	25674.35973126615	25976.411022222223	26285.65401058201	26602.34863721553	26926.76752303523	27259.196751714677	27599.936711111113	27115.0728466948	27462.701985754982	27819.360453102458	28185.40466959064	28561.210065185187	28947.172363363363	29343.708971080672	29751.260484567905	30170.292322378722	30601.296498412703	30809.02812560387	31262.102068627457	31728.700606965176	32209.438494949503	32704.968317948722	33215.98344791667	33743.221280423284	34287.46678494624	34849.556404371586	35896.22352222222	36504.63409039548	37134.02433333333	37785.498444444434	38460.239488095234	39159.51656969696	39884.69280246913	40637.234176100625	41418.719448717944	43286.99620043573	44152.73612444444	45053.812371882086	45992.43346296296	46970.995877068555	47992.10448309179	49058.59569382716	51530.79761111111	52729.188253229964	53984.64511640211	55301.34377777777	56683.877372222225	58137.31012535611	59667.23933918128	61788.135798798794	63504.47290432099	65318.88641587302	67240.03013398693	69277.60680471383	71442.53201736111	73747.12982437275	12785.7622037037	13226.650555555554	13699.03093253968	14206.402448559667	14752.80254273504	15342.914644444443	15982.202754629629	16677.0811352657	17435.13027777778	18265.37457671958	19178.64330555556	20188.045584795327	21309.603672839497	22563.109771241827	23973.30413194444	25571.5244074074	27398.06186507936	29505.60508547008	31964.405509259257	34870.26055555556	38357.28661111112	42619.20734567902	47946.608263888906	54796.12373015876	63928.81101851846	76714.57322222214	95893.21652777768	127857.62203703693	191786.43305555536	383572.8661111107
25452.0	24015.34718	24257.926444444445	24505.45630612245	24758.08987628866	25015.986645833334	25279.31282105263	25548.241680851064	25822.95395698925	25027.99289975845	25303.025788766787	25584.170519753083	25871.633109862672	26165.628940656563	26466.383296296295	26774.131939276485	27089.121726797384	27411.61127116402	27741.871647925032	26926.76752303523	27259.196751714677	27599.936711111113	27949.30299859353	28307.62739601139	28675.258920634922	29052.564959064322	29439.932491851854	29837.769417417414	30246.5059847793	29751.260484567905	30170.292322378722	30601.296498412703	31044.793549114336	31501.33463071896	31971.50380431178	32455.92052861954	32955.24238290599	33470.16804513889	33743.221280423284	34287.46678494624	34849.556404371586	35430.38234444444	36030.897299435026	36652.119666666666	37295.139309941515	37961.12394047619	39159.51656969696	39884.69280246913	40637.234176100625	41418.719448717944	42230.85120261437	43075.468226666664	43954.55941496599	44870.27940277777	46970.995877068555	47992.10448309179	49058.59569382716	50173.56377777778	51340.39084237725	52562.78110052909	53844.80015176151	56683.877372222225	58137.31012535611	59667.23933918128	61279.867429429425	62982.085969135805	64781.57413968255	67240.03013398693	69277.60680471383	71442.53201736111	73747.12982437275	76205.36748518517	78833.13877777777	13699.03093253968	14206.402448559667	14752.80254273504	15342.914644444443	15982.202754629629	16677.0811352657	17435.13027777778	18265.37457671958	19178.64330555556	20188.045584795327	21309.603672839497	22563.109771241827	23973.30413194444	25571.5244074074	27398.06186507936	29505.60508547008	31964.405509259257	34870.26055555556	38357.28661111112	42619.20734567902	47946.608263888906	54796.12373015876	63928.81101851846	76714.57322222214	95893.21652777768	127857.62203703693	191786.43305555536	383572.8661111107
27709.0	24950.081785555554	25202.10281369248	25459.267128117914	25721.733799541813	25989.66852662037	25279.31282105263	25548.241680851064	25822.95395698925	26103.638239130436	26390.491406593406	26683.719088888887	26983.536157303373	27290.167250000002	27603.847333333335	27924.822302325585	27089.121726797384	27411.61127116402	27741.871647925032	28080.187155826556	28426.856133058984	28782.191834722224	29146.523376933896	29520.196753561246	29903.57593217893	30297.0440365497	29439.932491851854	29837.769417417414	30246.5059847793	30666.596345679012	31098.52023787168	31542.784812698417	31999.926621578103	32470.51377777778	32955.148311774465	32455.92052861954	32955.24238290599	33470.16804513889	34001.44055379189	34549.850885304666	35116.24188342441	35701.51258148148	36306.622964218455	36652.119666666666	37295.139309941515	37961.12394047619	38651.32619393939	39367.09149382715	40109.866805031445	40881.2103974359	41682.802758169935	43075.468226666664	43954.55941496599	44870.27940277777	45824.966198581555	46821.16111594203	47861.631362962966	48949.395712121215	51340.39084237725	52562.78110052909	53844.80015176151	55190.920155555556	56606.071954415944	58095.705426900575	61279.867429429425	62982.085969135805	64781.57413968255	66686.91455555556	68707.73014814817	70854.84671527779	73747.12982437275	76205.36748518517	78833.13877777777	81648.60801984125	84672.63053909464	87929.27017521366	15342.914644444443	15982.202754629629	16677.0811352657	17435.13027777778	18265.37457671958	19178.64330555556	20188.045584795327	21309.603672839497	22563.109771241827	23973.30413194444	25571.5244074074	27398.06186507936	29505.60508547008	31964.405509259257	34870.26055555556	38357.28661111112	42619.20734567902	47946.608263888906	54796.12373015876	63928.81101851846	76714.57322222214	95893.21652777768	127857.62203703693	191786.43305555536	383572.8661111107
30165.0	25848.94906222222	26110.049557800223	25459.267128117914	25721.733799541813	25989.66852662037	26263.24398479532	26542.640197399527	26828.044930704902	27119.654114734298	27417.67229181929	27722.313095061727	28033.799759051188	28352.365665404042	27603.847333333335	27924.822302325585	28253.349623529415	28589.699023809524	28934.153228915664	29287.008756097563	29648.5767654321	30019.183975000004	30399.173645569623	29520.196753561246	29903.57593217893	30297.0440365497	30701.004623703706	31115.88306456456	31542.12803805175	31980.213149691357	32430.638687010956	32893.933525396824	31999.926621578103	32470.51377777778	32955.148311774465	33454.46874074075	33969.15287521368	34499.92088888889	35047.538680776015	35612.82156272401	35116.24188342441	35701.51258148148	36306.622964218455	36932.59922222222	37580.53955945419	38251.62062301587	38947.104634343435	39668.3473127572	40109.866805031445	40881.2103974359	41682.802758169935	42516.45881333333	43384.141646258504	44287.97793055556	45230.27533333334	46821.16111594203	47861.631362962966	48949.395712121215	50087.75375193798	51280.31931746031	52531.05881300812	55190.920155555556	56606.071954415944	58095.705426900575	59665.85962762762	61323.24461728395	63075.33732063493	66686.91455555556	68707.73014814817	70854.84671527779	73140.48693189964	75578.50316296295	78184.65844444443	81648.60801984125	84672.63053909464	87929.27017521366	91446.44098222221	95256.70935648147	16677.0811352657	17435.13027777778	18265.37457671958	19178.64330555556	20188.045584795327	21309.603672839497	22563.109771241827	23973.30413194444	25571.5244074074	27398.06186507936	29505.60508547008	31964.405509259257	34870.26055555556	38357.28661111112	42619.20734567902	47946.608263888906	54796.12373015876	63928.81101851846	76714.57322222214	95893.21652777768	127857.62203703693	191786.43305555536	383572.8661111107
32838.0	25848.94906222222	26110.049557800223	26376.478634920633	26648.401095074456	26925.98860648148	27209.420065497074	27498.88198108747	27794.568884109918	28096.683763285022	28405.43852991453	27722.313095061727	28033.799759051188	28352.365665404042	28678.25492592593	29011.723006459953	29353.037394771243	29702.478316137567	30060.339500669346	30426.929006775066	30802.57010562414	30019.183975000004	30399.173645569623	30788.906641025635	31188.762571428575	31599.141026315785	32020.46290666667	32453.171864864864	32897.7358630137	31980.213149691357	32430.638687010956	32893.933525396824	33370.65719967794	33861.402158496734	34366.79622056385	34887.50525420876	35424.23610427351	35977.739793402776	35047.538680776015	35612.82156272401	36196.638309653914	36799.91561481482	37423.64299811676	38068.87822222222	38736.75327875243	38251.62062301587	38947.104634343435	39668.3473127572	40416.80669601677	41194.05297863248	42001.77950762527	42841.81509777778	43384.141646258504	44287.97793055556	45230.27533333334	46213.5421884058	47240.5097925926	48314.15774242425	49437.742806201546	51280.31931746031	52531.05881300812	53844.335283333334	55224.95926495725	56678.247666666655	59665.85962762762	61323.24461728395	63075.33732063493	64930.4943006536	66898.08503703705	68988.65019444445	73140.48693189964	75578.50316296295	78184.65844444443	80976.96767460316	83976.11462551438	87929.27017521366	91446.44098222221	95256.70935648147	99398.30541545893	103916.41020707072	18265.37457671958	19178.64330555556	20188.045584795327	21309.603672839497	22563.109771241827	23973.30413194444	25571.5244074074	27398.06186507936	29505.60508547008	31964.405509259257	34870.26055555556	38357.28661111112	42619.20734567902	47946.608263888906	54796.12373015876	63928.81101851846	76714.57322222214	95893.21652777768	127857.62203703693	191786.43305555536	383572.8661111107
35749.0	26759.224971111107	27029.520172839504	27305.331603174604	27586.829867124856	27874.19267824074	28167.605232748538	28467.26060756501	28773.360183990444	28096.683763285022	28405.43852991453	28721.054513580246	29043.762991260923	29373.80575252525	29711.435703703704	30056.917514211887	30410.528308496734	30772.558407407407	31143.312123159303	30426.929006775066	30802.57010562414	31187.602231944446	31582.382007032353	31987.284340455833	32402.70361760462	32829.05498099415	33266.77571407408	32453.171864864864	32897.7358630137	33354.64886111111	33824.432647887326	34307.638828571435	34804.85098550725	35316.68702941177	35843.80176119403	34887.50525420876	35424.23610427351	35977.739793402776	36548.81502821869	37138.312044802864	37747.136832422584	38376.255779629624	39026.70079284369	38068.87822222222	38736.75327875243	39428.48101587301	40145.36248888889	40888.79512757201	41660.28182809224	42461.44109401709	42001.77950762527	42841.81509777778	43716.137854875284	44626.89072685185	45576.39904018913	46567.1903236715	47240.5097925926	48314.15774242425	49437.742806201546	50614.83192063492	51849.34001626016	53145.57351666667	55224.95926495725	56678.247666666655	58210.09219819819	59827.0392037037	61536.38318095238	64930.4943006536	66898.08503703705	68988.65019444445	71214.09052329748	73587.89354074073	76125.4071111111	80976.96767460316	83976.11462551438	87205.96518803418	90694.20379555554	95256.70935648147	99398.30541545893	103916.41020707072	108864.8106931217	114308.0512277778	20188.045584795327	21309.603672839497	22563.109771241827	23973.30413194444	25571.5244074074	27398.06186507936	29505.60508547008	31964.405509259257	34870.26055555556	38357.28661111112	42619.20734567902	47946.608263888906	54796.12373015876	63928.81101851846	76714.57322222214	95893.21652777768	127857.62203703693	191786.43305555536	383572.8661111107
38918.0	27703.726776666666	27983.5624006734	28269.108955782314	28560.543068728522	28858.048725694443	29161.81765964912	28467.26060756501	28773.360183990444	29086.114099033814	29405.741726495722	29732.472190123455	30066.544911360797	30408.210194444444	30757.72985185185	31115.377873385016	31481.44114248366	30772.558407407407	31143.312123159303	31523.108612466123	31912.28279286694	32311.186327777777	32720.188686357247	33139.67828490028	33570.06371717172	32829.05498099415	33266.77571407408	33716.326737237236	34178.19422678844	34652.891368827164	35140.960261345856	35642.97397936508	36159.538819645735	35316.68702941177	35843.80176119403	36386.88966666668	36946.68796923078	37523.97996875	38119.5986984127	38734.43093548388	39369.42160655738	38376.255779629624	39026.70079284369	39699.57494444444	40396.0587153996	41117.416906746024	41865.0063050505	42640.28419958847	41660.28182809224	42461.44109401709	43294.018370370366	44159.898737777774	45061.12116099773	45999.894518518515	45576.39904018913	46567.1903236715	47602.01677530865	48683.8807929293	49816.064067183455	51002.160830687826	51849.34001626016	53145.57351666667	54508.28052991452	55942.70896491228	57454.67407207207	59827.0392037037	61536.38318095238	63346.27680392157	65265.86094949496	67305.41910416668	71214.09052329748	73587.89354074073	76125.4071111111	78844.17165079364	81764.32615637858	87205.96518803418	90694.20379555554	94473.1289537037	98580.65629951691	103916.41020707072	108864.8106931217	114308.0512277778	120324.26445029242	21309.603672839497	22563.109771241827	23973.30413194444	25571.5244074074	27398.06186507936	29505.60508547008	31964.405509259257	34870.26055555556	38357.28661111112	42619.20734567902	47946.608263888906	54796.12373015876	63928.81101851846	76714.57322222214	95893.21652777768	127857.62203703693	191786.43305555536	383572.8661111107
42367.0	28654.495868888887	28943.935221099888	29239.281498866214	29540.717390607104	29848.43319675926	29161.81765964912	29472.04976241135	29788.953523297492	30112.74649637681	30443.655798534797	30781.91864074074	31127.782895131088	31481.507700757575	31843.364111111114	31115.377873385016	31481.44114248366	31856.220203703702	32240.030085676037	32633.20118428184	33036.080211248285	33449.03121388889	33872.43667229255	34306.69868091167	33570.06371717172	34011.77508187134	34465.2654162963	34931.012246246246	35409.519263318114	35901.31814197531	36406.97051017215	35642.97397936508	36159.538819645735	36691.29674346406	37238.92803814262	37803.15422053873	38384.74120854701	38984.50278993056	39603.304421516754	38734.43093548388	39369.42160655738	40025.57863333333	40703.97827118644	41405.771	42132.18803508772	42884.54853571428	41865.0063050505	42640.28419958847	43444.81786373165	44280.295130341874	45148.536211328974	46051.50693555555	45061.12116099773	45999.894518518515	46978.615678486996	47999.88993236715	49066.55415308642	50181.703111111114	49816.064067183455	51002.160830687826	52246.11597289973	53552.26887222223	54925.403971509964	55942.70896491228	57454.67407207207	59050.63724074075	60737.79830476191	62524.204137254914	65265.86094949496	67305.41910416668	69476.56165591397	71792.44704444443	74268.04866666665	78844.17165079364	81764.32615637858	84909.10793162392	88305.47224888888	94473.1289537037	98580.65629951691	103061.59522222223	107969.29023280424	114308.0512277778	120324.26445029242	127008.94580864192	134480.06026797384	23973.30413194444	25571.5244074074	27398.06186507936	29505.60508547008	31964.405509259257	34870.26055555556	38357.28661111112	42619.20734567902	47946.608263888906	54796.12373015876	63928.81101851846	76714.57322222214	95893.21652777768	127857.62203703693	191786.43305555536	383572.8661111107
46123.0	29554.65187333333	29853.18371043771	30157.808034013604	29540.717390607104	29848.43319675926	30162.627230409355	30483.506243498818	30811.285880525687	31146.191161835748	31488.456998779	31838.328743209877	32196.06277403246	31481.507700757575	31843.364111111114	32213.63578682171	32592.619737254903	32980.62711507937	33377.984068273094	33785.03265447154	34202.13182304527	34629.65847083333	33872.43667229255	34306.69868091167	34752.24022222222	35209.50654093567	35678.96662814815	36161.114825825825	36656.47256316591	37165.59023765432	36406.97051017215	36927.07008888889	37462.245017713365	38013.16038562092	38580.52098839138	39165.074336700345	39767.61394188034	38984.50278993056	39603.304421516754	40242.06739605735	40901.773418943536	41583.469642592594	42288.27421280603	43017.38238888889	42132.18803508772	42884.54853571428	43664.2676	44472.86514814814	45311.97581132075	46183.35996153846	45148.536211328974	46051.50693555555	46991.33360770975	47970.31972453703	48990.9648250591	50055.98579951691	49066.55415308642	50181.703111111114	51348.719462532295	52571.30802116402	53853.53504607046	53552.26887222223	54925.403971509964	56370.80933918128	57894.344726726726	59502.52096913581	60737.79830476191	62524.204137254914	64418.87698989901	66431.96689583335	68574.93356989247	71792.44704444443	74268.04866666665	76920.47897619047	79769.38560493826	84909.10793162392	88305.47224888888	91984.86692592592	95984.20896618358	103061.59522222223	107969.29023280424	113367.75474444446	119334.4786783626	127008.94580864192	134480.06026797384	142885.0640347222	25571.5244074074	27398.06186507936	29505.60508547008	31964.405509259257	34870.26055555556	38357.28661111112	42619.20734567902	47946.608263888906	54796.12373015876	63928.81101851846	76714.57322222214	95893.21652777768	127857.62203703693	191786.43305555536	383572.8661111107
50211.0	30331.659764444445	30638.040166105497	30157.808034013604	30468.713271477664	30786.095701388887	31110.159866666665	31441.119014184394	31779.195562724013	32124.62160144927	32477.639421245418	32838.50208148148	32196.06277403246	32561.927123737376	32936.20214814815	33319.18124289406	33711.17161045752	34112.49508201058	34523.48899866131	34944.50715718157	35375.92082578875	34629.65847083333	35068.008578059074	35517.59843162393	35978.86594372294	36452.2720745614	36938.30236888889	37437.46861711711	36656.47256316591	37165.59023765432	37689.04925508607	38227.46424444445	38781.48546537843	39351.801428104576	39939.14174792703	40544.28025925927	39767.61394188034	40388.98290972222	41030.07787654321	41691.85332616488	42375.32633151184	43081.58177037037	42288.27421280603	43017.38238888889	43772.0733079922	44553.71747420634	45363.785064646465	46203.85515843621	47075.62601048218	46183.35996153846	47088.916039215685	48030.69436	49010.9126122449	50031.97329166667	48990.9648250591	50055.98579951691	51168.34103950617	52331.25788131313	53548.26387855296	54823.22254232803	53853.53504607046	55199.87342222223	56615.25479202278	58105.129918128645	59675.53883483483	59502.52096913581	61202.592996825406	63002.66926143792	64911.84105723908	66431.96689583335	68574.93356989247	70860.76468888888	73304.23933333333	76920.47897619047	79769.38560493826	82837.43889743589	86150.93645333333	91984.86692592592	95984.20896618358	100347.12755555556	105125.56220105822	113367.75474444446	119334.4786783626	125964.17193827155	134480.06026797384	142885.0640347222	152410.73497037034	27398.06186507936	29505.60508547008	31964.405509259257	34870.26055555556	38357.28661111112	42619.20734567902	47946.608263888906	54796.12373015876	63928.81101851846	76714.57322222214	95893.21652777768	127857.62203703693	191786.43305555536	383572.8661111107
54661.0	30916.674347777775	30638.040166105497	30950.673229024946	31269.75233447881	31595.478921296297	31928.06290994152	32267.7231536643	32614.68791875747	32969.19539613526	33331.49424664224	32838.50208148148	33207.47401498127	33584.83167424242	33970.86422222222	34365.87427131783	34770.17867450981	35184.10937301587	35608.01430522088	34944.50715718157	35375.92082578875	35818.11983611112	36271.5137580872	36736.53316524216	37213.630998557	37703.28403801169	38205.99449185185	37437.46861711711	37950.31065296804	38477.398300925925	39019.33348826291	39576.75253809524	40150.32866183575	40740.77467156863	39939.14174792703	40544.28025925927	41168.03841709402	41811.28901736111	42474.96027160494	43160.040275985666	43867.58191985428	43081.58177037037	43811.77807156309	44567.15355555555	45349.03344249512	46158.83761111111	46998.0892040404	46203.85515843621	47075.62601048218	47980.926510683756	48921.7289912854	49900.16357111111	50918.53425623583	50031.97329166667	51096.48336170213	52207.27647826088	53367.43817777778	54580.33450000001	53548.26387855296	54823.22254232803	56160.37431165311	57564.38366944445	59040.39350712249	58105.129918128645	59675.53883483483	61333.192691358025	63085.569625396834	64941.02755555556	64911.84105723908	66940.3360902778	69099.70177060932	71403.02516296295	73304.23933333333	75922.24788095237	78734.1829876543	81762.4207948718	86150.93645333333	89740.55880555554	93642.32223188406	100347.12755555556	105125.56220105822	110381.84031111114	116191.4108538012	125964.17193827155	133373.8291111111	141709.69343055552	152410.73497037034	163297.2160396825	29505.60508547008	31964.405509259257	34870.26055555556	38357.28661111112	42619.20734567902	47946.608263888906	54796.12373015876	63928.81101851846	76714.57322222214	95893.21652777768	127857.62203703693	191786.43305555536	383572.8661111107
59506.0	30916.674347777775	31228.96398765432	31547.626885487527	31872.860152348225	32204.869112268516	32543.86773450292	32890.07909338061	33243.735857825566	33605.08081280193	33331.49424664224	33701.84418271605	34080.516589263425	34467.79518686869	34863.97674074074	35269.37181912145	35684.30560522876	36109.11876719577	35608.01430522088	36042.25838211382	36487.22453497942	36943.314841666666	37410.95173839662	37890.57932478632	38382.66477056277	38887.699833333325	38205.99449185185	38722.29171471471	39252.73406697108	39797.910929012345	40358.444885759	40934.9940984127	41528.25488244767	40740.77467156863	41348.845935323385	41975.343601010114	42621.118117948725	43287.07308854166	43974.16948677249	44683.43028494624	43867.58191985428	44598.70828518518	45354.61859510357	46136.59477777777	46946.008721247556	47784.33030555555	46998.0892040404	47868.4241893004	48771.602004192864	49709.51742735042	50684.21384749455	51697.89812444444	50918.53425623583	51979.33705324074	53085.280394799054	54239.3082294686	55444.62619012346	54580.33450000001	55849.644604651156	57179.39804761905	58574.017512195125	60038.36795000001	59040.39350712249	60594.0880730994	62231.76612912912	63960.426299382714	63085.569625396834	64941.02755555556	66908.9374814815	68999.84177777778	69099.70177060932	71403.02516296295	73865.19844444444	76503.24124603174	78734.1829876543	81762.4207948718	85032.91762666666	88575.95586111111	93642.32223188406	97898.79142424243	102560.63863492064	110381.84031111114	116191.4108538012	122646.48923456785	133373.8291111111	141709.69343055552	151157.0063259259	163297.2160396825	175858.54035042733	190513.41871296294	34870.26055555556	38357.28661111112	42619.20734567902	47946.608263888906	54796.12373015876	63928.81101851846	76714.57322222214	95893.21652777768	127857.62203703693	191786.43305555536	383572.8661111107
64781.0	31249.23394222222	31564.882769921434	31886.97341043084	32215.705095074456	32551.28535648148	32893.93046549708	33243.865895981085	33601.326819593785	33605.08081280193	33974.36741514041	34351.86038641975	34737.83634581773	35132.58448611111	35536.4072962963	35949.62133462533	36372.55805620915	36109.11876719577	36544.16839089692	36989.82898102981	37446.49353635117	37914.574705555555	38394.506030942335	38886.74328774928	39391.76592784993	38887.699833333325	39406.20249777778	39938.71874774774	40485.82448401827	41048.12760185185	41626.270244131454	42220.931247619046	41528.25488244767	42138.9645130719	42767.904281923715	43415.902831649844	44083.8397982906	44772.64979513889	45483.32677601411	44683.43028494624	45415.945535519124	46172.87796111111	46955.469112994346	47765.04616666666	48603.02943274853	47784.33030555555	48653.136311111106	49554.12031687242	50489.10371907756	51460.04802136752	50684.21384749455	51697.89812444444	52752.95726984127	53851.97721296296	54997.76396217494	56193.36752657005	55444.62619012346	56704.73133080809	58023.44601291989	59404.95663227513	60853.85801355013	60038.36795000001	61577.81328205127	63198.28205263157	64906.34372972973	63960.426299382714	65787.86705079365	67722.80431699347	69775.01050841752	68999.84177777778	71225.64312544803	73599.83122962962	76137.75644444444	76503.24124603174	79336.6946255144	82388.10595726495	85032.91762666666	88575.95586111111	92427.0843768116	96628.3154848485	102560.63863492064	107688.6705666667	113356.49533333335	122646.48923456785	129860.98860130717	137977.30038888886	151157.0063259259	161953.93534920632	175858.54035042733	190513.41871296294	34870.26055555556	38357.28661111112	42619.20734567902	47946.608263888906	54796.12373015876	63928.81101851846	76714.57322222214	95893.21652777768	127857.62203703693	191786.43305555536	383572.8661111107
70522.0	31291.829786666665	31607.908875420875	31930.43855782313	32259.618336769763	32595.65602777778	32938.768196491226	33289.18062411348	33601.326819593785	33966.55863285024	34339.81751892551	34721.37104691358	35111.498811485646	35510.49311616162	35918.659703703706	36336.318537467705	36763.8046379085	36805.56469973545	37249.00523828648	37703.261399728995	38168.733762688615	38645.84293472222	39135.03081997187	39636.76198433047	39391.76592784993	39910.078637426894	40442.21301925926	40988.72941141141	41550.21885540335	42127.30522839506	42720.64755555556	42220.931247619046	42832.828801932366	43462.72334313726	44111.42070646766	44779.77556565657	45468.695189743594	46179.143552083326	45483.32677601411	46216.92882078853	46974.58339162113	47757.49311481482	48566.94215065913	49404.30322222222	48603.02943274853	49470.94067261904	50370.41232121212	51303.19773456789	52271.18259748427	51460.04802136752	52469.0685708061	53518.449942222214	54610.66320634921	55748.38535648148	56934.52121513002	56193.36752657005	57442.1090271605	58747.61150505051	60113.83502842376	59404.95663227513	60853.85801355013	62375.20446388889	63974.56868091167	65658.1099619883	64906.34372972973	66709.29772222223	68615.27765714287	70633.37405882354	69775.01050841752	71955.47958680557	74276.62408960573	76752.51155925925	76137.75644444444	78856.96203174602	81777.59025514402	82388.10595726495	85683.63019555555	89253.7814537037	92427.0843768116	96628.3154848485	101229.66384126987	107688.6705666667	113356.49533333335	119654.07840740736	129860.98860130717	137977.30038888886	147175.78708148145	161953.93534920632	174411.93037606837	190513.41871296294	207832.82041414143	38357.28661111112	42619.20734567902	47946.608263888906	54796.12373015876	63928.81101851846	76714.57322222214	95893.21652777768	127857.62203703693	191786.43305555536	383572.8661111107
76773.0	31043.53942333333	31357.110528619527	31677.081044217688	32003.64889003437	32337.02023263889	32677.409919298247	33025.04193971631	33647.12880286739	34012.85846376812	34386.62613919414	34768.69976296296	35159.35931086142	35558.89748484849	35967.620444444445	36385.84858914729	36763.8046379085	37201.468978835976	37649.67944846051	38108.821880758805	38579.30116323731	39061.54242777778	39555.992331926864	39636.76198433047	40151.525126984125	40679.83466812865	41222.2324637037	41779.289659159156	42351.608695585994	42939.82548302469	43544.61175743349	43330.942520634926	43958.92719484703	44605.382006535954	45271.13397678275	45957.06024915826	46664.09194529915	46179.143552083326	46912.14583068783	47668.79334408602	48450.24897267759	49257.75312222222	50092.6302937853	49404.30322222222	50271.04538401559	51168.74262301587	52099.0833979798	53063.88123868312	54065.08654507337	53276.39764743589	54321.03289542483	55407.45355333333	56538.21791156463	57716.09745138889	56934.52121513002	58172.228198067634	59464.94438024692	60816.420388888895	60113.83502842376	61545.116814814806	63046.21722493225	64622.372655555555	66279.35656980056	65658.1099619883	67432.65347447447	69305.78273765433	71285.94795873016	70633.37405882354	72773.77933333335	75047.95993750001	77468.86187096774	76752.51155925925	79399.14988888887	82234.83381349205	81777.59025514402	84922.88218803419	88319.79747555555	89253.7814537037	93134.380647343	97367.7615858586	101229.66384126987	106291.14703333337	111885.4179298246	119654.07840740736	126692.55360784312	134610.8382083333	147175.78708148145	157688.34330158727	174411.93037606837	188946.2579074074	207832.82041414143	228616.1024555556	42619.20734567902	47946.608263888906	54796.12373015876	63928.81101851846	76714.57322222214	95893.21652777768	127857.62203703693	191786.43305555536	383572.8661111107
83578.0	30539.022846666667	30847.497824915827	31162.26821088436	31483.528707903784	31811.482131944445	32146.339838596494	33025.04193971631	33380.149917562725	33742.97763405797	34113.779586080585	34492.82158148148	34880.38137453184	35276.749344696975	35682.229222222224	36385.84858914729	36813.91739607843	37252.17831746032	37700.99974297189	38160.768032520326	38631.8886255144	39114.787233333336	39609.91112236287	40063.12043874643	40583.420704184704	41117.41308187134	41665.645256296295	42228.694516516516	42807.16978386606	43401.71380864197	43544.61175743349	44166.677639682544	44806.774417069246	45465.697570261436	46144.29007131011	46843.44598148149	46664.09194529915	47393.21838194444	48145.49168959436	48922.03187813621	49724.032400728596	50552.76627407408	50092.6302937853	50956.296333333325	51850.26644444443	52776.1640595238	53735.73067878787	54730.83680246912	54065.08654507337	55104.799747863246	56185.28601742919	57308.991737777775	58478.56299773243	57716.09745138889	58944.0995248227	60225.49299275363	61563.83728148149	62963.01540151516	62230.75574677002	63712.4404074074	65266.40236856368	66898.06242777778	66279.35656980056	68023.55016374268	69862.02449249249	71802.63628395062	71285.94795873016	73382.59348692812	75606.30844107746	77969.00557986113	77468.86187096774	80051.15726666666	82811.542	82234.83381349205	85280.56839917693	88560.59026068375	88319.79747555555	91999.78903703703	95999.7798647343	97367.7615858586	102004.32166137568	107104.53774444447	111885.4179298246	118101.27448148145	125048.4082745098	134610.8382083333	143584.89408888886	157688.34330158727	169818.21586324784	188946.2579074074	206123.19044444445	228616.1024555556	254017.89161728398	47946.608263888906	54796.12373015876	63928.81101851846	76714.57322222214	95893.21652777768	127857.62203703693	191786.43305555536	383572.8661111107
90986.0	29839.406449999995	30140.814595959593	30448.373928571425	30762.27469072165	31082.71505208333	31409.901526315785	32488.322177304966	32837.658974910395	33194.59005072464	33559.36576556777	33932.24760740741	34313.50881647941	34703.435053030305	35102.32511111112	36097.13886434109	36521.811086274516	36956.5945515873	37401.85472690764	37857.97490650407	38325.3573127572	38804.42427916667	39609.91112236287	40117.730495726486	40638.73998268398	41173.460245614035	41722.43971555556	42286.25646846847	42865.520255707765	43401.71380864197	44013.00555242567	44641.76277460318	45288.74484380033	45954.755797385624	46640.64767495854	47347.32415488217	47564.11438119658	48307.303668402776	49074.086266313934	49865.60378673835	50683.07270127504	51527.790579629625	51409.59282109228	52295.96511111111	53213.43818323586	54163.67815079365	55148.472298989895	54730.83680246912	55763.49410062892	56835.86898717948	57950.29779084967	59109.30374666666	58478.56299773243	59696.86639351852	60967.012486997635	62292.3823236715	63676.65748641976	62963.01540151516	64427.271573643404	65961.25423015872	67570.06530894309	66898.06242777778	68613.39736182334	70419.01308187134	72322.22965165165	71802.63628395062	73854.14017777778	76026.32077124184	78330.14867340069	77969.00557986113	80484.1347921147	83166.93928518517	82811.542	85769.09707142856	88945.73029629629	92366.71992307692	92103.0138711111	95940.63944907406	95999.7798647343	100363.40622222223	105142.61604232805	107104.53774444447	112741.6186783626	119005.04193827156	125048.4082745098	132863.93379166664	143584.89408888886	153840.95795238094	169818.21586324784	183969.73385185184	206123.19044444445	226735.50948888893	254017.89161728398	285770.12806944456	54796.12373015876	63928.81101851846	76714.57322222214	95893.21652777768	127857.62203703693	191786.43305555536	383572.8661111107
99051.0	29012.20600333333	29305.258589225585	29604.291840136055	29909.49072508591	30221.047920138884	31409.901526315785	31744.049414893616	32085.38327956989	32434.13744565217	32790.55653846153	33154.89605555555	33527.42297752809	33908.416420454545	35102.32511111112	35510.49168217055	35928.262172549024	36355.979579365085	36794.00342971888	37242.710788617886	37702.49734156379	38173.77855833334	39295.619523206755	39799.40951709401	40316.28496536797	40846.7623991228	41391.385897777785	41950.72895045045	42525.39647031964	43460.87470370371	44072.99969953052	44702.61398095239	45350.477951690824	46017.39674509804	46704.22356218906	47347.32415488217	48075.74452649573	48826.92803472222	49601.95863844797	50401.990229390685	51228.25236429872	51527.790579629625	52401.14296233521	53304.61094444444	54239.779557504866	55208.347049603166	55148.472298989895	56169.74030452674	57229.54672536687	58330.11493162393	59473.84267538126	60663.31952888889	60315.61606802721	61572.191402777775	62882.23802836879	64249.24320289855	63676.65748641976	65123.85424747476	66638.36248578811	68224.99016402116	67570.06530894309	69259.31694166666	71035.19686324785	72904.5441491228	72322.22965165165	74331.18047530865	76454.9284888889	78703.60285620915	78330.14867340069	80777.96581944445	83383.70665232974	86163.16354074073	86034.76477777777	89107.43494841269	92407.71031687241	92366.71992307692	96061.38872	100063.94658333334	100111.97159903382	104662.51576262627	105142.61604232805	110399.74684444447	116210.25983625733	119005.04193827156	126005.33852287581	132863.93379166664	141721.52937777777	153840.95795238094	165674.87779487178	183969.73385185184	200694.25511111112	226735.50948888893	251928.34387654325	285770.12806944456	54796.12373015876	63928.81101851846	76714.57322222214	95893.21652777768	127857.62203703693	191786.43305555536	383572.8661111107
107830.0	28117.639007777776	28401.655563411892	28691.468375283446	28987.256709049256	29289.207299768517	30539.164214035085	30864.04893971631	31195.920433691757	31535.006525362314	31881.545058608055	32235.784448148144	32597.984273408238	32968.41591287879	34298.168333333335	34696.984244186046	35105.18405882353	35523.10291666666	35951.09210843373	36389.52006097561	36838.773395061726	37299.2580625	38656.990945147685	39152.59339316239	39661.068632034636	40182.924798245615	40718.697128888896	41268.949792792795	42525.39647031964	43116.026976851856	43723.29496244132	44347.91346190477	44990.636845410634	45652.26385784314	46333.640930348265	47411.863313131325	48141.2765948718	48893.48404166667	49669.571089947094	50470.69320430108	51298.08161748634	52082.05657037037	52964.80329190207	53877.98955555555	54823.217442495115	55802.20346825396	56212.135177777775	57253.10064403291	58333.3478259958	59455.14297649572	60620.93009368191	60663.31952888889	61901.34645804989	63190.957842592594	64535.4463073286	65938.39079227054	65677.00416296297	67169.66334848486	68731.74854263564	70368.21874603174	69889.01431436314	71636.23967222223	73473.06633048432	75406.56807602338	74874.93723423422	76954.79660185185	79153.50507619049	78703.60285620915	81088.56051851854	83622.57803472223	86320.08055197132	86163.16354074073	89134.3071111111	92317.67522222221	92407.71031687241	95961.85302136751	99800.32714222222	100063.94658333334	104414.55295652176	109160.66900000002	109646.4450846561	115128.76733888891	116210.25983625733	122666.385382716	126005.33852287581	133880.67218055553	141721.52937777777	151844.49576190475	165674.87779487178	179481.11761111108	200694.25511111112	220763.68062222228	251928.34387654325	285770.12806944456	326594.43207936524	63928.81101851846	76714.57322222214	95893.21652777768	127857.62203703693	191786.43305555536	383572.8661111107
117388.0	27202.913596666665	27477.6905016835	27758.075098639456	28044.240821305844	28336.36832986111	29597.514745029235	29912.381923167846	30234.02043847073	30562.651095410623	30898.5044041514	31241.821119753084	31592.85281772784	31951.86250883838	33347.36322222222	33735.12325968992	34132.0070627451	34538.34048015873	34954.46506425703	35380.73902845528	35817.53827572016	37299.2580625	37771.40056962025	38255.649294871786	38752.47590909091	39262.37690789473	39785.87526666667	40323.52222972972	41834.27787214612	42415.30950925926	43012.70823474179	43627.1754952381	44259.45340096619	44910.32771568628	46333.640930348265	47035.66579292931	47759.291420512825	48505.53034895833	49275.45940211641	50070.224876344095	51298.08161748634	52153.04964444444	53036.99963841808	53951.43066666667	54897.946994152044	55878.26747619047	56816.788985858584	57868.951744855956	58960.818758909845	60094.68065811965	60620.93009368191	61833.34869555555	63095.253770975054	64409.73822453703	65780.15818676123	65938.39079227054	67403.6883654321	68935.59037373739	70538.74363824289	70368.21874603174	72084.51676422764	73886.62968333333	75781.15864957264	75406.56807602338	77444.58342942942	79595.82185802469	81869.9881968254	81481.54934313726	83950.68720202023	86574.14617708334	86320.08055197132	89197.41657037035	92273.18955555554	92317.67522222221	95736.8483786008	99419.03485470085	99800.32714222222	103958.67410648149	108478.6164589372	109160.66900000002	114358.79609523811	115128.76733888891	121188.17614619885	127920.85259876538	129882.0551111111	137999.68355555553	142806.0503259259	153006.4824920635	163524.8415897436	179481.11761111108	195797.58284848486	220763.68062222228	245292.97846913585	283419.3868611112	326594.43207936524	63928.81101851846	76714.57322222214	95893.21652777768	127857.62203703693	191786.43305555536	383572.8661111107
127792.0	26300.329357777777	26565.98925028058	26837.07077324263	27113.74160595647	27396.176414351852	28634.64589122807	28939.26978368794	29250.44472759857	29568.3843442029	29893.31164468864	30225.45955185185	30565.07145692884	30912.40181439394	32319.125296296294	32694.929078811372	33079.57530326797	33473.37977116402	33876.67350334672	34289.803668021676	34713.13457750343	36265.257504166664	36724.31139662447	37195.13590170939	37678.18961471861	38173.95526754385	38682.94133777778	39205.68378828828	40875.89924657534	41443.62006944444	42027.333028169014	42627.7235	43245.5165942029	43881.48007352941	45580.631114427866	46271.24673737375	46983.11207179488	47717.22319791667	48474.63943915344	49256.488462365596	50891.04823497268	51739.23237222223	52616.16851412429	53523.34383333333	54462.349865497075	55878.26747619047	56894.235975757576	57947.8329382716	59041.188276729554	60176.59574358974	61273.00772984749	62498.46788444444	63773.94682086168	65102.57071296296	66487.73179196217	67210.16162560387	68703.72077283952	70265.16897222222	71899.24266925063	72218.23753439153	73979.65796205962	75829.14941111111	77773.48657549857	77775.39966666665	79877.43749549548	82096.2552037037	81869.9881968254	84277.9290261438	86831.80566329969	89545.29959027779	89366.86056989247	92345.7559222222	95530.09233333332	95568.6606111111	99108.24063374483	102920.09604273504	103395.79624888887	107703.95442592591	108478.6164589372	113409.46266161618	118809.91326455028	120076.73590000003	126396.5641052632	127920.85259876538	135445.6086339869	137999.68355555553	147199.66245925924	153006.4824920635	164776.2119145299	177151.91172222223	195797.58284848486	215377.3411333334	245292.97846913585	283419.3868611112	323907.8706984129	381026.8374259256	76714.57322222214	95893.21652777768	127857.62203703693	191786.43305555536	383572.8661111107
139119.0	25432.50007222222	25689.394012345678	25951.53068594104	26219.07223940435	26492.18757523148	27684.55721871345	27979.073784869975	28279.924040621267	28587.31451932367	28901.46083272283	29222.58817530864	29550.93186267166	29886.737906565657	31267.71677777778	31631.294879844965	32003.427760784314	32384.4209484127	32774.594694779116	33174.284873983735	33583.84394650206	35147.04875972222	35591.94811111111	36048.25513817663	36516.414295815295	36996.893431286546	37490.185343703706	37996.809469969965	39742.74794977169	40294.730560185184	40862.26197652582	41446.00857619048	42046.67536714976	42665.008828431375	44536.42753731343	45211.2218939394	45906.77915384615	46624.07257812499	47364.13722222222	48128.07491935484	50063.97187978142	50898.37141111111	51761.05567231638	52653.48766666667	53577.23306432748	55434.89182738095	56442.79895151515	57488.035969135795	58572.71589308176	59699.114275641026	61356.52899346405	62583.65957333333	63860.87711564626	65191.31205555556	66487.73179196217	67933.1172657005	69442.74209382717	71020.98623232324	71899.24266925063	73611.12939947088	75406.52279945799	77291.68586944444	77773.48657549857	79820.15727485379	81977.45882282282	84254.61045679012	84441.86249523809	86925.44668627452	89559.55113131314	89545.29959027779	92433.85764157705	95514.98622962962	95530.09233333332	98941.88134523809	102606.39546913578	102920.09604273504	107036.89988444443	111496.77071296296	112386.7350531401	117495.22301010102	118809.91326455028	124750.40892777781	126396.5641052632	133418.5954444444	135445.6086339869	143910.95917361107	147199.66245925924	157713.92406349204	164776.2119145299	178507.5629074074	193256.630969697	215377.3411333334	239308.15681481487	275954.6007777779	323907.8706984129	381026.8374259256	76714.57322222214	95893.21652777768	127857.62203703693	191786.43305555536	383572.8661111107
151450.0	24612.502935555553	24861.114076318743	25114.7989138322	25373.71436655212	25638.023891203702	26771.052707602335	27055.851140661936	27346.77427120669	27644.02181763285	27947.802277167273	28258.333413580243	28575.842777777776	28900.568263888887	30230.26362962963	30581.77832299742	30941.5639503268	31309.9159021164	31687.14380455154	32073.572387533874	32469.5424170096	34003.641995833335	34434.06784388186	34875.53025213675	35328.45921645022	35793.307364035085	36270.551462222225	37996.809469969965	38517.31370928462	39052.276399691356	39602.308461658846	40168.05572539683	40750.201460547505	41349.469129084966	43301.80000497512	43957.88788383839	44634.16308205129	45331.57188020833	46051.12064021164	48128.07491935484	48917.05975409836	49732.34408333333	50575.26516949152	51447.252499999995	52349.83587719297	54533.96936904762	55525.496084848484	56553.74601234568	57620.79782389937	59699.114275641026	60869.68514379085	62087.07884666666	63354.162088435376	64674.04046527778	66578.36124822695	68025.71692753624	69537.39952592594	71117.79496969699	72672.6370749354	74402.93795767195	76217.64376151761	78123.08485555556	79273.52396866094	81359.6693362573	83558.57931831831	85879.65096604938	86661.88504126985	89210.76401307191	91914.12049831652	92358.28710416668	95337.58668817203	98515.50624444442	98808.60644444443	102337.48524603173	106127.76247736624	106552.79529487179	110814.90710666667	111496.77071296296	116344.45639613527	121632.84077777779	123090.23362962964	129244.74531111114	131316.21992397663	138611.5654753086	141266.74811764705	150095.91987499996	153505.0231185185	164469.6676269841	169845.76437606837	178507.5629074074	194735.5231717172	212582.29406666674	239308.15681481487	275954.6007777779	315376.6866031748	377892.5158148145	457232.20491111063	95893.21652777768	127857.62203703693	191786.43305555536	383572.8661111107
164874.0	23850.932646666664	24091.851158249156	24337.68637414966	24588.590357388315	24844.721506944443	25907.897826900586	26183.513761229315	26465.05691995221	26752.720582125603	27046.70652258852	27347.225483950617	27654.4976803995	27968.753335858586	29232.758703703705	29572.67450258398	29920.58832026144	30276.785800264548	30641.566352074966	31015.243990514904	31398.148237311383	32875.411697222225	33291.556149085794	33718.37097150996	34156.2718932179	34605.69652339181	35067.105810370376	36760.694049549544	37264.26520091324	37781.824439814816	38313.96281220658	38861.30513809524	39424.5124589372	40004.284700980395	41966.62538474295	42602.48334511786	43257.90616581197	43933.810949652776	44631.17302821869	46793.880650537634	47560.99344808743	48353.67667222222	49173.23051412429	50021.044833333326	52349.83587719297	53284.65437499999	54253.466272727266	55258.16009259258	56300.766886792444	58728.89008974359	59880.43695424837	61078.04569333333	62324.53642176872	63622.96426388889	66050.08387943263	67485.95526811595	68985.64316296297	70553.49868939395	72771.69717829456	74504.35663492064	76321.53606504065	78229.57446666667	80126.24087749286	82234.82616374268	84457.38903303303	85879.65096604938	88333.35527936509	90931.39514052287	91914.12049831652	94786.43676388891	97844.06375627239	98515.50624444442	101912.59266666665	105552.3281190476	106127.76247736624	110209.59949572649	114617.98347555555	115432.19490277777	120450.98598550726	121632.84077777779	127424.88081481482	129244.74531111114	136047.10032748542	143605.27256790118	146765.1869738562	150095.91987499996	160102.31453333332	164469.6676269841	177121.1805213675	183999.57807407406	194735.5231717172	214209.07548888895	236202.54896296302	269221.67641666677	315376.6866031748	377892.5158148145	457232.20491111063	95893.21652777768	127857.62203703693	191786.43305555536	383572.8661111107
179488.0	23154.178582222223	23388.05917396184	23626.71283900227	23870.28719816724	24118.936023148148	25106.244891228067	25373.33260283688	25646.164136200718	25924.92678985507	26209.816095238093	26501.03627407407	26798.80072659176	27103.3325530303	28290.23325925926	28619.189459948324	28955.88580653595	29300.598732804232	29653.61799464525	30015.247482384824	30385.806093278465	31790.62509027778	32193.03806610408	32605.769323361816	33029.220873015875	33463.81588450292	33910.000096296295	35540.985618618615	36027.84843531202	36528.2352191358	37042.717405320815	37571.89908253968	38116.41935909823	40004.284700980395	40601.363577114425	41216.53575252526	41850.636302564104	42504.552494791664	43179.227931216934	45351.03065770609	46094.49017668488	46862.73167962963	47657.015267419956	48478.687944444435	50898.6070233918	51807.51072023808	52749.46546060605	53726.30741358024	54740.01132704402	57383.47394230768	58508.640098039206	59678.81289999999	60896.74785714285	63622.96426388889	64976.64435460993	66389.18010144928	67864.49521481483	69406.87010606063	72194.27772868217	73913.1891031746	75715.94981300813	78229.57446666667	80235.46099145297	82346.92049122807	84572.51293693694	86803.42761728395	89283.52554920636	91909.51159477125	93686.89196296298	96614.60733680557	99731.20757347668	101105.53254814813	104591.93022222222	108327.3563015873	109461.67360493825	113671.73797435896	114617.98347555555	119393.73278703704	124584.764647343	125926.03080303031	131922.50846031748	133796.1248555556	140838.02616374273	143605.27256790118	152052.64154248365	155938.0111597222	166333.87857037035	171538.19414285713	177121.1805213675	191881.27889814813	200726.81244444445	214209.07548888895	236202.54896296302	265727.86758333346	307681.9159047621	367939.4677037034	453471.0189777773	571540.2561388883	127857.62203703693	191786.43305555536	383572.8661111107
195397.0	22526.717375555556	22754.25997530864	22986.4463015873	23223.419974799544	23465.330599537036	24372.81956023392	24632.10487470449	24896.966217443252	25167.585415458936	25444.152288156285	25726.865091358024	26015.930991260924	26311.566570707073	27414.86511111111	27733.642612403102	28059.920760784313	28393.967436507937	28736.063429718877	29086.503227642275	29445.595860082303	30765.628669444446	31155.06700703235	31554.490943019937	31964.289526695527	32384.872283625726	32816.67058074074	34368.24334084084	34839.04119482496	35322.91676697531	35820.42263693271	36332.14296031746	36858.6957568438	38676.9549379085	39254.22292205638	39848.98387542088	40462.04516581197	41094.26462152778	41746.55453615521	43875.66709139785	44594.94032240437	45338.18932777778	46106.63321468927	46901.57516666666	49329.19124171539	50210.069656746025	51122.98001414141	52069.701866255135	53052.149071278815	55792.7038525641	56886.67843790849	58024.41200666666	59208.58368027211	62165.43010416666	63488.09882978723	64868.27489130435	66309.7921111111	69406.87010606063	71020.98336434108	72711.95915873015	74485.42157723577	77608.84855833334	79598.81903418803	81693.5247982456	83901.4579009009	86921.74940740742	89405.22796190478	92034.79349019608	94694.64830976434	97653.85606944446	100803.98045878136	103055.58115925924	106609.22188888887	110416.69409920633	112339.48060905348	116660.22986324786	118218.60749333331	123144.38280555555	128498.4864057971	130247.70849494952	136449.98032804235	138518.63388333336	145809.08829824565	148662.36095061724	157407.20571241828	161555.93163888884	166333.87857037035	178214.86989682537	184733.43984615384	191881.27889814813	209325.03152525253	220799.49368888894	238010.08387654327	265727.86758333346	307681.9159047621	367939.4677037034	453471.0189777773	571540.2561388883	127857.62203703693	191786.43305555536	383572.8661111107
212716.0	21972.184595555555	22194.12585409652	22420.596526077097	22651.73669644903	22887.692287037036	23712.334079532164	23964.592952718674	24222.2767479092	24485.562364734298	24754.634478632477	25029.685972839507	25310.918399500624	25598.542472222223	26613.998370370373	26923.46346770026	27240.21009673203	27564.498312169315	27896.60070147256	28236.80314905149	28585.40565706447	29813.665808333335	30191.053983122365	30578.11877777777	30975.237203463203	31382.806114035084	31801.24352888889	33260.1391021021	33715.75744596652	34184.03185493827	34665.497092331774	35160.71847936508	35670.29410950081	37400.7354003268	37958.95533167496	38534.09101851853	39126.92318803419	39738.28136284722	40369.047733686064	42419.8860609319	43115.29402914389	43833.882262962965	44576.829419962334	45345.39544444444	47724.409818713444	48576.631422619044	49459.8429030303	50375.76591975308	51326.25206918239	54072.38270726495	55132.62550544662	56235.27801555555	57382.93675056689	60442.09584027777	61728.09787943262	63070.01305072464	64471.568896296296	67816.83284090909	69393.96848837208	71046.20583333333	72779.04012195121	76347.55711666668	78305.18678632478	80365.84959649123	83901.4579009009	86232.05395370371	88695.82692380954	91304.52771568629	94823.72662626265	97786.96808333336	100941.38640860215	104164.11314074072	107755.9791111111	110416.69409920633	114506.20128806581	118910.28595299144	121326.63905777778	126381.91568518519	128498.4864057971	134339.3266969697	136449.98032804235	143272.4793444445	145809.08829824565	153909.59320370364	157407.20571241828	167245.1560694444	172326.32708148146	184635.35044444443	191923.70604273502	200127.89316666668	209325.03152525253	230257.53467777782	245332.77076543216	267761.34436111123	303688.99152380973	358962.23522222193	441527.361244444	571540.2561388883	127857.62203703693	191786.43305555536	383572.8661111107
231570.0	21493.225525555554	21710.32881369248	21931.86278117914	22157.964459335624	22388.77658912037	22624.447921637427	23374.664463356974	23626.004941457588	23882.80934299517	24145.257797313796	24413.538439506174	24687.84786017478	24968.391585858586	25892.778592592593	26193.857413436694	26502.020441830067	26817.520685185187	27140.62334404284	27471.606555555554	27810.762192043894	28942.72322777778	29309.086812939524	29684.84433618233	30070.361795093795	30466.024450292392	30872.238109629634	31289.430516516513	32672.510474885843	33126.295342592595	33592.86288262911	34072.760923809525	34566.5690531401	36194.85725816994	36735.079008291876	37291.67111447812	37865.38913162394	38457.03583680555	39067.46497707231	41020.16140681004	41692.62306921675	42387.500120370365	43105.93232580037	43849.13805555555	46140.92869785574	46964.8738531746	47818.78065050505	48704.3136255144	49623.26293920335	52313.295378205126	53339.046267973856	54405.82719333333	55516.15019727891	58578.414599537035	59824.76384633569	61125.30219082126	62483.642239506175	65936.83182575757	67470.24651937983	69076.68096031745	70761.47805691056	74598.516125	76511.29858974357	78524.75381578946	82537.89958558559	84830.61901851853	87254.3509904762	91304.52771568629	94071.33158585861	97011.06069791669	100941.38640860215	104306.09928888887	107902.86133333333	111604.40693650792	115737.90348971191	120189.3613162393	123666.6973911111	128819.47644907406	131876.78158454108	137871.18074747478	140736.4374920635	147773.2593666667	150813.13615204682	159191.64371604932	162963.0986862745	173148.29235416662	178394.8331407407	184635.35044444443	198838.0697094017	207917.34821296297	218321.33800000005	230257.53467777782	245332.77076543216	275999.36711111123	303688.99152380973	358962.23522222193	441527.361244444	566838.7737222217	127857.62203703693	191786.43305555536	383572.8661111107
252095.0	21092.48544888889	21305.540857463522	21522.944335600907	21744.83035967927	21971.33900925926	22202.616261988303	22865.13353782506	23110.995188769415	23362.20165821256	23618.929148962146	23881.36169506173	24149.691601747818	24424.11991540404	25255.384592592593	25549.05185529716	25849.628935947716	26157.362613756613	26472.51156091031	26795.347067750678	27126.153821673524	28158.396719444445	28514.832120956402	28880.406891737886	29255.47711111111	29640.4175994152	30035.623167407408	30441.509966966965	31718.05285235921	32158.581364197533	32611.519129890457	33077.39797460318	33556.78055394525	34050.26262091503	35598.40693532338	36137.776737373744	36693.74253333334	37267.08226041666	37858.62324867725	39697.58537992832	40348.36546812386	41020.83822592592	41716.106670433146	42435.349888888886	44618.42117933722	45415.17870039682	46240.90922222222	47097.22235596707	47985.84919287211	50577.55645726495	51569.27325054466	52600.65871555555	53674.14154648526	56672.73665972222	57878.53956737588	59136.768688405806	60450.91910370371	63903.72501767677	65389.85815762272	66946.75954232803	68579.60733604335	72530.51500833333	74390.27180341879	76347.9105350877	80647.04445945944	82887.24013888888	85255.447	89820.65543137256	92542.4934747475	95434.44639583335	100140.44975268816	103478.46474444443	107046.68766666666	111756.53495238094	115895.6658765432	120189.3613162393	124996.93576888888	130205.14142592592	134420.32325120774	140530.33794444444	144436.4750687831	151658.29882222228	155550.79933333336	164192.51040740733	168555.85805228757	173148.29235416662	184691.5118444444	191137.3212222222	198838.0697094017	215407.90885185183	226818.92532323237	240153.47180000006	255841.70519753092	275999.36711111123	306012.9649841272	354303.82344444416	430754.6822666662	566838.7737222217	762053.6748518512	191786.43305555536	383572.8661111107
274439.0	20771.795715555552	20981.611833894498	21195.709913832197	21414.222387170674	21637.2872037037	21865.048121637425	22438.814307328605	22680.091880525688	22926.614618357486	23178.555438339437	23436.094943209875	23699.421852684147	23968.733464646466	24244.23614814815	24992.12270413437	25286.147677124187	25587.173244708996	25895.452440428384	26211.250640921407	26534.846327846364	27465.230744444445	27812.891893108303	28169.467430199424	28535.304669552672	28910.76920467836	29296.24612740741	29692.141345345342	30858.51695281583	31287.107466049383	31727.770951486702	32181.024822222225	32647.416486312402	33127.52555228758	34558.475495854065	35082.088760942774	35621.81320341881	36178.40403472222	36752.66441622575	38469.246204301075	39099.88958469945	39751.55441111111	40425.309570621466	41122.29766666666	43179.82971150097	43950.898099206344	44750.00533737373	45578.709139917686	46438.68478406708	48908.65398504273	49867.64720043573	50865.00014444444	51903.06137188208	54792.352828703704	55958.14756973995	57174.62903864735	58445.17635061729	61824.803628787886	63262.589759689916	64768.84189682539	66348.56974796747	70294.09751944445	72096.51027635326	73993.78686257309	78411.36757657657	80589.46112037037	82892.01715238095	87762.96014705882	90422.4437878788	93248.14515625	98512.97692473118	101796.74282222221	105306.97533333334	110869.7836547619	114976.07193827159	120353.19148717949	125167.31914666666	130382.62411111112	135866.234531401	142041.97246464647	147222.25879894182	154583.37173888893	159640.31454970766	164192.51040740733	173850.893372549	179090.59918055552	191029.97245925924	197883.76269047617	205840.19208547007	215407.90885185183	234990.44602020204	249500.81785555562	266837.19088888896	287821.9183472223	315427.8481269843	357015.1258148145	430754.6822666662	551909.201555555	762053.6748518512	191786.43305555536	383572.8661111107
298764.0	20532.20087333333	20739.59684175084	20951.225380952383	21167.217395189004	21387.709243055557	21612.843024561404	21842.766886524823	22335.264210274792	22578.038821256036	22826.149137973134	23079.773017283947	23339.09630961298	23604.31331313131	23875.627259259258	24526.145870801036	24814.688763398695	25110.101724867727	25412.63307095047	25722.5432303523	26040.10549245542	26365.606811111113	27206.614589310833	27555.417340455835	27913.279903318904	28280.55990204678	28657.63403407408	29044.899358858856	30098.88300761035	30516.923049382716	30946.73886697966	31388.83513650794	31843.74579066023	32312.036169934643	33621.966232172475	34131.389962962974	34656.48827008547	35197.995899305555	35756.69424691358	37345.449326164875	37957.66980692167	38590.29763703704	39244.370478342746	39920.99755555555	41843.74148538011	42590.9511547619	43365.33208484848	44168.393790123446	45001.75971069182	47331.736414529914	48259.80967755991	49225.005871111105	50229.5978276644	52984.37515046296	54111.70228132387	55288.043635265705	56516.666827160494	59773.47581313132	61163.556645994824	62619.831804232796	64147.14477506775	68007.28399166667	69751.0605042735	71586.61472807017	75993.61893993993	78104.55279938271	80336.11145079366	85330.01765686275	87915.77576767678	90663.14376041667	96256.14983870967	99464.68816666664	102894.50499999999	109067.93873809524	113107.49202469135	119398.22855128205	124174.15769333333	130382.62411111112	136051.43385507248	142041.97246464647	148805.87591534393	154583.37173888893	162719.33867251466	168509.22091358018	178421.5280261438	184716.57420833327	191029.97245925924	204674.97049206347	213105.59058974357	222993.5414259259	234990.44602020204	258489.49062222228	277223.1309506174	300191.83975000016	315427.8481269843	357015.1258148145	425164.5881333329	551909.201555555	755785.031629629	191786.43305555536	383572.8661111107
325245.0	20373.171865555552	20578.961480359143	20788.950883219954	21003.269964490264	21222.054026620368	21445.444069005847	21673.587091016547	22077.635347670253	22317.609644927536	22562.858102564103	22813.556525925927	23069.888621722846	23332.0464469697	23600.23088888889	24153.250832041344	24437.406724183005	24728.328232804233	25026.259898259705	25331.458189701894	25644.19224142661	25964.744644444443	26699.34866947961	27041.648011396006	27392.838245310246	27753.270327485377	28123.313931851855	28503.358714714712	29442.774692541858	29851.70211882716	30272.14862754304	30704.6078936508	31149.602210950085	31607.684596405234	32794.305366500834	33291.18878114479	33803.36091623932	34331.538430555556	34876.48348500882	36333.4151218638	36929.044877959925	37544.52895925926	38180.87690772128	38839.167888888885	40621.365933723195	41346.74746825396	42098.50651313131	42878.1084855967	43687.12940041928	45867.178166666665	46766.53460130718	47701.86529333333	48675.37274829932	51276.047782407404	52367.02752245863	53505.44116425121	54694.45096790124	57801.13652777778	59145.34900516795	60553.571600529096	62030.48798102981	65750.82339444445	67436.74194301992	69211.39304678362	73521.38809909909	75563.64887962963	77722.61027619048	82698.93825816993	85204.96669023571	87867.62189930557	93587.76130107525	96707.35334444442	100042.08966666665	106569.30874999998	110516.32018518516	117457.78017948718	122156.09138666667	129348.08093055556	134971.9105362319	142235.58993939398	149008.7132698413	156246.16971111114	164469.6523274854	171759.3019320987	181862.79028104572	189572.87352777773	197031.01248888884	211104.6562380952	220419.19899145298	230864.38980555555	243265.68155555558	258489.49062222228	277223.1309506174	300191.83975000016	328939.3352539684	367999.1561481478	428418.1509777774	538443.3528333328	755785.031629629	191786.43305555536	383572.8661111107
354073.0	20292.14480222222	20497.115961840627	20706.270206349207	20919.736909507446	21137.650835648146	21360.15242339181	21587.38808747045	21906.636414575867	22144.752027777777	22388.100951159948	22636.85762839506	22891.20434332085	23151.33166540404	23417.438925925926	23689.734727390183	24155.53043921569	24443.09627777778	24737.59141365462	25039.269357723577	25348.396139917695	25665.25109166667	26293.412298171592	26630.50732763532	26976.358072150073	27331.31015204678	27695.72762074074	28069.994210210207	28893.815683409437	29295.118679012347	29707.72598435055	30132.122069841273	30568.81949114332	31018.36095424837	32079.44108291874	32565.49322053873	33066.50080854701	33583.164883680554	34116.230992945326	35439.00741218638	36019.97474681238	36620.30765925926	37240.99083992467	37883.076888888885	39520.55679922027	40226.281027777775	40957.66795555555	41716.14328806584	42503.24033123689	44527.2665042735	45400.35016122004	46308.357164444446	47253.42567800454	49689.443013888886	50746.66520567376	51849.85357971015	53002.07254814815	55937.50667171718	57238.37891989663	58601.197465608464	60030.49496476965	63581.25018055556	65211.53864672363	66927.63176900583	71081.97123723723	73056.4704382716	75143.79816507937	80008.56940196079	82433.07150505052	85009.10498958334	90702.06131541217	93725.46335925924	100042.08966666665	103615.02144047616	107452.61482716048	114766.94788461537	119357.62579999998	127245.92852777778	132778.36020289856	141106.9973787879	147826.37820634924	156459.14893333337	164693.8409824562	173606.85523456783	183819.02318954247	193229.21467361107	202211.06509629625	216654.7126031746	227343.4759487179	238787.46557407407	251852.06160606063	267592.2497111112	287210.54513580253	311876.02231944463	343076.3882857145	383762.55779629597	428418.1509777774	531455.7351666662	735878.9354074068	191786.43305555536	383572.8661111107
385457.0	20284.412435555554	20489.305490460156	20698.380036281178	20911.765397479954	21129.596287037035	21352.013090058477	21579.16216548463	21811.19616726404	22056.67913285024	22299.06022222222	22546.82755802469	22800.162699126093	23059.255457070707	23324.30437037037	23595.517211886305	23968.43748888889	24253.77603042328	24545.990199464526	24845.331543360433	25152.064031550068	25466.464831944446	25788.825146272855	26323.33445299145	26665.195939393943	27016.053780701754	27376.267831111116	27746.217396396394	28126.302566210048	28849.71627160494	29256.050303599375	29673.99387936508	30104.05176167472	30546.75840522876	31481.321565505805	31958.311286195294	32449.97761367522	32957.00851388889	33480.13563315697	34020.137820788535	35234.795943533696	35822.04254259259	36429.195806026364	37057.285388888886	37707.41320272904	39236.04392063492	39949.426537373736	40689.23073251028	41456.95206708595	43320.610337606835	44170.03406971677	45053.43475111111	45972.8926031746	48237.872046296296	49264.20974940898	50335.17083091788	51453.730182716055	54206.66510606061	55467.28522480619	56787.93487301587	58173.00645528455	61531.25733888889	63108.981886039874	64769.74456725145	68736.48668168168	70645.83353395062	72664.28592063492	77353.909875817	79697.96775084177	82188.52924305557	87751.33418279569	90676.37865555554	96957.37588888887	100420.13931349205	104139.40373251027	111585.4077051282	116048.82401333332	124330.86020833332	129736.5497826087	138813.74021212125	145423.91831746034	155217.6971166667	163387.04959649127	173843.49881481475	183819.02318954247	195307.71213888883	206111.16231851847	216654.7126031746	233320.45972649573	246288.7656111111	260495.41698989904	277037.2677666667	297324.72190123465	323111.8632777779	356429.73979365104	383762.55779629597	441598.98737777735	531455.7351666662	735878.9354074068	1143080.5122777766	383572.8661111107
419622.0	20343.368339999997	20548.856909090908	20758.53912244898	20972.54468041237	21191.008687499998	21414.071936842105	21641.881212765955	21874.589612903226	22048.27438647343	22290.56311599511	22538.23603950617	22791.474646691637	23050.468676767676	23315.41659259259	23586.526087855298	23873.111532026145	24157.31524074074	24448.367231593038	24746.51805149051	25052.03062002743	25365.18100277778	25686.25924331927	26119.451109686604	26458.66476046176	26806.805086257304	27164.229154074073	27531.31333183183	27908.454610350076	28516.94565740741	28918.592779342725	29331.715533333336	29756.812859903384	30194.41304901961	30645.07593034826	31472.417750841756	31956.608793162395	32455.930805555552	32971.104310405644	33502.89631541219	34577.84499817851	35154.142414814814	35749.97533709981	36366.35422222222	37004.36043664717	38380.75986706349	39078.59186464646	39802.26949176954	40553.25570859539	42254.20114529914	43082.714893246186	43944.36919111111	44841.193052154194	46930.66119907407	47929.18590543735	48971.1247294686	50059.37194567901	52623.133141414146	53846.92693540051	55128.99662433862	56473.60629810298	59627.33161666667	61156.23755555554	62765.61222807017	66520.2782042042	68368.06370987654	70321.43695873016	74801.4708006536	77068.18203703706	79476.56272569446	84839.77212186379	87667.76452592592	93803.15033333332	97153.26284523809	100751.53183950616	108144.7654145299	112470.5560311111	120884.19168055554	126140.02610144929	135633.66568181818	142092.41166666668	152695.11423333338	160731.69919298252	172464.10790740736	184069.58698039214	195573.93616666662	208328.22628148145	220833.38819841266	237820.57190598288	252763.83137037038	268678.6533939394	286544.958688889	307819.18640740745	334490.31213888904	356429.73979365104	400255.786333333	441598.98737777735	535522.6887222218	717924.4704444439	1143080.5122777766	383572.8661111107
456815.0	20627.553163333334	20667.45275084175	20878.34512585034	21093.58579725086	21313.310649305553	21537.661287719297	21766.78534397163	22000.836799283155	22112.356891304345	22355.34982417582	22603.742599999998	22857.717235955057	23117.464022727272	23383.182	23655.07946511628	23933.37451764706	24148.11004232804	24439.051127175368	24737.088336043358	25042.48448834019	25355.515544444446	25676.471437412096	26015.570259259253	26353.43480808081	26700.19052923976	27056.19306962963	27421.817300300296	27797.458633181126	28296.072035493828	28694.608261345853	29104.531236507937	29526.33603703704	29960.546861111114	30407.719202321725	31109.395262626273	31588.00134358975	32081.563864583335	32590.795037037038	33116.45302150538	34052.12412386156	34619.65952592593	35206.433416195854	35813.44088888889	36441.746869395705	37665.152587301585	38349.97354343434	39060.15823868312	39797.14235639413	41333.12601068376	42143.57946187364	42986.45105111111	43863.72556235828	45775.38457407407	46749.32892671395	47765.61868599035	48827.07687901235	51197.084944444454	52387.71482687338	53635.04137037037	54943.21311111111	57885.44645555556	59369.68867236466	60932.048900584785	64461.98012612612	66252.59068518519	68145.52184761905	72389.71451633988	74583.34222895624	76914.07167361112	82040.32281362006	84775.00024074073	90690.79088888888	93929.7477063492	97408.6272510288	104626.59075641025	108811.65438666666	117156.82919907407	122250.60438164252	131873.66365151515	138153.36192063492	149197.03225000002	157049.50763157898	169661.238037037	182609.05543137254	194022.1213958333	208612.19857777774	223208.81387301584	237820.57190598288	257638.95289814813	275742.36149494955	295546.5187333334	318383.2874320988	334490.31213888904	369270.7008888891	415834.6964259256	460515.06935555505	535522.6887222218	717924.4704444439	1133677.5474444435	383572.8661111107
497305.0	20833.722476666666	20835.912286195286	21048.523636054422	21265.518725085913	21487.03454513889	21713.21385614035	21944.2054929078	22180.164691756276	22421.253438405798	22484.37167399267	22734.198025925925	22989.63845318352	23250.88434469697	23518.13588888889	23791.60258527132	24071.503792156866	24218.29564285714	24510.0823373494	24808.9857804878	25115.269555555555	25429.210425	25751.099164556963	26005.656968660962	26343.392773448773	26690.016362573097	27045.883247407408	27411.368156156153	27786.866350076103	28172.795049382716	28580.485636932706	28988.77828888889	29408.90551046699	29841.38941503268	30286.783286898837	30868.442220538727	31343.341331623935	31833.081039930552	32338.36804056437	32859.9546218638	33659.345693989075	34220.33478888889	34800.340463276836	35400.346333333335	36021.40504093567	37092.49234920634	37766.9013010101	38466.28836213991	39192.06738784067	40562.47201709401	41357.814605664484	42184.97089777778	43045.888671201814	43942.67801851852	45730.26707565012	46724.40331642512	47762.723390123465	49936.78317171718	51098.10371059431	52314.72522751323	53590.694135501355	56316.79343888889	57760.81378347577	59280.8351988304	62578.86103303303	64317.162728395066	66154.79594920635	70149.80190196079	72275.55347474749	74534.16452083334	79395.17075985663	82041.67645185183	87698.2761111111	90830.35740079364	94194.44471193413	101155.1129145299	105201.3174311111	113345.47331944444	118273.53737681161	127807.45003535354	133893.5190846561	145061.0300166667	152695.82107017547	165774.4802777777	179641.3108627451	190868.89279166664	206956.92948888885	223513.06990476188	240378.7226324786	257638.95289814813	281060.6758888889	303316.59764444456	318383.2874320988	346296.5847083335	382274.64244444465	430815.81770370336	480306.94359999953	551998.7342222218	708607.6468888883	1133677.5474444435	383572.8661111107
541383.0	21069.91236444444	21282.73976206509	21258.90048639456	21478.064408934708	21701.794246527777	21930.234185964913	22163.534549645392	22401.85212544803	22645.35051811594	22667.640838827836	22919.503514814813	23177.02602621723	23440.401321969697	23709.831222222223	23985.52693410853	24267.709603921572	24358.069313492066	24651.54002811245	24952.16856504065	25260.220028806583	25575.972779166666	25899.719270042195	26231.76695299145	26419.958883116884	26767.589921052626	27124.49112	27491.038297297295	27867.6278630137	28254.67825	28569.594979655714	28977.732050793653	29397.699181964574	29830.0182875817	30275.242441127695	30745.67394276095	31218.684311111112	31706.476253472218	32209.753654320986	32729.265810035842	33265.81115118397	33955.28644259259	34530.799772128055	35126.158388888885	35742.40678167641	36664.64441666666	37331.27431515152	38022.59420987654	38740.00164779874	39485.00167948718	40729.01120697167	41543.591431111105	42391.419827664395	43274.5744074074	44877.62861465721	45853.22923671498	46872.18988641976	48848.23983080809	49984.245408268725	51174.346489417985	52422.501281842815	54930.46148888889	56338.93486039885	57821.53840935672	60883.01993393393	62574.21493209877	64362.04964444445	68100.52524183007	70164.17752188555	72356.80806944445	76938.49240860213	79503.1088222222	84870.69977777777	87901.79619841269	91157.41827983537	97817.30797008546	101730.00028888888	109584.70565740741	114349.2580772947	123649.60725757577	129537.68379365081	140588.19503888892	147987.57372514624	161178.92224074068	175525.92029411762	186496.29031249994	203593.48564444442	221739.5673095238	240706.38297435897	260410.28285185184	281060.6758888889	303316.59764444456	328385.0208148149	358181.1983611113	395767.52538095263	430815.81770370336	499001.6357111106	575643.836694444	714030.251629629	1103818.40311111	383572.8661111107
589369.0	21327.31878111111	21542.74624354658	21499.910575963717	21721.55913860252	21947.825379629627	22178.855120467833	22414.800387706855	22655.819746714456	22902.07865700483	23153.749851037846	23148.58052962963	23408.676940074907	23674.684632575758	23946.807444444446	24225.258693798452	24510.261737254903	24802.05056746032	24852.473690763054	25155.552638211382	25466.115016460906	25784.441454166667	26110.82678902954	26445.580978632475	26572.43925108225	26922.07660964912	27281.037631111114	27649.7003018018	28028.463319634706	28417.747532407408	28652.631464788734	29061.954771428573	29483.14252173913	29916.718147058826	30363.23632835821	30823.28536363637	31206.788362393167	31694.394430555552	32197.48005643739	32716.79425089606	33253.135140255006	33820.241337037034	34393.46576647834	34986.45655555555	35600.25403898635	36380.66404563491	37042.13066464646	37728.096047325096	38439.94691614255	39179.17666452991	40259.21739869281	41064.40174666666	41902.450761904765	42775.41848611111	44195.310033096925	45156.07764251208	46159.5460345679	47208.62662626263	49052.29174160206	50220.20344973545	51445.0864607046	53733.06381388889	55110.83468091167	56561.11980409356	59384.282690690685	61033.84609876543	62777.67027301588	66255.05110457516	68262.77992592595	70395.99179861112	74690.89865232974	77180.59527407406	82244.59533333332	85181.9023095238	88336.78758024689	94663.47282905983	98450.01174222221	105968.75030092592	110576.08727053141	119546.95162626264	125239.66360846562	136014.56798333337	147987.57372514624	156209.10559876537	170660.03531372547	181326.28752083328	198929.3763333333	218135.87747619048	238796.4571025641	260765.24822222223	284083.94492929295	309166.74347777787	337018.4418271606	369433.14841666684	409349.9409841272	445987.0828518515	499001.6357111106	575643.836694444	714030.251629629	1103818.40311111	383572.8661111107
641607.0	21599.565915555555	21817.743349046013	22040.373383219954	21986.926578465063	22215.957063657406	22449.809243274853	22688.637001182033	22932.600839904422	23181.868240338164	23436.614045177044	23411.013738271602	23674.05883645443	23943.08223232323	24218.290074074073	24499.898098191214	24788.13219346405	25083.229005291003	25100.870453815263	25406.9786300813	25720.64503292181	26042.153095833335	26371.80060337553	26709.90061111111	27056.782437229438	27141.517320175437	27503.40421777778	27875.071842342342	28256.922141552513	28649.37939351852	29052.891779342724	29229.68317619048	29653.301772946863	30089.37974019608	30538.474960199004	31001.179126262632	31297.489753846156	31786.513031249997	32291.060857142857	32811.884419354836	33349.784163934426	33807.354059259254	34380.36006026365	34973.12488888889	35586.68848343079	36222.16506349206	36894.808731313125	37578.045930041146	38287.065664570226	39023.355388888885	39947.39581481481	40746.343731111105	41577.90176643991	42444.108053240736	43685.53377304965	44635.21928985508	45627.113051851855	46664.0928939394	48306.50166408268	49456.65646560846	50662.91637940379	52731.213622222225	54083.29602279201	55506.540654970755	58089.79871771771	59703.40423765432	61409.2157873016	64624.072339869286	66582.37756228958	68663.07686111113	72666.83024372759	75089.0579185185	79841.9951111111	82693.49493650792	85756.2169711934	91734.35633333333	95403.73058666666	102552.09556481481	107010.88232850243	115602.27305555556	121107.1432010582	131501.64678888893	143173.2294561404	151127.2977592592	165397.87651633983	181326.28752083328	193414.70668888884	213138.61749999996	234915.56035897436	258696.16186111112	284471.17987878795	312492.3394222223	343518.60386419756	379145.74705555575	422209.31247619074	461728.77961111075	516978.9812444439	600383.6794999995	735998.3122962957	1076886.7056666657	383572.8661111107
698476.0	21881.51242222222	22102.537800224465	22328.07390022676	22267.59372737686	22499.547828703704	22736.385174269006	22978.261612293143	23225.33969414576	23477.78903864734	23735.78672039072	23999.517683950617	23963.279529338328	24235.5895239899	24514.15951851852	24799.207885012922	25090.963271895427	25389.665215608467	25695.564796519415	25695.015078590783	26012.237486968446	26337.390455555556	26670.775144866388	27012.708159544152	27363.52255122655	27412.79273245614	27778.296635555558	28153.679022522523	28539.34585844749	28935.72566203704	29343.271093896718	29467.933090476196	29895.004584541064	30334.637004901964	30787.392781094528	31253.86842929294	31478.120343589748	31969.965973958333	32477.425751322753	33001.25519892473	33542.25938251366	33905.6139	34480.285322033895	35074.772999999994	35690.11989473683	36327.44346428571	36880.74988282828	37563.72673251028	38272.476293501044	39008.48545299145	39788.51922004357	40584.28960444444	41412.540412698414	42275.30167129629	43347.17418203309	44289.50405555556	45273.71525679012	46302.663330808085	47749.30435658914	48886.19255555555	50078.538715447154	51929.489288888886	53261.01465527064	54662.62030409356	57006.717429429424	58590.23735802469	60264.244139682545	63215.36919281047	65130.98644107746	67166.32976736112	70878.01482437276	73240.61531851851	75766.15377777777	80452.56205555555	83432.28657613168	89054.533008547	92616.71432888889	99378.88602777777	103699.7071594203	111875.01334343436	117202.39493121694	127162.50036111115	138422.7860935673	146112.94087654314	160017.13880392155	175735.24379861107	187450.9267185185	207230.04288095233	229533.89576923073	254491.85705555556	282213.9947575758	312918.29786666675	347213.7104691359	386458.4293472224	422209.31247619074	477574.93114814773	535184.4994222217	623752.0446388883	735998.3122962957	1076886.7056666657	383572.8661111107
760385.0	22171.652524444446	22395.608610549945	22624.135229024945	22857.373736540667	22793.24210648148	23033.17097076023	23278.204704491724	23528.50798088411	23784.25263285024	24045.61804639804	24312.79158024691	24269.175186017477	24544.96126767677	24827.08725925926	25115.77432041344	25411.254018300657	25713.768947089946	26023.57339223561	26008.925342818427	26330.02318655693	26659.14847638889	26996.606052039384	27342.716386039883	27697.816598845602	27723.56890058479	28093.216485925925	28472.854546546543	28862.893649923895	29263.767172839503	29675.932907668233	29762.460680952387	30193.80069082126	30637.82717156863	31095.108174129356	31566.246176767687	32051.88073333334	32230.551817708332	32742.147878306878	33270.24703763441	33815.660923497264	34379.255272222224	34679.28512429378	35277.20383333333	35896.10214619883	36537.10397023809	36987.94243636363	37672.904333333325	38383.7138490566	39121.862192307686	39773.357716775594	40568.82487111111	41396.760072562356	42259.19257407407	43174.7761749409	44113.35826570048	45093.655116049384	46118.510914141414	47379.46945478035	48507.55206084655	49690.663086720866	51330.50218333334	52646.6689059829	54032.10756140351	55492.43479279279	57699.43254320988	59347.98775873016	62036.72190849674	63916.62257239059	65914.0170277778	69332.98556630824	71644.08508518517	74114.57077777777	78472.08784126984	81378.46146502056	86641.22067521367	90106.86950222222	96475.74409259259	100670.34166183576	108413.33021212122	113575.86974603176	123062.51467777781	133855.26353801173	141291.66706790117	154707.81975163397	170018.20997916663	181352.75731111108	200840.2786269841	223170.8154102564	248661.72041666665	277627.4804242425	310435.3942333334	347686.99762962974	390615.42427777796	433309.42520634946	492577.5312222218	554074.5355333327	646223.726555555	767525.1155925919	1062911.4703333324	2286161.024555553
827782.0	22471.69548222222	22698.68230527497	22930.301512471655	23166.696373424973	23095.47137962963	23338.581604678362	23586.864387706857	23840.486585424136	24099.622309178743	24364.45332356532	24635.16947160494	24911.969128589266	24865.355025252524	25151.163703703704	25443.619095607235	25742.95579084967	26049.41955026455	26363.26797858099	26684.771246612465	26666.13075994513	26999.457394444446	27341.222677918428	27691.75117378917	28051.38430591631	28420.481467836253	28436.425041481485	28820.701055555557	29215.505179604264	29621.276084876547	30038.477156494526	30467.598258730162	30536.10487600644	30985.165241830065	31447.6303946932	31924.10964309765	32415.249791452992	32552.691369791668	33069.40075661376	33602.778188172044	34153.643404371585	34722.87079444445	34961.95451412429	35564.74683333333	36188.689760233916	36834.91636309523	37201.41495151515	37890.33004320987	38605.2419308176	39347.65042948718	40119.172986928104	40686.736679999995	41517.07824489796	42382.017374999996	43283.76242553191	44096.548772946866	45076.47207901235	46100.93735353536	47191.0344237726	48314.63048148147	49493.03610298102	50730.36200555556	52238.90221937321	53613.61017251461	55062.62666366366	57033.89131481482	58663.43106666667	60388.82609803922	62944.83550168351	64911.86161111112	68040.27564157706	70308.28482962961	72732.70844444443	76761.51973412698	79604.53898353908	84508.40229059829	87888.73838222222	93861.32239814814	97942.2494589372	105246.26628282829	110257.99324867726	119254.66323333335	129539.48913450296	136736.12741975303	149602.94160130716	164377.05848611108	175335.52905185183	194306.52569047618	216289.5308290598	241768.38336111107	271267.33136363636	305390.22846666677	344928.2158148149	391147.87233333354	441666.7763968257	505527.66274074034	573089.9173777772	668980.6242777772	800511.572666666	1071045.3774444435	2286161.024555553
901152.0	22788.220589999997	23018.404636363633	23253.286316326532	23493.010917525775	23737.72978125	23654.416297076023	23906.05902364066	24163.113421744325	24425.755958937196	24694.170859584858	24968.550535802467	25249.0960474407	25195.059686868688	25484.658074074076	25780.991307493543	26084.2970875817	26394.824433862435	26712.834366800536	27038.600639566397	27014.212866941012	27351.890527777778	27698.11699015471	28053.221054131045	28417.5486002886	28791.46371345029	28799.421220740744	29188.602588588587	29588.446459665145	29999.39710493827	30421.92382472614	30856.52273650794	30909.157653784223	31363.704089869287	31831.819076285243	32314.119365319875	32811.25966324787	32921.738069444444	33444.305340388004	33983.72962007168	34540.8399417122	35116.52060740741	35311.394028248586	35920.21116666667	36550.39030994152	37203.07585119047	37879.495412121214	38199.172524691356	38919.911628930815	39668.37146794872	40446.18267320262	40921.55644666666	41756.69025170068	42626.621298611106	43533.57068794326	44224.7137826087	45207.4852	46234.92804545455	47173.05217571059	48296.22008465608	49474.176672086716	50711.03108888889	52031.14051851851	53400.38105847952	54843.63460060059	56592.144070987655	58209.062473015874	59921.09372222223	62218.790525252545	64163.12772916668	67005.79263082436	69239.31905185184	71626.88177777777	75330.30517460317	78120.31647736624	82666.25202136752	85972.90210222222	91550.76914814815	95531.2373719807	102394.16988888891	107270.08274074075	115770.89291111114	125531.22445614038	132505.18137037032	144779.42903267973	158953.12545138886	169550.00048148146	187859.4954126984	209253.1815128205	234313.65839814814	263747.3273030303	298394.06450000004	339322.47607407416	388044.2427916669	446417.627746032	505527.66274074034	591093.0374666661	668980.6242777772	831669.3928518512	1071045.3774444435	2267355.094888887
981025.0	23137.24876888889	23370.958352413018	23609.43751927438	23852.83378235968	24101.300800925925	24354.998704093567	24242.787861702127	24503.463	24769.804989130433	25042.000648351644	25320.2451	25604.74223595506	25895.705215909093	25829.535037037036	26129.87846770026	26437.28880261438	26752.01843121693	27074.331906291834	27404.506685636854	27372.41052400549	27714.565655555558	28065.382942334745	28425.19554415954	28794.35392784993	29173.22700584795	29562.20336592593	29569.61138138138	29974.674550989344	30390.98947530864	30819.03158059468	31259.30346031746	31303.71871819646	31764.06752287582	32238.15808291874	32726.615023569033	33230.10140854701	33749.32174305555	33852.886954144626	34398.90125985663	34962.81767395264	35545.53130185186	36147.99793408663	36327.4351111111	36964.758534113054	37624.8435079365	38308.93157171716	38580.96754938271	39308.91033333333	40064.85091666666	40850.43622875817	41255.10632666667	42097.047272108844	42974.06909027778	43888.4109858156	44479.95265942029	45468.39605185186	46501.768689393946	47583.20517054263	48436.591285714276	49617.9715609756	50858.42085	52011.313937321924	53380.03272514619	54822.73631231231	56367.068895061726	57977.55657777778	59682.77883006536	61736.884441077455	63666.16207986112	66232.90604301075	68440.66957777776	70800.69266666667	74184.98469841268	76932.57672427982	81124.94403418803	84369.94179555555	89555.10635648148	93448.80663285025	99873.56634343436	104629.45045502647	112633.58687777781	118561.67039766086	128634.32545679007	140299.60380392155	153828.14334722218	164083.35290370366	181660.71480158728	202310.2258290598	226690.94663888888	255614.90007070708	290122.0600333334	331548.9605555556	388044.2427916669	447026.1398095241	515277.90579629585	591093.0374666661	692593.169416666	831669.3928518512	1103997.4684444435	2267355.094888887
1067978.0	23550.69977111111	23788.58562738496	24031.326297052157	24279.07192898053	24531.97892824074	24790.21028538012	24614.09443498818	24878.76211708483	25149.183444444447	25425.548097680097	25708.05418765432	25996.908729088642	26292.32814646465	26193.357	26497.930918604652	26809.67128235294	27128.834035714288	27455.687457831325	27790.512914634146	28133.605666666666	28089.61935277778	28445.184154711675	28809.866002848998	29184.020106782107	29568.020371345025	29962.260642962963	29961.6926006006	30372.12674581431	30793.961839506173	31227.67961189359	31673.789320634925	32132.829745571664	32178.69473856209	32658.973764510778	33153.8067003367	33663.86526495727	34189.86315972222	34285.0252627866	34838.00954121864	35409.124451730415	35999.276525925925	36609.43375517891	36771.23927777778	37416.34873879142	38084.4978234127	38776.943238383836	39018.356230452664	39754.55163102725	40519.062239316234	41313.553655773416	41667.44495333333	42517.80097278912	43403.588493055555	44327.069099290784	44842.506876811596	45839.00702962963	46880.8026439394	47971.053868217045	48716.138626984124	49904.3371300813	51151.94555833333	52162.48292307691	53535.17984210525	54982.07659459459	56345.59009876543	57955.464101587306	59660.0365751634	61491.3478855219	63412.95250694445	65458.53162007168	67910.57288518517	70252.31677777777	73329.28883333332	76045.18841975307	79891.52198290598	83087.18286222221	87885.35603703704	91706.45847342996	97696.47966161618	102348.692978836	109860.92297777781	115643.07681871348	125148.42986419749	136201.05048366013	149068.32904166664	159006.2176444444	175803.59239682538	195634.61594017092	219169.41131481482	247299.21451515154	281176.39007777785	322357.84448148153	381737.7855833335	443479.1346190479	520820.56570370327	606633.1952888883	716362.3967222216	861631.6354074067	1151287.673388888	2207636.80622222
1162638.0	24090.066259999996	24333.40026262626	24581.70026530612	24835.119855670102	25093.819020833333	25357.964484210523	25627.730063829786	25323.33308721625	25598.586707729468	25879.88985836386	26167.444190123457	26461.460416978778	26762.158830808083	27069.769851851855	26903.777638242897	27220.29266928105	27544.343772486776	27876.203336010713	28216.157035230353	28564.504652949247	28485.2757375	28845.84884810127	29215.667423076917	29595.091675324675	29984.500776315785	30384.294120000002	30367.156057057055	30783.144496194825	31210.688169753084	31650.275327073556	32102.42211746032	32567.674611916267	32605.37135947713	33092.01869320067	33593.41291582493	34110.23465299146	34643.20706944445	34732.55940035273	35292.76197132617	35871.33183970856	36469.18737037037	37087.309190207154	37240.63088888889	37893.97529044834	38570.65342063492	39271.93802828283	39999.19613991769	40240.22411530398	41014.07457905983	41818.272119825706	42654.63756222222	42999.821151927434	43895.65075925925	44829.60077541371	45804.157314009666	46297.16105925926	47349.36926515152	48450.5173875969	49113.22181746031	50311.105276422764	51568.88290833333	52463.5339059829	53844.15321929824	55299.4006036036	56509.3565	58123.909542857145	59833.43629411765	61467.916471380486	63388.78886111112	65433.5885017921	67640.48267407405	69972.9131111111	72761.32809126982	75456.19209465019	78970.00335897435	82128.80349333333	86549.1488148148	90312.15528502416	95874.93385858588	100440.40689947091	107466.12762777781	113122.23960818717	122067.69219753082	132510.10220915033	144713.61613888887	154361.19054814812	170363.8046190476	189326.94565811966	211937.50060185185	239093.90325252528	272029.13596666674	312418.2111975309	372992.5806250002	436271.75495238125	521530.49644444406	618333.4869555549	738866.2968333326	891974.165703703	1151287.673388888	2207636.80622222
1265689.0	24870.180663333333	25121.39460942761	25377.7353707483	25639.361508591068	25906.43819097222	26179.13754035088	26457.6390035461	25903.29705376344	26184.85463043478	26472.60028571428	26766.740288888886	27067.49017977528	27375.075295454546	27689.731333333333	27384.534617571062	27706.7056130719	28036.54734656085	28374.33707362785	28720.365574525746	29074.937989026064	29438.374713888894	29287.65666947961	29663.139447293444	30048.37502453103	30443.74838011696	30849.66502518519	31266.55239039039	31216.740534246575	31650.306375	32096.085338028173	32554.600842857148	33026.406652173915	33512.08910294118	33539.84400331675	34048.023457912466	34571.83920341881	35112.02419097222	35669.35790828924	35760.729878136204	36346.97135154827	36952.75420740741	37579.07207532957	37726.74555555555	38388.61828460038	39074.12932539682	39784.56804040403	40521.31930041152	40753.897953878404	41537.62676068376	42352.09003050109	43199.13183111111	43525.14036961451	44431.91412731481	45377.274002364065	46363.736480676336	46822.02747654321	47886.16446464647	48999.79619638242	49604.10113492063	50813.9572601626	52084.30619166667	53419.80122222222	54283.034640350874	55750.143684684685	57298.75878703704	58459.36635238096	60178.75948039216	61646.57072727274	63573.02606250001	65623.76883870967	67614.70811851851	69946.24977777778	72471.94572222221	75156.09186008229	78358.35332905981	81492.68746222221	85550.83697222223	89270.43857971016	94417.25325252526	98913.31293121693	105462.42724444448	111013.08130994155	119406.8084753086	129248.14467973856	137326.1537222222	150178.115837037	165386.98987301585	183468.71266666666	205104.19112962962	231204.54611111112	263003.29357777786	302254.5955185186	362652.5750416668	426277.2350000002	517392.32372222183	624984.6788444438	758291.4941111105	923457.5592222215	1200767.358999999	2153773.4113333314
1377873.0	26104.60552222222	26368.28840628507	26637.352573696146	26911.9644558992	27192.29741898148	27478.53212865497	27770.85693853428	28069.468303464757	27032.805068840582	27329.868860805862	27633.53407037037	27944.023217228467	28261.56893560606	28586.41455555556	28918.814724806205	28341.25442352941	28678.650309523808	29024.17621686747	29378.129585365852	29740.822543209873	30112.582825	29811.01236849508	30193.20483475783	30585.32437806638	30987.762856725145	31400.933028148153	31825.269960960963	31694.861327245057	32135.067734567903	32587.67432237872	33053.212526984134	33532.2445925926	34025.36583660131	34012.269537313434	34527.60695454547	35058.80090769231	35606.594671875	36171.77871428571	36244.67013261649	36838.845052823315	37452.8258037037	38087.619461393595	38744.30255555555	38897.63600779727	39592.236650793646	40312.0954989899	41058.615786008224	41285.87249475891	42079.83158119657	42904.926318082784	43763.02484444444	44080.74676643991	44999.09565740741	45956.523224586286	46955.57807729469	47394.04173580248	48471.17904797981	49598.41577002584	50166.458010582006	51390.030157181565	52674.78091111111	54025.416319088305	54825.58546491228	56307.358045045046	57871.45132407408	58935.86618095239	60669.27400980393	62002.358252525264	63939.93194791667	66002.51039784946	67811.22779999998	70149.54599999999	72444.33012698412	75127.45346502056	78016.9709059829	81168.57920888888	84550.60334259259	88579.00811111112	93328.1857878788	97772.38511111113	103858.9785777778	109325.24060818716	117180.47471604934	126430.7383856209	134332.6595347222	146481.23063703702	160905.1241111111	178109.066017094	198757.77205555554	223750.02668686872	254325.0007222223	292225.88175308646	351470.4875972224	414460.085761905	508983.7141111107	625836.5957333327	772916.8586944437	955149.8622962955	1247504.0892777767	2153773.4113333314
1500000.0	32100.513249999996	28499.834558922557	28790.64919727891	29087.460013745706	29390.454388888887	29699.827592982456	30015.783205673757	30338.533562724017	28374.571219806763	28686.379694749696	29005.11724691358	29331.01744069913	29664.32445707071	30005.293703703705	30354.192467700264	29259.036074509808	29607.357932539686	29964.073088353416	30329.48861382114	30703.92674485597	31087.72582916667	31481.241345991566	30884.700333333327	31285.80033766234	31697.455605263152	32120.088346666667	32554.143594594592	33000.090767123285	32709.305237654324	33169.99967762129	33643.85681587302	34131.4489436393	34633.38201633988	34533.20711774461	35056.43752861954	35595.76733675214	36151.95120138889	36725.79169664903	36755.194500000005	37357.73867213115	37980.36765	38624.10269491525	39290.0355	39424.02716179337	40128.02764682539	40857.62814949494	41614.25089300411	41833.306649895174	42637.79331623932	43473.828479302836	44343.30504888889	45248.27045804989	45586.48421296296	46556.40940898345	47568.505265700485	47999.03536790124	49089.922535353544	50231.54864082686	51427.53789417989	52017.850685636855	53318.29695277778	54685.43277207977	55447.13780116958	56945.709093093086	58527.53434567901	59524.92136190477	61275.65434313726	63132.492353535374	64461.10363541668	66540.49407526881	68202.59407777777	70554.40766666667	72654.88692857142	75345.80866666665	78243.72438461537	81137.64974222222	84518.38514814814	88226.71653140096	92605.32666161617	97015.10412169313	102661.0043666667	108064.21512280706	115398.86508641971	124073.44381699346	131828.03405555553	143288.17017037034	156944.17568253967	173282.44135042734	192951.48818518518	216826.66042424244	246125.02935555563	282583.3341358025	340036.4199583335	401680.5572539685	497323.4408333329	620870.788466666	781230.8485555549	985155.0624444436	1292447.45311111	2125822.940666665
