years	0.0	0.01	0.02	0.03	0.04	0.05	0.06	0.07	0.08	0.09	0.1	0.11	0.12	0.13	0.14	0.15	0.16	0.17	0.18	0.19	0.2	0.21	0.22	0.23	0.24	0.25	0.26	0.27	0.28	0.29	0.3	0.31	0.32	0.33	0.34	0.35	0.36	0.37	0.38	0.39	0.4	0.41	0.42	0.43	0.44	0.45	0.46	0.47	0.48	0.49	0.5	0.51	0.52	0.53	0.54	0.55	0.56	0.57	0.58	0.59	0.6	0.61	0.62	0.63	0.64	0.65	0.66	0.67	0.68	0.69	0.7	0.71	0.72	0.73	0.74	0.75	0.76	0.77	0.78	0.79	0.8	0.81	0.82	0.83	0.84	0.85	0.86	0.87	0.88	0.89	0.9	0.91	0.92	0.93	0.94	0.95	0.96	0.97	0.98	0.99
10000.0	6790.387480555555	6858.977253086419	6928.966816893424	7000.399464490263	7073.32029224537	7147.776295321637	7223.816468676123	7301.491914575867	7380.855957125603	7461.964264346763	7544.874978395062	7629.648854556804	7716.349409722222	7805.04308109834	7895.799395994832	7988.691153594771	8083.794619708995	8181.189735609104	8280.960342140921	8383.194420438957	8487.984350694443	8595.427190576653	8705.624975071223	8818.68503968254	8934.720369152046	9053.849974074074	9176.199298048046	9301.90065829528	9431.093722993826	9563.926028951486	9700.553543650794	9841.141276167473	9985.863941993464	10134.906687396351	10288.465879629632	10446.74997008547	10609.980438368055	10778.39282627866	10952.2378718638	11131.782755009106	11317.312467592594	11509.131322975516	11707.564621647509	11912.960492202727	12125.69192956349	12346.159055555554	12574.791630658434	12812.051850104821	13058.437462606837	13314.485255991283	13580.77496111111	13857.933633786848	14146.64058449074	14447.632937352246	14761.711914251207	15089.749956790125	15432.698819444446	15791.598791989662	16167.589239417986	16561.920684281842	16975.968701388887	17411.249950142446	17869.440738304093	18352.398596096093	18862.187445987653	19401.10708730159	19971.72788398693	20576.931759259263	21219.960876736113	21904.475743727595	22634.624935185184	23415.129243295018	24251.38385912698	25149.583261316868	26116.874925213673	27161.54992222222	28293.28116898148	29523.423828502415	30865.39763888889	32335.178478835984	33951.93740277778	35738.88147660819	37724.3748919753	39943.45576797384	42439.92175347221	45269.24987037037	48502.76771825396	52233.749850427346	56586.56233796296	61730.79527777778	67903.87480555556	75448.74978395064	84879.8435069445	97005.53543650801	113173.12467592582	135807.74961111098	169759.68701388873	226346.24935185164	339519.37402777746	679038.7480555549
10886.0	6790.387480555555	6858.977253086419	6928.966816893424	7000.399464490263	7073.32029224537	7147.776295321637	7223.816468676123	7301.491914575867	7380.855957125603	7461.964264346763	7544.874978395062	7629.648854556804	7716.349409722222	7805.04308109834	7895.799395994832	7988.691153594771	8083.794619708995	8181.189735609104	8280.960342140921	8383.194420438957	8487.984350694443	8595.427190576653	8705.624975071223	8818.68503968254	8934.720369152046	9053.849974074074	9176.199298048046	9301.90065829528	9431.093722993826	9563.926028951486	9700.553543650794	9841.141276167473	9985.863941993464	10134.906687396351	10288.465879629632	10446.74997008547	10609.980438368055	10778.39282627866	10952.2378718638	11131.782755009106	11317.312467592594	11509.131322975516	11707.564621647509	11912.960492202727	12125.69192956349	12346.159055555554	12574.791630658434	12812.051850104821	13058.437462606837	13314.485255991283	13580.77496111111	13857.933633786848	14146.64058449074	14447.632937352246	14761.711914251207	15089.749956790125	15432.698819444446	15791.598791989662	16167.589239417986	16561.920684281842	16975.968701388887	17411.249950142446	17869.440738304093	18352.398596096093	18862.187445987653	19401.10708730159	19971.72788398693	20576.931759259263	21219.960876736113	21904.475743727595	22634.624935185184	23415.129243295018	24251.38385912698	25149.583261316868	26116.874925213673	27161.54992222222	28293.28116898148	29523.423828502415	30865.39763888889	32335.178478835984	33951.93740277778	35738.88147660819	37724.3748919753	39943.45576797384	42439.92175347221	45269.24987037037	48502.76771825396	52233.749850427346	56586.56233796296	61730.79527777778	67903.87480555556	75448.74978395064	84879.8435069445	97005.53543650801	113173.12467592582	135807.74961111098	169759.68701388873	226346.24935185164	339519.37402777746	679038.7480555549
11851.0	6790.387480555555	6858.977253086419	6928.966816893424	7000.399464490263	7073.32029224537	7147.776295321637	7223.816468676123	7301.491914575867	7380.855957125603	7461.964264346763	7544.874978395062	7629.648854556804	7716.349409722222	7805.04308109834	7895.799395994832	7988.691153594771	8083.794619708995	8181.189735609104	8280.960342140921	8383.194420438957	8487.984350694443	8595.427190576653	8705.624975071223	8818.68503968254	8934.720369152046	9053.849974074074	9176.199298048046	9301.90065829528	9431.093722993826	9563.926028951486	9700.553543650794	9841.141276167473	9985.863941993464	10134.906687396351	10288.465879629632	10446.74997008547	10609.980438368055	10778.39282627866	10952.2378718638	11131.782755009106	11317.312467592594	11509.131322975516	11707.564621647509	11912.960492202727	12125.69192956349	12346.159055555554	12574.791630658434	12812.051850104821	13058.437462606837	13314.485255991283	13580.77496111111	13857.933633786848	14146.64058449074	14447.632937352246	14761.711914251207	15089.749956790125	15432.698819444446	15791.598791989662	16167.589239417986	16561.920684281842	16975.968701388887	17411.249950142446	17869.440738304093	18352.398596096093	18862.187445987653	19401.10708730159	19971.72788398693	20576.931759259263	21219.960876736113	21904.475743727595	22634.624935185184	23415.129243295018	24251.38385912698	25149.583261316868	26116.874925213673	27161.54992222222	28293.28116898148	29523.423828502415	30865.39763888889	32335.178478835984	33951.93740277778	35738.88147660819	37724.3748919753	39943.45576797384	42439.92175347221	45269.24987037037	48502.76771825396	52233.749850427346	56586.56233796296	61730.79527777778	67903.87480555556	75448.74978395064	84879.8435069445	97005.53543650801	113173.12467592582	135807.74961111098	169759.68701388873	226346.24935185164	339519.37402777746	679038.7480555549
12902.0	6790.387480555555	6858.977253086419	6928.966816893424	7000.399464490263	7073.32029224537	7147.776295321637	7223.816468676123	7301.491914575867	7380.855957125603	7461.964264346763	7544.874978395062	7629.648854556804	7716.349409722222	7805.04308109834	7895.799395994832	7988.691153594771	8083.794619708995	8181.189735609104	8280.960342140921	8383.194420438957	8487.984350694443	8595.427190576653	8705.624975071223	8818.68503968254	8934.720369152046	9053.849974074074	9176.199298048046	9301.90065829528	9431.093722993826	9563.926028951486	9700.553543650794	9841.141276167473	9985.863941993464	10134.906687396351	10288.465879629632	10446.74997008547	10609.980438368055	10778.39282627866	10952.2378718638	11131.782755009106	11317.312467592594	11509.131322975516	11707.564621647509	11912.960492202727	12125.69192956349	12346.159055555554	12574.791630658434	12812.051850104821	13058.437462606837	13314.485255991283	13580.77496111111	13857.933633786848	14146.64058449074	14447.632937352246	14761.711914251207	15089.749956790125	15432.698819444446	15791.598791989662	16167.589239417986	16561.920684281842	16975.968701388887	17411.249950142446	17869.440738304093	18352.398596096093	18862.187445987653	19401.10708730159	19971.72788398693	20576.931759259263	21219.960876736113	21904.475743727595	22634.624935185184	23415.129243295018	24251.38385912698	25149.583261316868	26116.874925213673	27161.54992222222	28293.28116898148	29523.423828502415	30865.39763888889	32335.178478835984	33951.93740277778	35738.88147660819	37724.3748919753	39943.45576797384	42439.92175347221	45269.24987037037	48502.76771825396	52233.749850427346	56586.56233796296	61730.79527777778	67903.87480555556	75448.74978395064	84879.8435069445	97005.53543650801	113173.12467592582	135807.74961111098	169759.68701388873	226346.24935185164	339519.37402777746	679038.7480555549
14046.0	6790.387480555555	6858.977253086419	6928.966816893424	7000.399464490263	7073.32029224537	7147.776295321637	7223.816468676123	7301.491914575867	7380.855957125603	7461.964264346763	7544.874978395062	7629.648854556804	7716.349409722222	7805.04308109834	7895.799395994832	7988.691153594771	8083.794619708995	8181.189735609104	8280.960342140921	8383.194420438957	8487.984350694443	8595.427190576653	8705.624975071223	8818.68503968254	8934.720369152046	9053.849974074074	9176.199298048046	9301.90065829528	9431.093722993826	9563.926028951486	9700.553543650794	9841.141276167473	9985.863941993464	10134.906687396351	10288.465879629632	10446.74997008547	10609.980438368055	10778.39282627866	10952.2378718638	11131.782755009106	11317.312467592594	11509.131322975516	11707.564621647509	11912.960492202727	12125.69192956349	12346.159055555554	12574.791630658434	12812.051850104821	13058.437462606837	13314.485255991283	13580.77496111111	13857.933633786848	14146.64058449074	14447.632937352246	14761.711914251207	15089.749956790125	15432.698819444446	15791.598791989662	16167.589239417986	16561.920684281842	16975.968701388887	17411.249950142446	17869.440738304093	18352.398596096093	18862.187445987653	19401.10708730159	19971.72788398693	20576.931759259263	21219.960876736113	21904.475743727595	22634.624935185184	23415.129243295018	24251.38385912698	25149.583261316868	26116.874925213673	27161.54992222222	28293.28116898148	29523.423828502415	30865.39763888889	32335.178478835984	33951.93740277778	35738.88147660819	37724.3748919753	39943.45576797384	42439.92175347221	45269.24987037037	48502.76771825396	52233.749850427346	56586.56233796296	61730.79527777778	67903.87480555556	75448.74978395064	84879.8435069445	97005.53543650801	113173.12467592582	135807.74961111098	169759.68701388873	226346.24935185164	339519.37402777746	679038.7480555549
15291.0	49970.279651111116	50475.02995061729	50990.08127664399	51515.75221764033	7073.32029224537	7147.776295321637	7223.816468676123	7301.491914575867	7380.855957125603	7461.964264346763	7544.874978395062	7629.648854556804	7716.349409722222	7805.04308109834	7895.799395994832	7988.691153594771	8083.794619708995	8181.189735609104	8280.960342140921	8383.194420438957	8487.984350694443	8595.427190576653	8705.624975071223	8818.68503968254	8934.720369152046	9053.849974074074	9176.199298048046	9301.90065829528	9431.093722993826	9563.926028951486	9700.553543650794	9841.141276167473	9985.863941993464	10134.906687396351	10288.465879629632	10446.74997008547	10609.980438368055	10778.39282627866	10952.2378718638	11131.782755009106	11317.312467592594	11509.131322975516	11707.564621647509	11912.960492202727	12125.69192956349	12346.159055555554	12574.791630658434	12812.051850104821	13058.437462606837	13314.485255991283	13580.77496111111	13857.933633786848	14146.64058449074	14447.632937352246	14761.711914251207	15089.749956790125	15432.698819444446	15791.598791989662	16167.589239417986	16561.920684281842	16975.968701388887	17411.249950142446	17869.440738304093	18352.398596096093	18862.187445987653	19401.10708730159	19971.72788398693	20576.931759259263	21219.960876736113	21904.475743727595	22634.624935185184	23415.129243295018	24251.38385912698	25149.583261316868	26116.874925213673	27161.54992222222	28293.28116898148	29523.423828502415	30865.39763888889	32335.178478835984	33951.93740277778	35738.88147660819	37724.3748919753	39943.45576797384	42439.92175347221	45269.24987037037	48502.76771825396	52233.749850427346	56586.56233796296	61730.79527777778	67903.87480555556	75448.74978395064	84879.8435069445	97005.53543650801	113173.12467592582	135807.74961111098	169759.68701388873	226346.24935185164	339519.37402777746	679038.7480555549
16646.0	49970.279651111116	50475.02995061729	50990.08127664399	51515.75221764033	52052.37463657407	52600.29436959064	53159.871969267144	53731.48349581841	54315.52135990338	54912.39522100122	55522.53294567901	56146.381630461925	7716.349409722222	7805.04308109834	7895.799395994832	7988.691153594771	8083.794619708995	8181.189735609104	8280.960342140921	8383.194420438957	8487.984350694443	8595.427190576653	8705.624975071223	8818.68503968254	8934.720369152046	9053.849974074074	9176.199298048046	9301.90065829528	9431.093722993826	9563.926028951486	9700.553543650794	9841.141276167473	9985.863941993464	10134.906687396351	10288.465879629632	10446.74997008547	10609.980438368055	10778.39282627866	10952.2378718638	11131.782755009106	11317.312467592594	11509.131322975516	11707.564621647509	11912.960492202727	12125.69192956349	12346.159055555554	12574.791630658434	12812.051850104821	13058.437462606837	13314.485255991283	13580.77496111111	13857.933633786848	14146.64058449074	14447.632937352246	14761.711914251207	15089.749956790125	15432.698819444446	15791.598791989662	16167.589239417986	16561.920684281842	16975.968701388887	17411.249950142446	17869.440738304093	18352.398596096093	18862.187445987653	19401.10708730159	19971.72788398693	20576.931759259263	21219.960876736113	21904.475743727595	22634.624935185184	23415.129243295018	24251.38385912698	25149.583261316868	26116.874925213673	27161.54992222222	28293.28116898148	29523.423828502415	30865.39763888889	32335.178478835984	33951.93740277778	35738.88147660819	37724.3748919753	39943.45576797384	42439.92175347221	45269.24987037037	48502.76771825396	52233.749850427346	56586.56233796296	61730.79527777778	67903.87480555556	75448.74978395064	84879.8435069445	97005.53543650801	113173.12467592582	135807.74961111098	169759.68701388873	226346.24935185164	339519.37402777746	679038.7480555549
18122.0	50262.50031333333	50770.202336700335	50990.08127664399	51515.75221764033	52052.37463657407	52600.29436959064	53159.871969267144	53731.48349581841	54315.52135990338	54912.39522100122	55522.53294567901	56146.381630461925	56784.40869444445	57437.10304725416	58104.9763385013	58788.56429542484	59488.428156084665	60205.15620615798	60939.36542818428	8383.194420438957	8487.984350694443	8595.427190576653	8705.624975071223	8818.68503968254	8934.720369152046	9053.849974074074	9176.199298048046	9301.90065829528	9431.093722993826	9563.926028951486	9700.553543650794	9841.141276167473	9985.863941993464	10134.906687396351	10288.465879629632	10446.74997008547	10609.980438368055	10778.39282627866	10952.2378718638	11131.782755009106	11317.312467592594	11509.131322975516	11707.564621647509	11912.960492202727	12125.69192956349	12346.159055555554	12574.791630658434	12812.051850104821	13058.437462606837	13314.485255991283	13580.77496111111	13857.933633786848	14146.64058449074	14447.632937352246	14761.711914251207	15089.749956790125	15432.698819444446	15791.598791989662	16167.589239417986	16561.920684281842	16975.968701388887	17411.249950142446	17869.440738304093	18352.398596096093	18862.187445987653	19401.10708730159	19971.72788398693	20576.931759259263	21219.960876736113	21904.475743727595	22634.624935185184	23415.129243295018	24251.38385912698	25149.583261316868	26116.874925213673	27161.54992222222	28293.28116898148	29523.423828502415	30865.39763888889	32335.178478835984	33951.93740277778	35738.88147660819	37724.3748919753	39943.45576797384	42439.92175347221	45269.24987037037	48502.76771825396	52233.749850427346	56586.56233796296	61730.79527777778	67903.87480555556	75448.74978395064	84879.8435069445	97005.53543650801	113173.12467592582	135807.74961111098	169759.68701388873	226346.24935185164	339519.37402777746	679038.7480555549
19728.0	50262.50031333333	50770.202336700335	51288.26562585034	51817.01063230241	52356.77115972222	52907.895066666664	53470.7450141844	54045.69926164875	54633.15251449275	55233.51682783882	55522.53294567901	56146.381630461925	56784.40869444445	57437.10304725416	58104.9763385013	58788.56429542484	59488.428156084665	60205.15620615798	60939.36542818428	61691.70327297669	62462.84956388889	63253.51854571028	64064.46109116809	64896.46707936509	65750.3679619883	66627.03953481482	9176.199298048046	9301.90065829528	9431.093722993826	9563.926028951486	9700.553543650794	9841.141276167473	9985.863941993464	10134.906687396351	10288.465879629632	10446.74997008547	10609.980438368055	10778.39282627866	10952.2378718638	11131.782755009106	11317.312467592594	11509.131322975516	11707.564621647509	11912.960492202727	12125.69192956349	12346.159055555554	12574.791630658434	12812.051850104821	13058.437462606837	13314.485255991283	13580.77496111111	13857.933633786848	14146.64058449074	14447.632937352246	14761.711914251207	15089.749956790125	15432.698819444446	15791.598791989662	16167.589239417986	16561.920684281842	16975.968701388887	17411.249950142446	17869.440738304093	18352.398596096093	18862.187445987653	19401.10708730159	19971.72788398693	20576.931759259263	21219.960876736113	21904.475743727595	22634.624935185184	23415.129243295018	24251.38385912698	25149.583261316868	26116.874925213673	27161.54992222222	28293.28116898148	29523.423828502415	30865.39763888889	32335.178478835984	33951.93740277778	35738.88147660819	37724.3748919753	39943.45576797384	42439.92175347221	45269.24987037037	48502.76771825396	52233.749850427346	56586.56233796296	61730.79527777778	67903.87480555556	75448.74978395064	84879.8435069445	97005.53543650801	113173.12467592582	135807.74961111098	169759.68701388873	226346.24935185164	339519.37402777746	679038.7480555549
21476.0	50526.744726666664	50770.202336700335	51288.26562585034	51817.01063230241	52356.77115972222	52907.895066666664	53470.7450141844	54045.69926164875	54633.15251449275	55233.51682783882	55847.222570370366	56474.71945318352	57116.47762878788	57772.988865900385	58444.76780620155	59132.35330980392	59836.309896825405	60205.15620615798	60939.36542818428	61691.70327297669	62462.84956388889	63253.51854571028	64064.46109116809	64896.46707936509	65750.3679619883	66627.03953481482	67527.40493393394	68452.4378782344	69403.16618209878	70380.67556494524	71386.1137873016	72420.69514653785	9985.863941993464	10134.906687396351	10288.465879629632	10446.74997008547	10609.980438368055	10778.39282627866	10952.2378718638	11131.782755009106	11317.312467592594	11509.131322975516	11707.564621647509	11912.960492202727	12125.69192956349	12346.159055555554	12574.791630658434	12812.051850104821	13058.437462606837	13314.485255991283	13580.77496111111	13857.933633786848	14146.64058449074	14447.632937352246	14761.711914251207	15089.749956790125	15432.698819444446	15791.598791989662	16167.589239417986	16561.920684281842	16975.968701388887	17411.249950142446	17869.440738304093	18352.398596096093	18862.187445987653	19401.10708730159	19971.72788398693	20576.931759259263	21219.960876736113	21904.475743727595	22634.624935185184	23415.129243295018	24251.38385912698	25149.583261316868	26116.874925213673	27161.54992222222	28293.28116898148	29523.423828502415	30865.39763888889	32335.178478835984	33951.93740277778	35738.88147660819	37724.3748919753	39943.45576797384	42439.92175347221	45269.24987037037	48502.76771825396	52233.749850427346	56586.56233796296	61730.79527777778	67903.87480555556	75448.74978395064	84879.8435069445	97005.53543650801	113173.12467592582	135807.74961111098	169759.68701388873	226346.24935185164	339519.37402777746	679038.7480555549
23380.0	50526.744726666664	51037.11588552188	51557.90278231293	52089.427553264606	52632.025756944444	53186.047080701755	53751.856092198585	54329.83303942653	54920.37470289855	55233.51682783882	55847.222570370366	56474.71945318352	57116.47762878788	57772.988865900385	58444.76780620155	59132.35330980392	59836.309896825405	60557.2292931727	61295.73208943089	62052.46952263374	62828.12539166667	63623.41811814346	64439.10296581195	65275.97443290043	65750.3679619883	66627.03953481482	67527.40493393394	68452.4378782344	69403.16618209878	70380.67556494524	71386.1137873016	72420.69514653785	73485.70536928106	74582.50694195689	75712.54492592595	76877.3533094017	78078.56195486111	79317.90420811289	10952.2378718638	11131.782755009106	11317.312467592594	11509.131322975516	11707.564621647509	11912.960492202727	12125.69192956349	12346.159055555554	12574.791630658434	12812.051850104821	13058.437462606837	13314.485255991283	13580.77496111111	13857.933633786848	14146.64058449074	14447.632937352246	14761.711914251207	15089.749956790125	15432.698819444446	15791.598791989662	16167.589239417986	16561.920684281842	16975.968701388887	17411.249950142446	17869.440738304093	18352.398596096093	18862.187445987653	19401.10708730159	19971.72788398693	20576.931759259263	21219.960876736113	21904.475743727595	22634.624935185184	23415.129243295018	24251.38385912698	25149.583261316868	26116.874925213673	27161.54992222222	28293.28116898148	29523.423828502415	30865.39763888889	32335.178478835984	33951.93740277778	35738.88147660819	37724.3748919753	39943.45576797384	42439.92175347221	45269.24987037037	48502.76771825396	52233.749850427346	56586.56233796296	61730.79527777778	67903.87480555556	75448.74978395064	84879.8435069445	97005.53543650801	113173.12467592582	135807.74961111098	169759.68701388873	226346.24935185164	339519.37402777746	679038.7480555549
25452.0	50085.24454888889	50591.15610998878	51557.90278231293	52089.427553264606	52632.025756944444	53186.047080701755	53751.856092198585	54329.83303942653	54920.37470289855	55523.895304029305	56140.827474074074	56771.62328838951	57416.75537121212	58076.718076628356	58752.028751937985	59443.22909019608	59836.309896825405	60557.2292931727	61295.73208943089	62052.46952263374	62828.12539166667	63623.41811814346	64439.10296581195	65275.97443290043	66134.86883333333	67016.66708444445	67922.29772072072	68852.74015525114	69809.02821296296	70792.25396244132	71386.1137873016	72420.69514653785	73485.70536928106	74582.50694195689	75712.54492592595	76877.3533094017	78078.56195486111	79317.90420811289	80597.2252437276	81918.4912313297	83283.79941851852	84695.38923917137	86155.65457088122	11912.960492202727	12125.69192956349	12346.159055555554	12574.791630658434	12812.051850104821	13058.437462606837	13314.485255991283	13580.77496111111	13857.933633786848	14146.64058449074	14447.632937352246	14761.711914251207	15089.749956790125	15432.698819444446	15791.598791989662	16167.589239417986	16561.920684281842	16975.968701388887	17411.249950142446	17869.440738304093	18352.398596096093	18862.187445987653	19401.10708730159	19971.72788398693	20576.931759259263	21219.960876736113	21904.475743727595	22634.624935185184	23415.129243295018	24251.38385912698	25149.583261316868	26116.874925213673	27161.54992222222	28293.28116898148	29523.423828502415	30865.39763888889	32335.178478835984	33951.93740277778	35738.88147660819	37724.3748919753	39943.45576797384	42439.92175347221	45269.24987037037	48502.76771825396	52233.749850427346	56586.56233796296	61730.79527777778	67903.87480555556	75448.74978395064	84879.8435069445	97005.53543650801	113173.12467592582	135807.74961111098	169759.68701388873	226346.24935185164	339519.37402777746	679038.7480555549
27709.0	50085.24454888889	50591.15610998878	51107.3923968254	51634.272730813296	52172.12973842593	52721.310051461995	53282.175052009465	53855.10166547193	54440.48320531401	55038.730273504276	56140.827474074074	56771.62328838951	57416.75537121212	58076.718076628356	58752.028751937985	59443.22909019608	60150.88657936509	60875.59605622491	61617.98137398374	62378.69719341564	63158.430908333336	63957.904717299585	64777.87785470085	65275.97443290043	66134.86883333333	67016.66708444445	67922.29772072072	68852.74015525114	69809.02821296296	70792.25396244132	71803.57187619047	72844.20335265702	73915.4416372549	75018.6571840796	76155.30350505051	77326.92355897435	78078.56195486111	79317.90420811289	80597.2252437276	81918.4912313297	83283.79941851852	84695.38923917137	86155.65457088122	87667.15728265107	89232.64223412698	90855.05391111111	92537.55490946502	12812.051850104821	13058.437462606837	13314.485255991283	13580.77496111111	13857.933633786848	14146.64058449074	14447.632937352246	14761.711914251207	15089.749956790125	15432.698819444446	15791.598791989662	16167.589239417986	16561.920684281842	16975.968701388887	17411.249950142446	17869.440738304093	18352.398596096093	18862.187445987653	19401.10708730159	19971.72788398693	20576.931759259263	21219.960876736113	21904.475743727595	22634.624935185184	23415.129243295018	24251.38385912698	25149.583261316868	26116.874925213673	27161.54992222222	28293.28116898148	29523.423828502415	30865.39763888889	32335.178478835984	33951.93740277778	35738.88147660819	37724.3748919753	39943.45576797384	42439.92175347221	45269.24987037037	48502.76771825396	52233.749850427346	56586.56233796296	61730.79527777778	67903.87480555556	75448.74978395064	84879.8435069445	97005.53543650801	113173.12467592582	135807.74961111098	169759.68701388873	226346.24935185164	339519.37402777746	679038.7480555549
30165.0	50352.3303	50860.9396969697	51379.92887755102	51909.618865979384	52172.12973842593	52721.310051461995	53282.175052009465	53855.10166547193	54440.48320531401	55038.730273504276	55650.27172098766	56275.55567290887	56915.05062373738	57569.24660791827	58238.65645219639	58923.81711633987	59625.29112962964	60875.59605622491	61617.98137398374	62378.69719341564	63158.430908333336	63957.904717299585	64777.87785470085	65619.148995671	66482.55885087719	67368.9929688889	68279.38476576576	69214.71880365297	70176.0343425926	71164.42919248827	71803.57187619047	72844.20335265702	73915.4416372549	75018.6571840796	76155.30350505051	77326.92355897435	78535.15673958333	79781.74652910054	81068.54889247312	82397.54149726775	83770.83385555555	84695.38923917137	86155.65457088122	87667.15728265107	89232.64223412698	90855.05391111111	92537.55490946502	94283.5465115304	96096.69163675215	97980.94049237472	99940.55930222223	101980.16255328798	14146.64058449074	14447.632937352246	14761.711914251207	15089.749956790125	15432.698819444446	15791.598791989662	16167.589239417986	16561.920684281842	16975.968701388887	17411.249950142446	17869.440738304093	18352.398596096093	18862.187445987653	19401.10708730159	19971.72788398693	20576.931759259263	21219.960876736113	21904.475743727595	22634.624935185184	23415.129243295018	24251.38385912698	25149.583261316868	26116.874925213673	27161.54992222222	28293.28116898148	29523.423828502415	30865.39763888889	32335.178478835984	33951.93740277778	35738.88147660819	37724.3748919753	39943.45576797384	42439.92175347221	45269.24987037037	48502.76771825396	52233.749850427346	56586.56233796296	61730.79527777778	67903.87480555556	75448.74978395064	84879.8435069445	97005.53543650801	113173.12467592582	135807.74961111098	169759.68701388873	226346.24935185164	339519.37402777746	679038.7480555549
32838.0	50352.3303	50860.9396969697	51379.92887755102	51909.618865979384	52450.3440625	53002.45294736842	53566.30882978724	54142.290645161294	54730.79380434783	55332.2310989011	55947.03366666667	56275.55567290887	56915.05062373738	57569.24660791827	58238.65645219639	58923.81711633987	59625.29112962964	60343.66813119144	61079.56652303523	61833.63524554184	62606.55568611112	63399.043732770755	64211.851985754976	65045.77214141415	66482.55885087719	67368.9929688889	68279.38476576576	69214.71880365297	70176.0343425926	71164.42919248827	72181.0638952381	73227.16627053141	74304.0363627451	75413.05183084577	76555.67382828284	77326.92355897435	78535.15673958333	79781.74652910054	81068.54889247312	82397.54149726775	83770.83385555555	85190.67849717512	86659.48329885057	88179.8251111111	89754.46484523808	91386.36420606059	92537.55490946502	94283.5465115304	96096.69163675215	97980.94049237472	99940.55930222223	101980.16255328798	104104.74927314815	106319.74393853429	108631.04271980678	111045.06589135804	15432.698819444446	15791.598791989662	16167.589239417986	16561.920684281842	16975.968701388887	17411.249950142446	17869.440738304093	18352.398596096093	18862.187445987653	19401.10708730159	19971.72788398693	20576.931759259263	21219.960876736113	21904.475743727595	22634.624935185184	23415.129243295018	24251.38385912698	25149.583261316868	26116.874925213673	27161.54992222222	28293.28116898148	29523.423828502415	30865.39763888889	32335.178478835984	33951.93740277778	35738.88147660819	37724.3748919753	39943.45576797384	42439.92175347221	45269.24987037037	48502.76771825396	52233.749850427346	56586.56233796296	61730.79527777778	67903.87480555556	75448.74978395064	84879.8435069445	97005.53543650801	113173.12467592582	135807.74961111098	169759.68701388873	226346.24935185164	339519.37402777746	679038.7480555549
35749.0	52212.778171666665	52740.17997138047	53278.345073129254	53827.60636254296	54388.31059548611	54960.81912807017	53566.30882978724	54142.290645161294	54730.79380434783	55332.2310989011	55947.03366666667	56575.65202247191	57218.55715909091	57876.24172413794	58549.221279069774	59238.03564705883	59943.25035714287	60665.4581927711	61405.280853658536	61833.63524554184	62606.55568611112	63399.043732770755	64211.851985754976	65045.77214141415	65901.63756432748	66780.32606518519	67682.7629039039	68609.92403957383	69562.83965123458	70542.59795618155	72181.0638952381	73227.16627053141	74304.0363627451	75413.05183084577	76555.67382828284	77733.45342564103	78948.03863541667	80201.18210582012	81494.74955913979	82830.7290601093	84211.24121111112	85190.67849717512	86659.48329885057	88179.8251111111	89754.46484523808	91386.36420606059	93078.7042839506	94834.90625157232	96658.65444871795	98553.92218300652	99940.55930222223	101980.16255328798	104104.74927314815	106319.74393853429	108631.04271980678	111045.06589135804	113568.81738888891	116209.95267700258	118976.8563121693	16561.920684281842	16975.968701388887	17411.249950142446	17869.440738304093	18352.398596096093	18862.187445987653	19401.10708730159	19971.72788398693	20576.931759259263	21219.960876736113	21904.475743727595	22634.624935185184	23415.129243295018	24251.38385912698	25149.583261316868	26116.874925213673	27161.54992222222	28293.28116898148	29523.423828502415	30865.39763888889	32335.178478835984	33951.93740277778	35738.88147660819	37724.3748919753	39943.45576797384	42439.92175347221	45269.24987037037	48502.76771825396	52233.749850427346	56586.56233796296	61730.79527777778	67903.87480555556	75448.74978395064	84879.8435069445	97005.53543650801	113173.12467592582	135807.74961111098	169759.68701388873	226346.24935185164	339519.37402777746	679038.7480555549
38918.0	54118.878691666665	54665.53403198653	53278.345073129254	53827.60636254296	54388.31059548611	54960.81912807017	55545.50869326242	56142.77222759857	56753.01975181159	57376.6793095238	58014.197968518514	58666.04288951311	59332.70246780303	60014.68755363985	58549.221279069774	59238.03564705883	59943.25035714287	60665.4581927711	61405.280853658536	62163.37074074074	62940.412875	63737.12696202532	64554.26961538461	65392.636753246756	66253.06618421053	66780.32606518519	67682.7629039039	68609.92403957383	69562.83965123458	70542.59795618155	71550.34935555556	72587.3109404187	73654.77139542485	74754.09634162522	75886.73416498318	77054.22238290598	78948.03863541667	80201.18210582012	81494.74955913979	82830.7290601093	84211.24121111112	85638.55038418078	87115.07711494253	88643.41180116958	90226.32986904762	91866.8085939394	93078.7042839506	94834.90625157232	96658.65444871795	98553.92218300652	100525.00062666666	102576.53125170068	104713.54231944444	106941.4900283688	108631.04271980678	111045.06589135804	113568.81738888891	116209.95267700258	118976.8563121693	121878.73085636857	124925.69912777779	128128.92218233617	131500.7359239766	18352.398596096093	18862.187445987653	19401.10708730159	19971.72788398693	20576.931759259263	21219.960876736113	21904.475743727595	22634.624935185184	23415.129243295018	24251.38385912698	25149.583261316868	26116.874925213673	27161.54992222222	28293.28116898148	29523.423828502415	30865.39763888889	32335.178478835984	33951.93740277778	35738.88147660819	37724.3748919753	39943.45576797384	42439.92175347221	45269.24987037037	48502.76771825396	52233.749850427346	56586.56233796296	61730.79527777778	67903.87480555556	75448.74978395064	84879.8435069445	97005.53543650801	113173.12467592582	135807.74961111098	169759.68701388873	226346.24935185164	339519.37402777746	679038.7480555549
42367.0	54118.878691666665	54665.53403198653	55223.3456037415	55792.65844501719	56373.83197048611	56967.240728070174	57573.27520390072	58192.34267921148	58824.86814311594	59471.295265567765	58014.197968518514	58666.04288951311	59332.70246780303	60014.68755363985	60712.53275775194	61426.79784901961	62158.06925198413	62906.96165261045	63674.11972154471	64460.21996502057	65265.97271458333	63737.12696202532	64554.26961538461	65392.636753246756	66253.06618421053	67136.4404	68043.68959459459	68975.79493150685	69933.79208333333	70918.77507042255	71931.90042857143	72974.39173913044	73654.77139542485	74754.09634162522	75886.73416498318	77054.22238290598	78258.19460763888	79500.38817283952	80782.6524982079	82106.95827686704	83475.40758148149	85638.55038418078	87115.07711494253	88643.41180116958	90226.32986904762	91866.8085939394	93568.04579012345	95333.4806163522	97166.81678205129	99072.04848366012	100525.00062666666	102576.53125170068	104713.54231944444	106941.4900283688	109266.30502898552	111694.44514074075	114232.95525757577	116889.53561240308	118976.8563121693	121878.73085636857	124925.69912777779	128128.92218233617	131500.7359239766	135054.80986786788	138806.33236419756	142772.2275746032	19971.72788398693	20576.931759259263	21219.960876736113	21904.475743727595	22634.624935185184	23415.129243295018	24251.38385912698	25149.583261316868	26116.874925213673	27161.54992222222	28293.28116898148	29523.423828502415	30865.39763888889	32335.178478835984	33951.93740277778	35738.88147660819	37724.3748919753	39943.45576797384	42439.92175347221	45269.24987037037	48502.76771825396	52233.749850427346	56586.56233796296	61730.79527777778	67903.87480555556	75448.74978395064	84879.8435069445	97005.53543650801	113173.12467592582	135807.74961111098	169759.68701388873	226346.24935185164	339519.37402777746	679038.7480555549
46123.0	54778.42422333333	55331.74163973064	55896.35124829932	56472.60229209622	57060.85856597222	57661.49918245614	57573.27520390072	58192.34267921148	58824.86814311594	59471.295265567765	60132.08743518518	60807.7288670412	61498.72578598485	62205.60769157088	62928.92871124031	63669.26904901961	64427.23653769842	62906.96165261045	63674.11972154471	64460.21996502057	65265.97271458333	66092.1242679325	66939.45919444444	67808.80282034632	68701.02391008771	69617.03756222222	70557.80834009008	71524.35365981735	69933.79208333333	70918.77507042255	71931.90042857143	72974.39173913044	74047.54455882353	75152.73179104479	76291.40954545457	77465.12353846154	78675.51609375	79500.38817283952	80782.6524982079	82106.95827686704	83475.40758148149	84890.24499811676	86353.8699118774	87868.85008576998	89437.93669444445	91064.08099797979	93568.04579012345	95333.4806163522	97166.81678205129	99072.04848366012	101053.48945333333	103115.80556462586	105264.05151388889	107503.71218439717	109266.30502898552	111694.44514074075	114232.95525757577	116889.53561240308	119672.61979365078	122591.46417886177	125656.25078333334	128878.2059316239	131500.7359239766	135054.80986786788	138806.33236419756	142772.2275746032	146971.41073856212	151425.0898518519	156157.12390972226	21904.475743727595	22634.624935185184	23415.129243295018	24251.38385912698	25149.583261316868	26116.874925213673	27161.54992222222	28293.28116898148	29523.423828502415	30865.39763888889	32335.178478835984	33951.93740277778	35738.88147660819	37724.3748919753	39943.45576797384	42439.92175347221	45269.24987037037	48502.76771825396	52233.749850427346	56586.56233796296	61730.79527777778	67903.87480555556	75448.74978395064	84879.8435069445	97005.53543650801	113173.12467592582	135807.74961111098	169759.68701388873	226346.24935185164	339519.37402777746	679038.7480555549
50211.0	54340.940167222216	54889.838552749716	55449.93894614512	56472.60229209622	57060.85856597222	57661.49918245614	58274.91938652482	58901.53142293907	59541.765460144925	60196.07057509157	60864.915803703705	61548.791262172286	62248.20934469697	62963.70600383142	62928.92871124031	63669.26904901961	64427.23653769842	65203.46830321287	65998.63255081301	66813.4304835391	67648.59836458333	68504.90973628692	69383.17780982905	70284.25804112555	68701.02391008771	69617.03756222222	70557.80834009008	71524.35365981735	72517.74746064816	73539.12418544601	74589.68310238095	75670.69300241547	76783.4973112745	77929.51965920399	76291.40954545457	77465.12353846154	78675.51609375	79924.33380952381	81213.43596774194	82544.80377049181	83920.55050000001	85342.9327118644	86353.8699118774	87868.85008576998	89437.93669444445	91064.08099797979	92750.45286831274	94500.4614129979	96317.77797863248	98206.36186056645	101053.48945333333	103115.80556462586	105264.05151388889	107503.71218439717	109840.7494057971	112281.65494814816	114833.51074242426	117504.05750387597	119672.61979365078	122591.46417886177	125656.25078333334	128878.2059316239	132269.73766666665	135844.59544144143	139618.05642592593	142772.2275746032	146971.41073856212	151425.0898518519	156157.12390972226	161194.45048745518	166567.59883703705	23415.129243295018	24251.38385912698	25149.583261316868	26116.874925213673	27161.54992222222	28293.28116898148	29523.423828502415	30865.39763888889	32335.178478835984	33951.93740277778	35738.88147660819	37724.3748919753	39943.45576797384	42439.92175347221	45269.24987037037	48502.76771825396	52233.749850427346	56586.56233796296	61730.79527777778	67903.87480555556	75448.74978395064	84879.8435069445	97005.53543650801	113173.12467592582	135807.74961111098	169759.68701388873	226346.24935185164	339519.37402777746	679038.7480555549
54661.0	54340.940167222216	54889.838552749716	55449.93894614512	56021.58780126002	56605.146007523144	57200.989649707604	57809.510816193855	58431.11845937873	59066.239312198064	59715.31886507936	60378.82240802469	61548.791262172286	62248.20934469697	62963.70600383142	63695.84212015504	64445.204968627455	65212.40978968255	65998.1014738956	66802.9563699187	67627.68422633744	68473.03027916666	68504.90973628692	69383.17780982905	70284.25804112555	71209.05091008771	72158.50492222223	73133.6198536036	74135.45026255707	75165.10929398148	76223.77280516432	74589.68310238095	75670.69300241547	76783.4973112745	77929.51965920399	79110.26995707072	80327.35103333333	81582.46589322916	82877.42566931217	84214.15834139785	82544.80377049181	83920.55050000001	85342.9327118644	86814.36258620689	88337.42157894737	89914.87553571428	91549.69145454545	93245.0561111111	94500.4614129979	96317.77797863248	98206.36186056645	100170.48909777778	102214.7847936508	104344.25947685186	106564.35010401893	109840.7494057971	112281.65494814816	114833.51074242426	117504.05750387597	120301.77315873015	123235.96274796748	126316.86181666667	128878.2059316239	132269.73766666665	135844.59544144143	139618.05642592593	143607.14375238094	147830.8832745098	152310.60701010103	156157.12390972226	161194.45048745518	166567.59883703705	172311.30914176244	178465.28446825396	185075.10981893004	26116.874925213673	27161.54992222222	28293.28116898148	29523.423828502415	30865.39763888889	32335.178478835984	33951.93740277778	35738.88147660819	37724.3748919753	39943.45576797384	42439.92175347221	45269.24987037037	48502.76771825396	52233.749850427346	56586.56233796296	61730.79527777778	67903.87480555556	75448.74978395064	84879.8435069445	97005.53543650801	113173.12467592582	135807.74961111098	169759.68701388873	226346.24935185164	339519.37402777746	679038.7480555549
59506.0	53691.88572888888	54234.22800897867	54787.63849886621	55352.45951431844	55929.04763425925	56517.774451461984	57119.027371158394	57733.21046117085	59066.239312198064	59715.31886507936	60378.82240802469	61057.23614294632	61751.06837184343	62460.85076692209	63187.13972932816	63930.51784379085	64691.595437169315	65471.012249665335	66802.9563699187	67627.68422633744	68473.03027916666	69339.7774978903	70228.74900427349	71140.81067965367	72076.87397807017	73037.89896444445	74024.89759909909	74135.45026255707	75165.10929398148	76223.77280516432	77312.6838452381	78433.1575241546	79586.58631127451	80774.44580845772	81998.30104797982	83259.81337179487	81582.46589322916	82877.42566931217	84214.15834139785	85594.71831420765	87021.29695277779	88496.23418926552	90022.03133045977	91601.36521345028	89914.87553571428	91549.69145454545	93245.0561111111	95004.39679245283	96831.40442307692	98730.0594117647	100704.6606	102214.7847936508	104344.25947685186	106564.35010401893	108880.96641062804	111300.54344197533	113830.10124747477	116477.31290439276	120301.77315873015	123235.96274796748	126316.86181666667	129555.7557094017	132965.11770175438	136558.76953153152	140352.0686851852	143607.14375238094	147830.8832745098	152310.60701010103	157070.31347916668	162137.0977849462	166567.59883703705	172311.30914176244	178465.28446825396	185075.10981893004	192193.3832735043	199881.11860444446	28293.28116898148	29523.423828502415	30865.39763888889	32335.178478835984	33951.93740277778	35738.88147660819	37724.3748919753	39943.45576797384	42439.92175347221	45269.24987037037	48502.76771825396	52233.749850427346	56586.56233796296	61730.79527777778	67903.87480555556	75448.74978395064	84879.8435069445	97005.53543650801	113173.12467592582	135807.74961111098	169759.68701388873	226346.24935185164	339519.37402777746	679038.7480555549
64781.0	53478.53951055555	54018.72677833894	54569.9382760771	55132.514959335625	55706.81199016204	56517.774451461984	57119.027371158394	57733.21046117085	58360.74535748792	59002.07222954823	59657.65080987654	60327.96149313358	61013.506510101004	61714.81118263091	62432.42526614987	63930.51784379085	64691.595437169315	65471.012249665335	66269.43922831978	67087.58045336076	67926.17520902777	68786.0002116737	69667.87200925924	70572.64956782106	71501.2370621345	73037.89896444445	74024.89759909909	75038.93729223745	76081.14475462963	77152.71017370893	78254.89174761905	79389.02061352658	80556.50621078431	80774.44580845772	81998.30104797982	83259.81337179487	84560.74795572917	85902.98205026456	87288.51401881721	88719.47326502732	90198.13115277779	88496.23418926552	90022.03133045977	91601.36521345028	93237.10387797619	94932.32394848485	96690.32994753084	98514.67579559748	100409.18879166666	98730.0594117647	100704.6606	102759.85775510204	104900.688125	107132.61765957448	109461.58760869567	111300.54344197533	113830.10124747477	116477.31290439276	119250.58225925926	122159.13304607046	125213.11137222224	128423.70397150995	132965.11770175438	136558.76953153152	140352.0686851852	144362.1277904762	148608.0727254902	152310.60701010103	157070.31347916668	162137.0977849462	167541.66771111108	173318.96659770113	179508.92969047616	185075.10981893004	192193.3832735043	199881.11860444446	208209.4985462963	217262.08543961355	30865.39763888889	32335.178478835984	33951.93740277778	35738.88147660819	37724.3748919753	39943.45576797384	42439.92175347221	45269.24987037037	48502.76771825396	52233.749850427346	56586.56233796296	61730.79527777778	67903.87480555556	75448.74978395064	84879.8435069445	97005.53543650801	113173.12467592582	135807.74961111098	169759.68701388873	226346.24935185164	339519.37402777746	679038.7480555549
70522.0	53669.34627055556	54211.46087934905	54764.639051587306	55132.514959335625	55706.81199016204	56293.19948479532	56892.06330910166	57503.805925328554	58128.84729408212	58767.62583577533	59420.59945617284	60088.24664107366	60771.06762563131	61714.81118263091	62432.42526614987	63166.924386928105	63918.91158201059	64689.01895046855	65477.90942547425	66286.2786776406	67114.85716111111	67964.41231504922	69667.87200925924	70572.64956782106	71501.2370621345	72454.58688962963	73433.70292867867	74439.64406468798	75473.52801003086	76536.53544679187	77629.91452460317	79389.02061352658	80556.50621078431	81758.8421243781	82997.61245959598	84274.4988051282	85591.28784895832	86949.87971957673	88352.29713440861	88719.47326502732	90198.13115277779	91726.91303672316	93308.41153735631	94945.40121345028	96640.85480654762	98397.96125757575	96690.32994753084	98514.67579559748	100409.18879166666	102377.99641503267	104425.55634333333	106556.69014625851	108776.62119097222	107132.61765957448	109461.58760869567	111894.06733333335	114437.11431818183	117098.44255813953	119886.5007142857	122159.13304607046	125213.11137222224	128423.70397150995	131803.27512865496	135365.5258078078	139125.67930246916	144362.1277904762	148608.0727254902	153111.3476565657	157896.07727083337	162989.49911827955	167541.66771111108	173318.96659770113	179508.92969047616	186157.4085679012	193317.3088974359	199881.11860444446	208209.4985462963	217262.08543961355	227137.63477777783	237953.7126243387	33951.93740277778	35738.88147660819	37724.3748919753	39943.45576797384	42439.92175347221	45269.24987037037	48502.76771825396	52233.749850427346	56586.56233796296	61730.79527777778	67903.87480555556	75448.74978395064	84879.8435069445	97005.53543650801	113173.12467592582	135807.74961111098	169759.68701388873	226346.24935185164	339519.37402777746	679038.7480555549
76773.0	54061.31428111111	54211.46087934905	54764.639051587306	55329.22295933563	55905.5690318287	56494.048705847956	57095.04922399528	57708.974484468345	58336.24594625604	58977.303594017096	59632.60696728395	60088.24664107366	60771.06762563131	61469.585644316736	62184.34826808786	62915.928835947714	63664.92798875662	64431.97531392237	65217.7311104336	66022.88828463649	67114.85716111111	67964.41231504922	68835.75093447292	69729.72172582973	70647.21806432748	71589.18097185185	72556.60233633633	73550.5283957382	74572.06351234567	76536.53544679187	77629.91452460317	78754.98574959743	79913.14730473857	81105.88084660032	82334.75782912459	83601.4464111111	85591.28784895832	86949.87971957673	88352.29713440861	89800.69544808743	91297.37370555557	92844.78681920902	94445.55900574711	96102.49863742689	96640.85480654762	98397.96125757575	100220.14572530863	102111.09187106918	104074.76671474359	106115.44841503268	104425.55634333333	106556.69014625851	108776.62119097222	111091.01738652484	113506.0395036232	116028.39593703704	118665.40493560607	117098.44255813953	119886.5007142857	122810.56170731707	125880.82575	129108.53923076922	131803.27512865496	135365.5258078078	139125.67930246916	143100.69871111112	147309.5427908497	151773.46832996636	157896.07727083337	162989.49911827955	168422.4824222222	174230.15422988505	180452.65973809524	186157.4085679012	193317.3088974359	201050.00125333332	209427.0846388889	217262.08543961355	227137.63477777783	237953.7126243387	249851.39825555563	35738.88147660819	37724.3748919753	39943.45576797384	42439.92175347221	45269.24987037037	48502.76771825396	52233.749850427346	56586.56233796296	61730.79527777778	67903.87480555556	75448.74978395064	84879.8435069445	97005.53543650801	113173.12467592582	135807.74961111098	169759.68701388873	226346.24935185164	339519.37402777746	679038.7480555549
83578.0	54061.31428111111	54607.38816273849	55164.60640929705	55733.31369186712	56313.86904282407	56906.646611695905	57512.03646926714	58130.44546356034	58762.29813164251	58977.303594017096	59632.60696728395	60302.63625905119	60987.89348926768	61688.903759259265	62406.216593669255	63140.40737712419	63892.07889351853	64661.86297657297	65217.7311104336	66022.88828463649	66848.17438819444	67694.35381082982	68562.23014173788	69452.64871500722	70366.49935599415	71304.7193474074	72268.29663588588	73550.5283957382	74572.06351234567	75622.37426604069	76702.6938984127	77814.32714331723	78958.65548366013	80137.14287893864	82334.75782912459	83601.4464111111	84907.71901128472	86255.46058289243	87646.6776890681	89083.5084708561	90568.23361203705	92103.2884190207	94445.55900574711	96102.49863742689	97818.6146845238	99597.13495151514	101441.52633950616	103355.51740251572	104074.76671474359	106115.44841503268	108237.75738333333	110446.691207483	112747.66394097223	115146.55040780143	117649.7362862319	116028.39593703704	118665.40493560607	121425.06551550387	124316.13850396824	127348.23944308942	125880.82575	129108.53923076922	132506.13236842107	136087.37918918917	139867.58416666667	143863.80085714287	147309.5427908497	151773.46832996636	156516.3892152778	161565.30499641577	168422.4824222222	174230.15422988505	180452.65973809524	187136.0915802469	194333.63356410258	201050.00125333332	209427.0846388889	218532.61005797103	228465.91051515154	237953.7126243387	249851.39825555563	263001.4718479533	277612.66472839506	39943.45576797384	42439.92175347221	45269.24987037037	48502.76771825396	52233.749850427346	56586.56233796296	61730.79527777778	67903.87480555556	75448.74978395064	84879.8435069445	97005.53543650801	113173.12467592582	135807.74961111098	169759.68701388873	226346.24935185164	339519.37402777746	679038.7480555549
90986.0	54532.730467222216	55083.56612850729	55645.643333900225	56219.30976002291	56804.927570023145	57402.87417602339	58013.54305023641	58130.44546356034	58762.29813164251	59408.037671550665	60068.12697901234	60743.04975405743	61433.31168308081	62139.441702426564	62861.993350129196	63601.546213071895	63892.07889351853	64661.86297657297	65450.42228116531	66258.45218587105	67086.68283819445	67935.88135513362	68806.85419301993	69700.44970202021	70617.56088230995	71304.7193474074	72268.29663588588	73258.2733021309	74275.74932021605	75321.88663458529	76397.91358650794	77505.12972544284	78644.91104493463	80137.14287893864	81351.34201346803	82602.90112136751	83893.57145138888	85225.21544268078	86599.81569175627	88019.48480145719	90568.23361203705	92103.2884190207	93691.27615038313	95334.98274951265	97037.39315575396	98801.70939494949	101441.52633950616	103355.51740251572	105343.12350641025	107408.67494771241	109556.84844666666	111792.70249659863	114121.71713194445	115146.55040780143	117649.7362862319	120264.17487037038	122997.45157196971	125857.8574224806	124316.13850396824	127348.23944308942	130531.94542916666	133878.91838888888	137402.04782017542	141115.61668018016	139867.58416666667	143863.80085714287	148095.08911764706	152582.81909090915	156516.3892152778	161565.30499641577	166950.81516296297	172707.7398237548	178875.8733888889	187136.0915802469	194333.63356410258	202106.97890666666	210528.10302777778	218532.61005797103	228465.91051515154	239345.23958730162	251312.5015666667	263001.4718479533	277612.66472839506	293942.8214771241	42439.92175347221	45269.24987037037	48502.76771825396	52233.749850427346	56586.56233796296	61730.79527777778	67903.87480555556	75448.74978395064	84879.8435069445	97005.53543650801	113173.12467592582	135807.74961111098	169759.68701388873	226346.24935185164	339519.37402777746	679038.7480555549
99051.0	55082.44736555555	55638.835722783384	56206.57894444444	56786.02821191294	57377.54933912036	57981.523542690054	58013.54305023641	58637.344588411	59274.707029589365	59926.077436507934	60591.92274135802	61272.73086204744	61969.01189457071	62681.299387611754	63410.15170607235	63601.546213071895	64358.707477513235	65134.113591700145	65928.4320501355	66742.36331001371	67576.64285138888	68432.04339381153	69309.37728347577	69700.44970202021	70617.56088230995	71559.12836074074	72526.14360885885	73519.65242541858	74540.75870910495	75590.62855007825	76670.49467222222	77505.12972544284	78644.91104493463	79818.71568739635	81028.09016750843	82274.67617008547	83560.21798524306	84886.57065167549	86599.81569175627	88019.48480145719	89486.47621481481	91003.19615065912	92572.21677394635	94196.29075243663	95878.36737301586	98801.70939494949	100631.37068004113	102530.07578721172	104501.80801388889	106550.86307298474	108681.88033444443	111792.70249659863	114121.71713194445	116549.83877304965	119083.53092028986	121729.83160740742	122997.45157196971	125857.8574224806	128854.47307539682	131997.26510162602	135297.19672916667	138766.3556196581	137402.04782017542	141115.61668018016	145035.4949212963	149179.3662047619	153566.994622549	152582.81909090915	157351.03218750004	162426.87193548385	167841.101	172707.7398237548	178875.8733888889	185500.9057366255	192635.55595726497	202106.97890666666	210528.10302777778	219681.4988115942	229667.02148484852	239345.23958730162	251312.5015666667	264539.47533333336	277612.66472839506	293942.8214771241	312314.2478194444	333135.1976740741	48502.76771825396	52233.749850427346	56586.56233796296	61730.79527777778	67903.87480555556	75448.74978395064	84879.8435069445	97005.53543650801	113173.12467592582	135807.74961111098	169759.68701388873	226346.24935185164	339519.37402777746	679038.7480555549
107830.0	55740.16241999999	56303.19436363636	56877.71675510204	57464.084969072166	57377.54933912036	57981.523542690054	58598.348261229316	59228.43802747909	59872.22539734298	60530.16194017093	61202.719295061725	61890.390298377024	62593.69018813131	62681.299387611754	63410.15170607235	64156.153490849676	64919.9172228836	65702.08490026774	66503.32983807588	67324.35860150891	68165.91308402778	69028.77274331928	69309.37728347577	70209.49906637806	71133.30826461987	72081.75237481481	73055.8301096096	74056.59490563166	75085.15872376543	75590.62855007825	76670.49467222222	77781.66126167473	78925.50922140523	80103.50189635158	81317.1913190236	82568.22503162394	83858.35354774306	84886.57065167549	86255.70888799283	87669.73690255008	89130.89918425927	90641.59239077212	92204.37846647509	94196.29075243663	95878.36737301586	97621.61041616161	99429.41801646088	101305.44477148846	103253.62640170939	106550.86307298474	108681.88033444443	110899.87789229024	113210.29201504629	115619.02163238771	118132.47862439614	121729.83160740742	124496.41868939395	127391.68424031006	130424.81957936507	133605.9127398374	135297.19672916667	138766.3556196581	142418.10182017542	146267.2397072072	150330.21858796297	149179.3662047619	153566.994622549	158220.53991414144	163164.93178645836	162426.87193548385	167841.101	173628.72517241377	179829.75107142856	185500.9057366255	192635.55595726497	200340.97819555557	208688.51895370372	219681.4988115942	229667.02148484852	240603.5463174604	252633.7236333334	264539.47533333336	279236.1128518518	295661.7665490195	312314.2478194444	333135.1976740741	356930.5689365079	52233.749850427346	56586.56233796296	61730.79527777778	67903.87480555556	75448.74978395064	84879.8435069445	97005.53543650801	113173.12467592582	135807.74961111098	169759.68701388873	226346.24935185164	339519.37402777746	679038.7480555549
117388.0	56531.28374722222	57102.30681537598	57684.983415532886	57464.084969072166	58062.669187499996	58673.855178947364	59298.04512765958	59935.658516129035	60587.133065217386	61252.92573626373	61933.5138	62629.39597752809	62593.69018813131	63313.15789144317	64049.35740180878	64802.879253594765	65574.34210185186	66364.394416332	67173.71629945798	68003.02143895747	68165.91308402778	69028.77274331928	69913.75700925925	70821.72787950937	71753.59272002924	72710.30728962964	73692.87900975975	74702.37050304413	75085.15872376543	76142.69617057903	77230.44897301587	78349.73084219002	79501.93276633987	80688.52877777777	81911.08224410776	82568.22503162394	83858.35354774306	85189.43852469136	86563.46172670252	87982.53486976321	89448.91045092593	90964.9936789077	92204.37846647509	93821.99914132552	95497.3919831349	97233.70820101009	99034.33242695472	100902.90473689727	103253.62640170939	105278.20731154682	107383.77145777777	109575.27699773242	111858.0952685185	115619.02163238771	118132.47862439614	120757.64481604939	123502.13674368687	126374.27945865631	129383.1908743386	133605.9127398374	136946.06055833332	140457.49800854697	144153.74795614035	146267.2397072072	150330.21858796297	154625.3676904762	159173.17262254903	163996.60209595965	163164.93178645836	168428.31668279567	174042.59390555555	180044.06266091953	179829.75107142856	186490.1122222222	193662.80884615384	201409.3212	208688.51895370372	217761.93282125608	227660.20249494954	240603.5463174604	252633.7236333334	265930.2354035088	279236.1128518518	295661.7665490195	314140.62695833325	333135.1976740741	356930.5689365079	384386.7665470086	56586.56233796296	61730.79527777778	67903.87480555556	75448.74978395064	84879.8435069445	97005.53543650801	113173.12467592582	135807.74961111098	169759.68701388873	226346.24935185164	339519.37402777746	679038.7480555549
127792.0	57437.643177777776	58017.82139169472	57684.983415532886	58279.67396620848	58886.75390335648	59506.614470760236	60139.66356087471	60786.326609916374	61447.0475513285	62122.28983211233	62812.53749691358	62629.39597752809	63341.093659090904	64069.15220689656	64814.14234883721	65576.66167058823	66357.33621428572	67156.8221927711	67975.80782926829	68003.02143895747	68853.05920694444	69724.61691842476	70618.52226353275	71535.64592929292	72476.90442836256	73443.26315407407	74435.73968318317	74702.37050304413	75739.90342669754	76806.66262989046	77903.90066746032	79032.94270611917	80195.1918635621	81392.1350257048	81911.08224410776	83171.25274017094	84470.8035642361	85811.60997001764	87195.6681953405	88625.10537887068	90102.19046851853	90964.9936789077	92533.35563888888	94156.74784307991	95838.11834027777	97580.62958282827	99387.67827880658	100902.90473689727	102843.34521260683	104859.88139324618	106957.0790211111	109139.8765521542	111858.0952685185	114238.05474231679	116721.49071497585	119315.3016197531	122027.01302020202	126374.27945865631	129383.1908743386	132538.87845663956	135852.35041805555	139335.74401851848	144153.74795614035	148049.79519819818	152162.28950925925	156509.7834952381	159173.17262254903	163996.60209595965	169121.49591145836	174577.0280376344	174042.59390555555	180044.06266091953	186474.20775595238	193380.6598950617	193662.80884615384	201409.3212	209801.37625	218923.17521739134	227660.20249494954	238501.16451851858	250426.22274444453	265930.2354035088	280704.1373703703	297216.1454509803	314140.62695833325	335083.33542222215	356930.5689365079	384386.7665470086	416418.9970925926	61730.79527777778	67903.87480555556	75448.74978395064	84879.8435069445	97005.53543650801	113173.12467592582	135807.74961111098	169759.68701388873	226346.24935185164	339519.37402777746	679038.7480555549
139119.0	58372.08813944445	58017.82139169472	58609.83997732426	59214.06513172967	59830.87831018519	60460.67702923977	61103.8757210402	61760.906642771806	62432.22084541062	63118.2892063492	62812.53749691358	63518.296345193514	64240.09516729798	64978.48706577267	65734.05086886305	66507.39264379085	67299.1473181217	68109.98041834004	67975.80782926829	68815.01533333333	69675.203025	70557.16762025317	71461.74669230769	72389.82132467533	73342.3189736842	74320.21656	74435.73968318317	75455.4073500761	76503.39911882716	77580.91178247261	78689.21052222222	79829.63386312399	81003.59906699345	81392.1350257048	82625.34919276096	83896.5084111111	85207.39135503472	86559.88963051146	87956.01688261649	88625.10537887068	90102.19046851853	91629.34623917135	93209.16255363984	94844.41101949317	96538.06121626984	97580.62958282827	99387.67827880658	101262.91749161425	103210.28128952991	105234.01229520697	107338.69254111112	109139.8765521542	111413.62398032408	113784.12661820331	116257.69458816426	118841.19891234569	122027.01302020202	124864.85053229972	127837.82316402115	130955.8188509485	134229.71432222222	139335.74401851848	143002.474124269	146867.40585735734	150947.05602006172	156509.7834952381	161113.01242156862	165995.22491919197	171182.57569791668	174577.0280376344	180396.26230555555	186616.82307471262	193281.70961309524	193380.6598950617	200818.37758333332	208851.11268666666	209801.37625	218923.17521739134	228874.22863636367	238501.16451851858	250426.22274444453	263606.55025731	280704.1373703703	297216.1454509803	315792.1545416666	335083.33542222215	359017.8593809523	386634.6177948718	416418.9970925926	454275.26955555566	67903.87480555556	75448.74978395064	84879.8435069445	97005.53543650801	113173.12467592582	135807.74961111098	169759.68701388873	226346.24935185164	339519.37402777746	679038.7480555549
151450.0	58372.08813944445	58961.70519135803	59563.35524433108	60177.41045303552	60804.258478587966	61444.30330467837	62097.96610579197	62765.68617144565	63447.92189070048	63118.2892063492	63819.603530864195	64536.6777278402	65270.04906565657	66020.2795146871	66787.95718346254	67573.69785620915	68378.14664021165	68109.98041834004	68940.58993563686	69791.70832990398	70664.10468402778	71558.58702180028	72476.00480413105	73417.25161976913	74383.26808845029	74320.21656	75324.5438108108	76356.38687671233	77416.89225	78507.2710140845	79628.80345714286	80782.84408695652	81003.59906699345	82212.60800829186	83458.2535841751	84742.2267162393	86066.32400868055	87432.45613580247	87956.01688261649	89397.91879872495	90887.88411203703	92428.35672410544	94021.94908141761	95671.45696003898	96538.06121626984	98293.29869292928	100113.54496502056	102002.47977568134	103964.06592521367	106002.57702178648	107338.69254111112	109529.27810317461	111811.1380636574	114190.09844799056	116672.49189251209	118841.19891234569	121542.13525126263	124368.6965361757	127329.85597751322	130435.4622208672	134229.71432222222	137671.50186894584	141294.43612865495	145113.20467267267	150947.05602006172	155259.82904920634	159826.29460947713	164669.51565824918	171182.57569791668	176704.5942688172	182594.7474111111	188891.11801149423	193281.70961309524	200440.29145061725	208149.53342948717	208851.11268666666	217553.24238194444	227012.0790072464	228874.22863636367	239773.0014285715	251761.65150000007	263606.55025731	278251.35860493826	294619.08558169927	315792.1545416666	336844.9648444444	359017.8593809523	386634.6177948718	418854.1692777778	454275.26955555566	499702.79651111126	75448.74978395064	84879.8435069445	97005.53543650801	113173.12467592582	135807.74961111098	169759.68701388873	226346.24935185164	339519.37402777746	679038.7480555549
164874.0	59197.086955555555	59795.037328843995	60405.19077097506	61027.92469644903	61663.63224537037	62312.72311111111	62975.62442080379	63652.78167264039	64344.659734299516	64145.15180158731	64857.875710493834	65586.61588701623	66331.91834027779	67094.35418326949	67874.52109237727	68673.04486993465	69490.58111838625	69201.97973226239	70045.90631436314	70910.6705898491	71797.05397222223	72705.87744022504	73638.00407407407	74594.34178932178	74383.26808845029	75375.0449962963	76393.62668543543	77440.11472222222	78515.67187114198	79621.52640453835	80758.97678174604	80782.84408695652	81970.8270882353	83194.27226865671	84454.79154545456	85754.09603076923	87094.00378125	88476.44828571429	88842.65704121863	90299.09404189435	91804.07894259259	93360.08028060262	94969.73683716473	95671.45696003898	97379.87583432539	99150.41903131313	100986.53790226336	102891.94427777777	104870.63551388889	106002.57702178648	108122.62856222222	110329.2128185941	112627.73808564815	115024.07293853429	116672.49189251209	119265.21393456792	121975.78697853537	124812.4331873385	127784.15778703702	130435.4622208672	133696.34877638888	137124.46028347575	140732.9987119883	145113.20467267267	149144.12702469135	153405.3877968254	157917.31096732026	164669.51565824918	169815.43802256946	175293.35537813618	181136.46722407406	188891.11801149423	195637.2293690476	202883.05267901233	208149.53342948717	216475.51476666666	225495.32788194445	227012.0790072464	237330.80987121214	248632.27700793656	251761.65150000007	265012.2647368422	279735.16833333333	294619.08558169927	313032.77843055554	336844.9648444444	360905.3194761905	388667.26712820516	418854.1692777778	456931.8210303031	499702.79651111126	555225.3294567904	84879.8435069445	97005.53543650801	113173.12467592582	135807.74961111098	169759.68701388873	226346.24935185164	339519.37402777746	679038.7480555549
179488.0	59769.07010666666	60372.79808754208	60988.84704761905	61617.59804810997	62259.44802777777	62914.810638596486	63584.117134751774	64267.817318996415	64344.659734299516	65051.743907203905	65774.54106172839	66513.58084893883	67269.4169949495	68042.62868454662	68833.82204134368	69643.6317124183	69490.58111838625	70327.81703547525	71185.47334078592	72064.30634499315	72965.11017430556	73888.71916385373	74836.01043518518	74594.34178932178	75575.8462865497	76583.52423703704	77618.43672672672	78681.70298325723	79774.50441358025	80898.0889827856	80758.97678174604	81929.39673510469	83134.24080473857	84375.05036898839	85653.460223064	86971.20576495727	88330.13085503472	88476.44828571429	89903.48777419355	91377.31544262294	92900.27070000001	94474.85155932202	96103.72831034481	96635.87257115007	98361.51315277776	100149.90430101009	102004.53215843618	103929.14597274631	104870.63551388889	106926.92248474945	109065.46093444443	111291.28666780045	113609.85514004629	115024.07293853429	117524.59626328503	120136.2539580247	122866.62336616163	125723.98670025838	127784.15778703702	130900.84456233062	134173.3656763889	137613.70838603986	140732.9987119883	144536.59327177177	148551.4986404321	152795.8271730159	157917.31096732026	162702.68402693607	167787.1429027778	173199.63138351252	181136.46722407406	187382.55230076626	194074.78631150792	202883.05267901233	210686.2470128205	219113.6968933333	225495.32788194445	235299.4725724638	245994.90314393942	248632.27700793656	261063.89085833338	274804.0956403509	279735.16833333333	296190.178235294	313032.77843055554	333901.63032592594	360905.3194761905	388667.26712820516	421056.20605555555	456931.8210303031	502625.0031333334	555225.3294567904	84879.8435069445	97005.53543650801	113173.12467592582	135807.74961111098	169759.68701388873	226346.24935185164	339519.37402777746	679038.7480555549
195397.0	59991.59603166667	60597.571749158255	61215.914318027215	61847.006218213064	62491.24586631945	63149.04845438597	63820.84684219859	64267.817318996415	64966.38055072463	65680.29682051281	66410.0778962963	67156.25854681648	67919.39784848485	68700.08058237548	69498.91872868217	69643.6317124183	70472.72256613757	71321.79151271755	72191.56945799458	73082.82340192044	73996.35869444444	74933.02146272856	75893.70122507121	75807.90667460319	76805.37913084796	77829.4508525926	78881.20018843844	79961.76457458144	81072.3446381173	82214.20864710487	82053.77596825398	83242.96112721418	84467.12232026143	85727.8256384743	87026.73208754211	88365.60488888889	88330.13085503472	89732.19642416226	91179.48991487456	92674.23565118398	94218.80624537038	95815.73516478341	96103.72831034481	97789.75863157894	99536.00432142857	101345.74985454544	103222.52299999999	103929.14597274631	105927.78339529914	108004.79875599127	110164.8947311111	112413.15788888888	113609.85514004629	116027.08610047282	118549.41405917874	121183.84548271606	123938.02378914143	125723.98670025838	128717.41495502644	131856.864100271	135153.28570277776	137613.70838603986	141235.1217646199	145052.2872177177	149081.5174182099	152795.8271730159	157289.82208986927	162056.18033501686	167120.43597048614	173199.63138351252	178972.9524296296	185144.4335478927	194074.78631150792	201262.74136008226	209003.61602777778	219113.6968933333	228243.4342638889	238167.06184057973	245994.90314393942	257708.94615079372	270594.3934583334	274804.0956403509	290070.98984259256	296190.178235294	314702.06437499996	335682.202	357751.7467777778	385271.11191452993	421056.20605555555	459334.04296969704	502625.0031333334	555225.3294567904	624628.4956388894	97005.53543650801	113173.12467592582	135807.74961111098	169759.68701388873	226346.24935185164	339519.37402777746	679038.7480555549
212716.0	59822.53643388888	60426.804478675636	61043.40452437641	61672.71797308133	62315.142118634256	62971.09098304093	63640.996206264776	64507.09250716847	65208.256556159424	65924.8308040293	66657.32892407409	67406.28767602997	68172.26821780304	68955.85750766285	69757.66980426357	70316.55306666666	71153.6548888889	72010.92783935744	72889.10988617885	73788.97544032922	74711.33763333333	75657.0507679325	75893.70122507121	76879.33370851372	77890.90388888889	78929.44927407408	79996.06345345345	81091.8999391172	82218.1763271605	82214.20864710487	83388.6973420635	84597.22918760066	85841.30608741831	87122.51961111113	88442.55778703706	89803.21252222222	89746.31746527778	91170.86218694886	92641.35996415772	94160.07078324226	95729.4052962963	95815.73516478341	97467.73059865899	99177.69078460039	100948.72097718253	102784.15226767676	104687.56249485596	105170.11777358489	107192.62003846154	109294.43611764704	111480.32483999999	113755.43351020408	114755.09867824073	117196.69652245863	119744.45079468598	122405.43859012346	123938.02378914143	126820.30341214468	129839.83444576718	133006.65967615176	136331.82616805556	138618.75456695154	142266.61652923975	146111.6602192192	149081.5174182099	153340.98934444445	157851.01844281045	162634.3826380472	167120.43597048614	172511.41777598564	178261.7983685185	185144.4335478927	191756.73474603173	198858.83603292177	206507.25280341879	217363.76066888886	226420.58403009258	238167.06184057973	248992.8373787879	260849.63915873022	270594.3934583334	284836.2036403509	290070.98984259256	307133.9892450979	326329.8635729166	335682.202	359659.5021428571	385271.11191452993	417377.03790740744	459334.04296969704	502625.0031333334	558472.2257037039	624628.4956388894	713861.1378730165	113173.12467592582	135807.74961111098	169759.68701388873	226346.24935185164	339519.37402777746	679038.7480555549
231570.0	59281.152304999996	59879.95182323232	60490.97173979592	61114.590005154634	61751.200317708324	62401.21295263158	63065.05564361702	64325.30799342891	65024.49612379226	65739.05102625152	66469.4849265432	67216.33307178527	67980.1550385101	68761.53613090677	69561.08887661499	70578.34827254903	71418.56670436509	72279.03136345383	73160.48296544715	74063.69880452675	74989.49503958334	75938.72915400846	76627.01295726495	77622.16896969697	78643.51329824561	79692.09347555555	80769.01365765765	81875.4385022831	83012.59737037036	83376.17881064164	84567.26707936509	85792.8796457327	87054.53964052288	88353.86112769486	89692.55599326601	89803.21252222222	91206.38771788195	92654.10815784834	94148.52925716847	95691.94776958106	97286.81356574075	97351.93758945385	99030.41927203065	100767.79504873294	102567.21996031745	104432.0785050505	104687.56249485596	106662.79952306079	108714.00720619658	110845.65440631808	113062.56749444445	113755.43351020408	116125.33837499999	118596.09025531916	121174.26613043479	123867.02760000002	125187.38037626263	128098.71480361755	131148.68420370368	134347.43259891597	136331.82616805556	139827.5140185185	143507.18544005847	147385.7580195195	150170.31744753086	154460.89794603174	159003.86553267975	162634.3826380472	167716.70709548614	173126.923453405	178897.82090185184	184408.75693295017	190994.7839662698	198068.66485390943	206507.25280341879	214767.54291555553	223716.190537037	236264.95724879229	247004.27348737375	260849.63915873022	273892.1211166667	288307.49591228075	300660.4371759259	318346.34524509794	326329.8635729166	348085.1878111111	359659.5021428571	387325.6176923077	417377.03790740744	455320.4049898991	505267.4472666668	558472.2257037039	628281.2539166671	713861.1378730165	113173.12467592582	135807.74961111098	169759.68701388873	226346.24935185164	339519.37402777746	679038.7480555549
252095.0	58438.39512777778	59028.68194725028	59631.01543650794	60245.76817296679	60873.32825810186	61514.10013450293	63065.05564361702	63743.174521505374	64436.03511413043	65144.1234120879	65867.94700555554	66608.0362977528	67364.94580113636	68139.2555229885	69561.08887661499	70379.45462810458	71217.30527843916	72075.34510107095	72954.31272425473	73854.98325171467	74778.17054236111	75724.72966315049	76912.30260470085	77911.16367748918	78936.31056798247	79988.79470888889	81069.72436711712	82180.2685365297	83012.59737037036	84181.7888826291	85384.38586666666	86621.84073429952	87895.69133333334	89207.56732338307	90559.19713131315	91072.44147008547	92495.44836805556	93963.63008818343	95479.17250896058	97044.40484517305	97286.81356574075	98935.74260922786	100641.53127490422	102407.17217446394	104235.87167757937	106131.06934444445	106366.00588477365	108372.91165618447	110457.00611111111	112622.82976034857	114875.28635555555	115369.96683106577	117773.50780671297	120279.32712174942	122894.09510265701	123867.02760000002	126682.18731818182	129628.2846976744	132714.67242857142	134347.43259891597	137706.11841388888	141237.0445270655	144953.8088567251	147385.7580195195	151479.80685339507	155807.80133492063	160390.3837271242	163822.16448821552	168941.60712847224	174391.33639068098	178897.82090185184	185066.71127777777	191676.23668055554	198068.66485390943	205686.69042521366	213914.1580422222	223716.190537037	233442.9814299517	244054.02604040405	258766.3817486773	271704.70083611115	288307.49591228075	304324.57901851845	318346.34524509794	338242.9918229166	348085.1878111111	372948.41551190475	387325.6176923077	419602.7525	455320.4049898991	500852.44548888906	561408.274740741	628281.2539166671	713861.1378730165	832837.9941851845	135807.74961111098	169759.68701388873	226346.24935185164	339519.37402777746	679038.7480555549
274439.0	57397.56392277778	57977.33729573513	58568.94277834467	59172.746312142044	59789.12908622685	60418.48833976609	62168.505455082755	62836.984008363215	63519.994704106284	64218.016623931624	64931.55014197531	65661.11812109864	66407.26719065657	67170.56911238826	68931.57244767442	69742.53212352941	70572.80036309524	71423.07506626507	72294.08817682926	73186.6077839506	74101.44038125	75724.72966315049	76695.55953062676	77691.60575829726	78713.86372880117	79763.38191185184	80841.2654512012	81948.68004642313	83321.6611550926	84495.20567840377	85702.2800452381	86944.34207487924	88222.93534068628	89539.69556965175	90559.19713131315	91952.41554871794	93389.17204166666	94871.53985185185	96401.72597849462	97982.0821420765	98661.8115925926	100334.04568738228	102063.94302681992	103854.53851851852	105709.08384920635	106131.06934444445	108096.45951748971	110136.01535744235	112254.01565277779	114455.07478322441	114875.28635555555	117219.67995464853	119661.75662037038	122207.7514420804	124864.44169082126	125625.07499382718	128480.19033459597	131468.1017377261	134598.29463624337	135951.61565853658	139350.40605	142923.49338461537	146684.6379473684	148871.47936636634	153006.79823765432	157378.42104444443	160390.3837271242	165250.69838552192	170414.78271006947	175912.03376523295	180204.38093703703	186418.32510727967	193076.12243253968	198775.35655761315	206420.56257905983	213914.1580422222	222827.24796064815	232515.38917632852	244054.02604040405	255675.64632804238	271704.70083611115	286004.9482485381	301894.1120401234	322226.02484313713	342365.15139583324	360792.5246111111	386563.4192261905	401636.75516666664	419602.7525	457748.45727272733	500852.44548888906	561408.274740741	631584.3090833338	718035.7187619053	832837.9941851845	135807.74961111098	169759.68701388873	226346.24935185164	339519.37402777746	679038.7480555549
298764.0	56260.91952944444	56829.21164590348	57409.101560657604	58000.94796849944	58605.124509837966	59222.020557309945	61061.23821572105	61717.81066965353	62388.65643780193	63074.24606898657	63775.07102530864	64491.64485705369	65224.50445770202	65974.2114054917	67951.62224160208	68751.05309150327	69569.51800925928	70407.70497322625	71266.33552168022	72146.16682441701	73047.99390972222	75039.43329746835	76001.47731410255	76988.50948701298	78001.51619078947	79041.53640666667	80109.66527702702	81207.05795205479	83086.85615817901	84257.09356885758	85460.76633412698	86699.32816505637	87974.31828513072	89287.36781177446	90896.3576237374	92294.76312564102	93736.86879947917	95224.75560582012	96760.6387607527	98346.87874043717	99615.11684444445	101303.50865536722	103050.1208735632	104858.01773099414	106730.48233333332	107631.06719191918	109624.23510288064	111692.61689727462	113840.55183760684	116072.71952069717	116744.1762788889	119126.71048866215	121608.51695717593	124195.93221158395	124864.44169082126	127639.2070617284	130540.09813131315	133575.91436692505	134598.29463624337	137881.17987127372	141328.20936805557	144952.0096082621	146684.6379473684	150649.0876216216	154833.7845	159257.60691428572	162007.1981339869	166916.5071683502	172132.64801736112	175912.03376523295	181775.76822407404	188043.89816283522	193076.12243253968	200227.0899300411	207928.13185042734	214677.38508222223	223622.2761273148	232515.38917632852	243084.27050252527	254659.71195502652	268459.4286444445	282588.87225730997	301894.1120401234	319652.58921895415	342365.15139583324	365189.4948222222	386563.4192261905	416299.06685897434	435106.4847638889	457748.45727272733	503523.30300000013	556502.7172098769	631584.3090833338	718035.7187619053	837708.3385555547	999405.5930222215	169759.68701388873	226346.24935185164	339519.37402777746	679038.7480555549
325245.0	55118.128011111105	55674.87677890011	56242.9877664399	56822.812382588774	57414.71667824074	58019.082116959056	59852.04205260048	60495.6123972521	61153.17340157005	61825.1862960928	62512.13281049383	63214.51632521849	63932.86310164142	64667.72359706259	66741.35339857882	67526.54579150327	68330.43324140213	69153.69147322625	69997.02917411925	70861.19002812072	71746.95490347223	73972.65206047821	74921.0193945869	75894.01964646466	76892.62516812865	77917.86017037038	78970.80422672673	81207.05795205479	82334.93375694445	83494.5807112676	84687.36043571428	85914.71348550725	87178.16515441176	88479.33179850745	90640.20671801348	92034.67143675212	93472.71317795139	94956.40703791888	96487.96199014336	98346.87874043717	99985.99338611112	101680.67124011299	103433.78626149426	105248.41409064327	107127.85005654761	108671.03655757575	110683.4631604938	112771.8303899371	114940.51943589743	116072.71952069717	118394.17391111111	120810.38154195012	123327.26449074074	125951.24884160758	126895.84378140098	129715.75142098768	132663.83668055557	135749.04218475454	136756.29328042327	140091.81262872627	143594.10794444446	147276.00814814813	148766.53617690058	152787.25337087087	157031.34374228396	159257.60691428572	163941.6541764706	168909.58309090912	174188.00756250002	177685.31408243722	183608.15788518515	189939.47367432946	194759.75166865077	201973.0758045267	207928.13185042734	216245.25712444444	225255.4761712963	233344.98378502417	243951.57395707074	254659.71195502652	267392.6975527778	282588.87225730997	298288.25404938264	315834.6219346404	339630.8760451388	365189.4948222222	391274.4587380952	416299.06685897434	450990.6557638889	474661.6197424243	503523.30300000013	559470.3366666669	626065.5568611115	721810.6389523816	837708.3385555547	999405.5930222215	169759.68701388873	226346.24935185164	339519.37402777746	679038.7480555549
354073.0	54028.80282	54574.5483030303	55131.431448979594	55699.79672164949	56280.002937499994	56872.424021052626	58636.30639479905	59266.8043130227	59911.00870772946	60569.37144078143	61242.36445679012	61930.4809113608	62634.23637626262	63354.17012771392	65419.673871447034	66189.31709346407	66977.28515410054	67784.24039692103	68610.87747493225	69457.92534499314	70326.14941180556	72655.14420604783	73586.62041381765	74542.29080880231	75523.1104247076	76530.08523037037	77564.27557132133	80052.59606544902	81164.43767746915	82307.59877151801	83483.42161111112	84693.32627214173	85938.81636437909	88479.33179850745	89819.9277348485	91201.77277692307	92626.8004765625	94097.06715079365	95614.76178225807	98069.73185883423	99704.22738981481	101394.12954896419	103142.30419636014	104951.81830506821	107127.85005654761	109075.62914848485	111095.54820679012	113191.69062578616	115368.45390705128	117194.2551111111	119538.14021333332	121977.6940952381	124518.89605555554	127168.23426950355	128689.31946859905	131549.0821234568	134538.833989899	137667.64408268733	138981.16223677248	142370.94668157183	145930.22034861112	147276.00814814813	151151.6925730994	155236.87345345345	159549.0088271605	161517.95356349208	166268.48160947714	171306.920446128	174188.00756250002	179806.97554838707	185800.5414	189939.47367432946	196723.0263055555	204009.06431687236	209741.27102777778	218130.92186888886	227219.71028009258	235049.19252657006	245733.24673232326	255568.31557407413	268346.73135277786	281465.99742397666	297102.99728086416	315834.6219346404	335574.28580555547	362272.9344481481	388149.57262301585	421372.494025641	450990.6557638889	491989.80628787883	522127.78171666677	559470.3366666669	626065.5568611115	721810.6389523816	837708.3385555547	999405.5930222215	169759.68701388873	226346.24935185164	339519.37402777746	679038.7480555549
385457.0	53026.493598333334	53562.114745791245	54108.66693707483	54666.48824570447	55235.93083159722	55817.36168245614	57477.44980851064	58095.48690322581	58726.95958695652	59372.31079120879	60032.00313333333	60706.52002247191	61396.36684090909	63354.17012771392	64090.8465245478	64844.85648366013	65616.81906084657	66407.383145917	67217.22928184281	68047.07161865568	68897.66001388889	71216.35383473981	72129.38401210826	73066.12925901877	74027.52569663743	75014.5593725926	76028.26963438439	78626.79989421614	79718.83878163582	80841.63932785603	81996.51988968255	83184.87525040259	84408.1822393791	87221.48526533997	88543.02292087545	89905.22327350428	91309.99238715279	92759.35734567903	94255.47601254481	97182.21689344262	98801.92050833334	100476.52933050845	102208.88328448274	104002.02158771928	106825.95791765871	108768.24806161615	110782.47487757199	112872.71025262053	115043.33929594017	117630.58045424837	119983.19206333334	122431.82863605443	124982.4917326389	127168.23426950355	129932.76110144927	132820.1557925926	135838.7956969697	137667.64408268733	140945.4451322751	144383.13891598917	147992.71738888888	149672.02087037035	153610.7582616959	157762.40037687687	162144.6892762346	164107.55193650795	168934.24464052287	174053.46417508423	176660.26171006946	182358.9798297491	188437.61249074072	192207.45662068963	199072.00864285714	206445.04599999997	211855.56679059827	220329.7894622222	227219.71028009258	237098.8281183575	245733.24673232326	257434.82991005297	270306.5714055556	282470.24352923984	298163.03483641974	314579.6441797384	335574.28580555547	357945.9048592592	388149.57262301585	418007.23205555556	456486.8685277778	491989.80628787883	541188.7869166668	580141.9796851855	629404.1287500005	715503.4935555562	842112.4121111104	1005250.0062666658	1249256.9912777767	226346.24935185164	339519.37402777746	679038.7480555549
419622.0	52125.27043222223	52651.78831537598	53189.05146145125	53737.39219816725	54297.156700231484	54868.70571812866	56411.16340248227	57017.73505197133	57637.49304166666	58270.872086080584	58918.32622037037	59580.329885767795	60257.37908901515	62102.072206896555	62824.18932558139	63563.29743529412	64320.003357142865	65094.94315662651	65888.78392682926	66702.2257037037	67536.003525	69769.78229254571	70664.26668091166	71581.98443001443	72523.85264619882	73490.83734814814	74483.95677177176	77069.7527800609	78140.1660131173	79240.7317316119	80372.74218492064	81537.56453542675	82736.64636683007	85668.00585489221	86966.00594360272	88303.9444965812	89683.69362934028	91107.2443218695	92576.7160044803	95800.64775045538	97397.32521296298	99048.12733521656	100755.85366858238	102523.50022417154	105859.20054464284	107783.91328181817	109779.9116759259	111851.23076415093	114002.21597115384	117299.09104684094	119645.07286777777	122086.80904875282	124630.28423726851	127641.69368439718	130416.51311231886	133314.65784814817	136344.53643560607	138997.8374573643	142307.30977777776	145778.2197723577	149422.67526666666	151787.40245014243	155781.80777777778	159992.1269069069	162144.6892762346	166777.394684127	171682.61217483663	176885.11557407412	179492.6349305556	185282.71992831538	191458.81059259258	194935.46119731799	201897.44195436506	206445.04599999997	214385.24007692307	222960.64967999997	229510.19735648145	239488.90158937196	247876.04757828286	259679.66889153444	270306.5714055556	284533.23305847956	298163.03483641974	315702.0368856208	334240.87194097217	356523.596737037	383513.46949206345	418007.23205555556	452841.16806018515	497985.6747575758	541188.7869166668	580141.9796851855	629404.1287500005	719319.0042857149	834754.0758148141	1005250.0062666658	1249256.9912777767	226346.24935185164	339519.37402777746	679038.7480555549
456815.0	51329.941739444446	51848.425999438834	52377.49157086168	52917.46571076747	53468.6893119213	54031.517620467836	55452.4153534279	56048.67788410992	56657.902643719804	57280.51695848596	57916.96714691359	58567.71958676655	59233.26185479798	60949.99264176245	61658.71348643411	62384.11011568628	63126.778093253975	63887.34168473897	64666.455607723576	65464.80691152263	66283.11699791667	68390.88964556962	69267.69592307691	70167.27638961039	71090.53002631578	72038.40376	73011.89570270269	75504.28494672755	76552.95557098764	77631.16621283254	78740.18287301587	79881.3449436393	81056.07060457516	83971.52168573799	85243.81746885524	86555.26081452992	87907.68676475695	89303.04687213406	90743.41859587815	94094.36708652096	95662.60653796297	97284.00664877589	98961.31710823755	100697.4805662768	104354.27701388889	106251.6275050505	108219.2502366255	110261.12288259958	112381.52909188035	116237.55353921567	118562.30460999999	120981.94347959184	123502.40063541665	127281.99241252955	130048.99224758454	132938.96985308643	135960.3100770202	139515.33960852714	142837.13340873015	146320.9659308943	149978.9900791667	153254.0259145299	157287.02659649123	161538.0273153153	164436.352654321	169134.53415873018	174109.07928104576	176885.11557407412	182412.77543576394	188297.0585143369	191458.81059259258	198060.8385440613	205134.4399206349	209375.1249897119	217428.01441239315	222960.64967999997	232250.67674999998	242348.53226086957	250374.76075252527	262297.3684074074	272663.6523361112	287014.370880117	300340.63489506167	318007.7310653594	335433.41419097217	356523.596737037	381989.5679325396	413014.50560683757	452841.16806018515	494008.5469747475	547784.2422333334	601320.8743518521	652659.7271458338	719319.0042857149	834754.0758148141	1010534.8945333326	1256562.5078333323	226346.24935185164	339519.37402777746	679038.7480555549
497305.0	50642.174073888884	51153.71118574635	51675.687830498864	52208.426880297826	52752.26466030093	53307.55165672515	54606.320999408985	55193.48574133812	55793.41493417874	56406.52938400488	57033.26859938272	57674.09184207241	58329.479249368684	58999.933033844194	60610.77957235143	61323.84756732026	62053.893371693135	62801.530641231606	63567.40296612466	64352.18571879287	65156.588040277784	67122.14379535866	67982.68410042734	68865.5761017316	69771.70210307017	70701.99146444445	71657.42378153153	74012.05865753425	75040.00391666667	76096.90538028169	77184.00402857143	78302.6127826087	79454.12179411764	82265.86270315091	83512.31516835018	84797.120017094	86122.0750173611	87489.09208112875	88900.20646953405	92231.01562204008	93768.19921574075	95357.49072787193	97001.58539559387	98703.36759551657	102495.64986210318	104359.20713232324	106291.78504218106	108297.29042033543	112381.52909188035	114585.08848583879	116876.79025555556	119262.03087301589	121746.65651620372	126130.11128723405	128872.07022826087	131735.89401111112	134729.89160227272	139122.17775322995	142434.6105568783	145908.62544850947	149978.9900791667	153824.6052094017	157872.62113596493	162139.44873423423	166025.19474074073	170768.77173333333	175791.38266666667	179385.11198653202	184990.89673611114	190958.34501792112	194573.62713148148	201283.06254980844	208471.74335515875	212732.0117695473	220914.01222222223	226125.1349888889	235547.01561342593	245788.19020531402	253364.37463636365	265429.3448571429	275412.2368277778	289907.6177134503	302959.6137067901	318007.7310653594	337883.21425694437	357795.6418037037	383352.4733611111	411373.3808504273	447432.381074074	494008.5469747475	543409.4016722223	608649.1580370372	676485.9836458338	745896.8310238101	839205.5049999993	1010534.8945333326	1256562.5078333323	1665675.988370369	339519.37402777746	679038.7480555549
541383.0	50061.01121611111	50566.67799607183	51082.66450623583	51609.289913516615	52146.88668344908	52695.80128011696	53874.65327009457	54453.95061708483	55045.841384661835	55650.740740537236	56269.08230432099	56901.31918414482	57547.92508396465	58209.39548722861	59685.978766795866	60388.16675228758	61107.07349933863	61843.30330053549	62597.48992615176	63370.29844375858	64162.42717430556	65981.35497749649	66827.26978490027	67695.15640548342	68585.88214766081	69500.3605762963	70439.55463813814	72639.03232648403	73647.90777546297	74685.20225117372	75752.13371190477	76849.99072222224	77980.13764460785	80640.00420895522	81861.82245454547	83121.2351076923	84420.00440625	85760.00447619047	87143.23035483871	90357.58690346083	91863.54668518518	93420.55595103576	95031.25519157086	96698.47019493175	100465.92773115079	102292.58096262626	104186.8880174897	106152.67835744235	110379.9306207265	112544.24298583878	114795.12784555556	117137.88555668935	119578.2581724537	124337.01091016551	127039.98940821258	129863.10028395064	132814.53438131316	137863.1448953488	141145.60072619046	144588.17635365852	149556.34108472223	153391.11906125353	157427.72745760233	161682.5309024024	166643.3223101852	171404.5600904762	176445.87068137256	181118.3942626263	186778.34408333336	192803.4519569892	197323.62318518516	204127.88605363984	208471.74335515875	216192.91903497942	224508.03130555557	229750.5727111111	239323.51324074075	245788.19020531402	256960.38066919195	265429.3448571429	278700.81210000004	289907.6177134503	306013.5964753086	320780.7674542483	340829.5654201388	360408.76187407406	383352.4733611111	412841.12515811966	445654.4959212963	488108.0520808081	543409.4016722223	608649.1580370372	676485.9836458338	745896.8310238101	839205.5049999993	1001704.890977777	1263168.6181666655	1665675.988370369	339519.37402777746	679038.7480555549
589369.0	49586.07067833333	50086.94007912458	50598.03130442177	51119.66049312715	51652.15695659722	52195.863871929825	53256.394910756506	53829.04431839905	54414.14262620773	55012.10023748474	55623.345795679015	56248.32720911361	56887.51274558081	57541.39220242657	58886.248923126615	59579.02832222222	60288.30246891535	61014.667558902285	61758.7488705962	62521.20256035665	63302.717592361114	64974.60979676512	65807.61761467236	66662.2619992785	67539.3970255848	68439.92231925926	69364.78613438438	71404.48004414004	72396.20893364199	73415.87384820032	74464.67204603176	75543.87019162643	76654.80945915033	79144.02029601991	80343.17211868688	81579.22092051282	82853.89624739584	84169.03745767196	85526.60257795699	88571.80790163935	90048.0047	91574.24206779659	93153.10831034482	94787.37336842105	98425.22859126983	100214.77820202018	102070.60742798352	103996.46794549264	108194.0760181624	110315.52848910676	112521.83905888889	114818.20312131521	117210.24901967593	122122.4764314421	124777.31287560388	127550.1420506173	130449.00891540406	135903.24448320412	139139.03601851853	142532.67104336043	148202.8807625	152002.9546282051	156003.03238157893	160219.33055405403	166173.71231635803	170921.53266825396	175948.63657026144	181792.7152474748	187473.73759895837	193521.27752150537	199230.23368888887	206100.2417471264	211418.1676984127	219248.4702057613	227681.10367521367	233488.3525577778	243217.03391435186	249728.88338164252	261080.1962626263	269196.58927248686	282656.4187361112	293369.2758947369	309667.56899999996	324014.3962679737	344265.2960347221	363551.5364481481	386152.24486507935	412841.12515811966	447244.5522546296	486168.54100505053	536918.857288889	603788.2240802471	684730.302791667	773126.8384523815	870212.9695277769	1007046.6059999992	1263168.6181666655	1665675.988370369	339519.37402777746	679038.7480555549
641607.0	49215.46734222222	49712.593274971936	50219.86463492063	50737.59519816724	51266.11181481481	51805.75509707602	52751.13901950355	53318.35556810036	53897.90291123188	54490.18755860806	55095.63408703703	55714.68615543071	56347.80758901515	56995.483538314176	58210.478158268736	58895.3073130719	59596.441923941806	60314.47134471219	61050.01367818428	61803.71755075446	62576.26402013889	64104.01781504923	64925.864197293435	65769.05723881673	66634.43957090643	67522.8987651852	68435.37037012012	70314.98868417047	71291.5857492284	72295.69259076683	73328.48819920636	74391.21991223833	75485.20844035948	77798.91109286899	78977.682473064	80192.72374188034	81445.73505034723	82738.52449559084	84073.01682616488	86928.67803005464	88377.48933055556	89875.41287853106	91424.98896264366	93028.93613742689	96480.00503571428	98234.18694545454	100053.33855555553	101941.1373962264	105996.40002136752	108074.7608061002	110236.25602222221	112485.9755328798	117210.24901967593	119704.08410520096	122306.34680314011	125024.26562098767	130449.00891540406	133482.70679715762	136660.86648280424	139994.0583482385	146095.98781944445	149842.0387891738	153785.2503362573	160219.33055405403	164669.8675138889	169374.72087142855	174356.33030882353	181280.41343602695	186945.4263559028	193521.27752150537	199971.9867722222	206867.5725229885	213460.96466666664	221366.9263209876	229881.03887179485	236788.34782222222	246654.52898148148	253791.68756280196	265327.67336111114	273512.5865608466	287188.215888889	297533.0723538012	314062.68748456787	327883.30835294107	344265.2960347221	367216.3157703703	389519.50333730155	415856.2637008547	450510.9523425926	487903.1479141415	534785.3951055557	596576.5080987656	679261.7520902782	782548.9174761911	901981.311527777	1007046.6059999992	1252131.1137222212	1675416.6771111095	339519.37402777746	679038.7480555549
698476.0	48945.95006166667	49440.3535976431	49944.847001700684	50459.742331615125	50985.36464756945	51522.052696491235	52070.15964007093	52919.8573572282	53495.07319806763	54082.93114529914	54683.85260246913	55298.277912609235	55926.66743434343	56569.50269220945	57658.22171899225	58336.553739215684	59031.0365218254	59742.25382931728	60470.8179004065	61217.37120781893	61982.588347916666	63368.368627988755	64180.78361039885	65014.30028066378	65869.75160014619	66748.01495481482	67650.0151569069	69372.84119710806	70336.35288040123	71327.00573787167	72345.96296269841	73394.45517954913	74473.78540277778	76611.8533424544	77772.63899915827	78969.14113760683	80203.03396788194	81476.09799911817	82790.22861200717	85451.26300364299	86875.45072037038	88347.91598681732	89871.15591762452	91447.84286354776	94690.16713988094	96411.80654242424	98197.21036728393	100049.98792138364	103901.54388461538	105938.82905882351	108057.60564	110262.86289795919	114829.43335648147	117272.6127895981	119822.01741545893	122484.72891358026	127865.72620328286	130839.34774289405	133954.57030820104	137221.7549498645	143493.90980694446	147173.2408276353	151046.2208494152	157941.60845345346	162328.8753549383	166966.84322222223	174356.33030882353	179639.855469697	185253.60095312502	192975.9239802867	199408.4547796296	206284.60839272029	214255.70011309523	222191.09641358024	229881.03887179485	239076.28042666664	249037.79211111108	257378.6389371981	269077.667979798	277962.3244735451	291860.4406972223	302303.38514619885	314062.68748456787	332536.96321895416	348376.0151249999	371601.0828	393446.052611111	419482.54205555556	450510.9523425926	491466.4934646465	536693.4627055557	594205.9945617287	671148.5716111115	782548.9174761911	901981.311527777	1044255.5634333325	1252131.1137222212	1675416.6771111095	339519.37402777746	679038.7480555549
760385.0	48772.901662777775	49265.55723512907	49768.26700283447	50281.34192038947	50805.105898726855	51339.8964871345	51886.065598699766	52630.053829749115	53202.11963224638	53786.75830952381	54384.38895740741	54995.449507490644	55620.39779734849	56259.71271455939	57227.28760723514	57900.54981437908	58589.84207407408	59295.743785809915	60018.86261246612	60759.8362249657	61519.334177777775	62767.17807383966	63571.88548504272	64397.494387445884	65244.82983991228	66114.76090444444	67008.20361936936	68576.72769330289	69529.18224459876	70508.46650156495	71515.73030873017	72552.19016827698	73619.13414133988	75585.33443864013	76730.56677861954	77911.03703675214	79128.39699045138	80384.40329188712	81680.92592562725	84147.4454744991	85549.90289907408	86999.90125329565	88499.89955076628	90052.52936744639	93080.84005753968	94773.21896767677	96528.27857818929	98349.56685324947	101974.02615064102	103973.51685947711	106052.98719666667	108217.33387414966	112560.00587499999	114954.89961702128	117453.91917391305	120064.00626666668	125268.47275252525	128181.69304909559	131233.6381216931	134434.45856368562	140652.2988236111	144258.76802421652	148055.05139327486	155128.55114264265	159437.67756327163	163993.0397793651	171877.63272875818	177086.0458417509	182619.9847743056	191229.5235645161	197603.84101666664	204417.76656896548	213651.91583531743	221564.94975514399	230736.90781410257	239966.38412666667	249964.9834652778	259865.52220289854	271677.5913939394	281890.89026455034	295985.4347777779	307221.5165233919	319098.0176543209	337868.4892810456	353320.5234201388	371601.0828	398144.0172857143	423711.13358119654	454439.42056018516	491466.4934646465	536693.4627055557	594205.9945617287	671148.5716111115	776299.1452460324	912973.7370555548	1044255.5634333325	1258808.257499999	1684224.8242222208	2498513.9825555533	679038.7480555549
827782.0	48692.524588333334	49184.36827104377	49686.24957993197	50198.47895704468	50721.37977951389	51255.28904035088	51800.55807269504	52443.98028255675	53014.023546497585	53596.59523382173	54192.11295864198	54801.013104244696	55423.7518895202	56060.80650893998	56712.67635206719	57583.47066078432	58268.9881686508	58971.024170682744	59690.18300203252	60427.09884156379	61182.437577083336	62298.05992686357	63096.75300284899	63916.19135353535	64757.19387134502	65620.62312296296	66507.3883003003	67418.44841400304	68869.5426087963	69839.53616666667	70837.24382619048	71863.87054830919	72920.69217401961	74717.92718822554	75850.01699410776	77016.94033247863	78220.33002517361	79461.92256525574	80743.56647759856	83019.95749817851	84403.62345648148	85834.19334557437	87314.0932308429	88845.91942787524	91660.61024900794	93327.1667989899	95055.44766563784	96848.94667819706	100240.90467735044	102206.41261220044	104250.54086444445	106378.1029229025	110471.86166319445	112822.32680496454	115274.98608333334	117836.65244074076	122792.7336818182	125648.37865116277	128640.0067142857	131777.56785365852	137795.32002777778	141328.53336182333	145047.70529239764	152056.53926876877	156280.3320262346	160745.4843698413	168816.3644787582	173932.01188720544	179367.3872586806	188510.9520250896	194794.65042592594	201511.70733716476	211718.40108928567	219559.8233518518	230086.67859188034	239290.14573555553	249964.9834652778	260833.02622463772	272689.07287121215	284614.61955555563	295985.4347777779	311563.6155555556	324289.37855246913	343365.22434967314	358985.26986111107	376875.22498148144	403794.8839087301	428770.48015384615	459020.3947129629	495752.0951565657	540613.1428111112	596326.0696728397	668481.7438819449	767026.9389841276	905682.3361203695	1082377.5738333324	1258808.257499999	1684224.8242222208	2498513.9825555533	679038.7480555549
901152.0	48698.56243111111	49190.46710213244	49692.41064399093	50204.70353722796	50727.66919907407	51261.64466432749	51806.98130969268	52357.55332078854	52926.65716123188	53508.26877838828	54102.80509814815	54710.701784644196	55332.41430492424	55968.419067049814	56619.2146375969	57379.88430915033	58062.978169973554	58762.53212382866	59479.14836924119	60213.45884293553	60966.12707847222	61737.85020604783	62751.21802777777	63566.168911255416	64402.56587061404	65261.2667488889	66143.17575900901	67049.24665981736	68354.81575308641	69317.55963693271	70307.81048888889	71326.76426409018	72375.68726797386	73455.92140630182	75130.41011868688	76286.26258205128	77478.23543489583	78708.0486957672	79977.53335215054	82067.2315018215	83435.01869351852	84849.17155273068	86312.08830363984	87826.3354668616	90432.45370337302	92076.68013434343	93781.80384053497	95551.27183752619	98711.42642200855	100646.94458714596	102659.88347888889	104754.98314172337	106937.3786238426	110904.8307068558	113315.80528743962	115833.93429382719	120514.75817803032	123317.42697286821	126253.55618650792	129332.91121544715	135072.00705	138535.39184615383	142181.06005263157	148967.91354354352	153105.9111419753	157480.36574603175	165473.29273366014	170487.63493771048	175815.37352951392	185153.43200896058	191325.21307592592	197922.6342164751	208708.55402777778	216438.500473251	228004.43194230768	237124.60921999998	249260.56847453702	260097.98449516908	272689.07287121215	285674.2668174604	298845.3505333334	314574.0531929825	328872.70530864195	348218.1585620914	364825.55087152775	382917.62118518515	410268.8798412698	434856.0288247863	464501.35349999997	500749.52150505054	545327.3046722224	600681.2697901237	670866.8283819449	763979.1358650799	905682.3361203695	1095568.4844666657	1305319.4542916655	1669508.1516296281	2513125.0156666646	679038.7480555549
981025.0	48782.491177777774	49275.243613916944	49778.05222222223	50291.22801832761	50815.094976851855	51349.990713450294	51896.26721040189	52454.29158900837	52933.220033816426	53514.90377045177	54109.51381234568	54717.485877652936	55339.275489898995	55975.359116219675	56626.23538501292	57285.32304509804	57967.29117658731	58665.69227510042	59381.127546747965	60114.22788683128	60865.65573541667	61636.10707383967	62529.36110612535	63341.43073088024	64174.87060891813	65030.535550370376	65909.32657132132	66812.19405859969	67980.48619675927	68937.95783333333	69922.78580238095	70936.15950966185	71979.3383259804	73053.65680845772	74568.88991245793	75716.1036034188	76899.16772222222	78119.78943209877	79379.78603584229	81288.64045628415	82643.45113055556	84044.18759039546	85493.22530747125	86993.10645321636	89394.6628859127	91020.02039292929	92705.57632613168	94454.73814360586	97388.79629594016	99298.38053703702	101284.34814777777	103351.37566099773	105504.52932060185	109212.64199881797	111586.8298683575	114066.53719876545	118466.52370959597	121221.55914470284	124107.78674338624	127134.80593224932	132566.23399583335	135965.3682008547	139543.40420614035	146023.79140540538	150080.00783333334	154368.00805714287	162112.14120915032	167024.63033670036	172244.15003472223	181486.83719175626	187536.39843148147	194003.17079118773	204991.29972420636	212583.57008436212	224763.0581837607	233753.58051111113	247004.8012708333	257744.14045652174	271920.6201540404	284869.22111375665	299957.98015833343	315745.2422719299	332050.3894814814	351582.76533333317	369981.79347222217	389147.25426296296	410268.8798412698	441828.02444444445	471094.03122685186	506728.7492727273	550824.4736555556	605919.2274135805	675766.4285138893	763979.1358650799	894864.7621481473	1095568.4844666657	1352971.9672916655	1678411.0099999986	2513125.0156666646	679038.7480555549
1067978.0	48933.956337777774	49428.23872502806	49932.60850793651	50447.37766781214	50972.871185185184	51509.42772397661	52057.40035933807	52617.15735244923	53024.44693236715	53607.13316239316	54202.76797530864	54811.78784019975	55434.649065656566	56071.82893997446	56723.8269509044	57292.42638954249	57974.47908465609	58672.96678447123	59388.490769647695	60121.68201371742	60873.203038888896	61643.749912798885	62426.31357478632	63237.044919913424	64069.1113004386	64923.36611777778	65800.70890315315	66702.08847716896	67740.14119830247	68694.22769405322	69675.57380396826	70685.36472866345	71724.8553864379	72795.37561608624	74160.53039646467	75301.46163333334	76478.04697135417	77691.98422486773	78945.08074462366	80681.09400364298	82025.7789037037	83416.04634274951	84854.25403831416	86342.92516179336	88546.5547827381	90156.49214242423	91826.05681172838	93558.62392138364	96271.17541559829	98158.84552178648	100122.02243222222	102165.32901247166	104293.77336689815	107749.30654018914	110091.68276932368	112538.164608642	116658.95849873738	119371.95753359172	122214.14699867724	125194.97985230351	130313.17608055557	133654.53956980054	137171.76429532163	143314.84756306306	147295.81555092594	151504.26742380954	158908.2435882353	163723.64490909094	168840.00881250002	177800.41293906808	183727.09337037033	190062.51038314172	200931.85546230158	208373.7760349794	220759.861241453	229590.25569111112	243493.31303240743	254079.97881642517	269459.78320454544	282291.201452381	299112.6821694445	314855.4549152047	333286.64462037035	351582.76533333317	373556.6881666666	394647.2463703703	416943.4867103175	449016.06261111115	478647.0264814815	513920.7613383839	557401.6242000001	612027.1929506175	681659.1308402782	766704.9467222228	891308.9918425918	1086818.8033444434	1352971.9672916655	1678411.0099999986	2513125.0156666646	679038.7480555549
1162638.0	49386.138852777774	49636.28889506173	50142.78163888889	50659.717532073315	51187.422923032405	51726.23790116959	52276.51702777778	52838.63011409797	53189.082975845406	53773.57839316239	54371.062597530865	54981.97341323346	55606.768565656566	56245.92682503194	56899.94922997416	57569.36039738562	58074.394259259265	58774.08575635878	59490.842899728996	60225.297750342936	60978.11397222222	61749.98883263011	62434.05439886039	63244.886274170276	64077.05583040936	64931.41657481482	65808.86815015014	66710.35949467275	67628.5063726852	68581.02054694836	69560.74941190476	70568.87621497585	71606.65380637255	72675.40983333334	73898.33585269362	75035.23332735042	76207.65884809027	77417.3042266314	78665.97042383513	80239.26239617486	81576.58343611112	82959.23739265536	84389.56907183908	85870.08782748537	87884.7631111111	89482.66789494948	91139.75433744854	92859.3723438155	94645.1295042735	97227.58956535946	99172.14135666666	101196.06260884354	103304.31391319443	106512.78982151301	108828.28525241547	111246.69159135805	113775.02549116164	117772.49784625322	120576.60493783068	123517.4977411924	128324.85434861112	131615.23522934472	135078.7940511696	140879.1092762763	144792.41786728398	148929.34409206352	155960.2752892157	160686.34423737376	165707.79249479168	174286.4607096774	180096.00939999998	186306.21662068964	196850.45718253966	204141.21485596703	216388.1520363248	225043.67811777777	239156.5163449074	249554.62575120776	265629.0687626263	278278.0720370371	296405.76152500004	312006.0647631579	332347.424632716	352891.741362745	374947.4751979166	398460.46737777774	422836.3353968254	449016.06261111115	486434.06782870373	522160.3925252526	565312.8374722224	619335.1380000003	681659.1308402782	772304.4897301594	894489.1045092584	1073837.7145777768	1369460.605583332	1740425.9390555539	2526337.236333331	679038.7480555549
1265689.0	49660.382589444445	49884.98874017957	50394.019237528344	50913.54520904926	51443.89463831019	51985.40931871345	52538.44558806147	53103.37511051374	53680.58570954106	53999.91868803419	54599.9177845679	55213.40000686642	55840.82500694445	56482.67357024266	57139.448844315244	57811.677654248364	58254.709925925934	58956.573900937095	59675.5565094851	60412.2917750343	61167.44542222223	61941.71688326301	62541.655356125346	63353.88464646465	64187.48839181286	65043.321570370375	65922.28537537537	66825.33038051751	67753.4599691358	68589.52455086073	69569.3749015873	70577.62671175525	71615.53298692811	72684.42153897182	73776.55240656568	74911.57628974359	76082.06966927083	77289.72156878308	78536.3299811828	79955.57649635701	81288.16943796298	82665.93502165723	84091.20976340996	85566.49414522416	87403.48225297619	88992.63647575758	90640.64826234567	92350.84917295598	94126.82704166668	96500.91635729847	98430.93468444444	100439.72926984126	102532.22362962962	105502.2780390071	107795.80582246378	110191.26817407408	112695.61517803032	116420.95631653746	119192.88384788358	122100.02735636856	126605.43518472223	129851.72839458687	133268.87914181285	138729.57226876877	142583.1714984568	146656.97639841272	153309.61891830066	157955.364946128	162891.47010069448	171053.20515591395	176754.9786611111	182849.97792528733	192960.01007142855	200106.67711111106	211992.80004273503	220472.51204444442	234420.49803935186	244612.69360628023	260898.01783080812	273321.73296560853	292191.975638889	307570.50067251467	329339.7350277777	351897.2731405227	373890.85271180543	399943.9735444444	426921.9293333333	455362.20735042734	493309.05796296295	530655.3467222223	574376.431777778	619335.1380000003	688530.5920694448	779039.0066746038	894489.1045092584	1069570.7902111101	1358523.5041805543	1740425.9390555539	2504262.2274444425	679038.7480555549
1377873.0	49946.674691111104	50162.002615600446	50673.8597851474	51196.27071076747	51729.565197337964	52274.086936257314	52830.19424408984	53398.260848865	53978.676727657	54270.482255799754	54873.48761419753	55490.0436548065	56120.61233270202	56765.676842273315	57425.74285206719	58101.33982679739	58499.911912037045	59204.73012784473	59926.739031842815	60666.57531618656	61424.90750763889	62202.437982419135	62999.90513603987	63550.59264646465	64386.78465497076	65245.27511703704	66126.96802402403	67032.81690106545	67963.82824691359	68707.73405320814	69689.27311111112	70699.26257648955	71738.95761437909	72809.68832504147	73785.70065319867	74920.86527863248	76091.50379861111	77299.30544620812	78546.06843727599	79833.70890346084	81154.20764722223	82529.70269209039	83952.62860057471	85425.48173391812	87094.46725496031	88678.00302323232	90320.18826440329	92024.34275995806	93794.04165918803	95972.45110130719	97891.90012333334	99889.69400340137	101970.7292951389	104713.76030260048	106990.14639613527	109367.70520493828	111853.33486868687	115316.44343798449	118062.07304365077	120941.635800813	125152.52804027779	128361.5672207977	131739.50320029238	136870.74074024023	140672.70576080246	144691.92592539682	150970.41688071896	155545.27799831654	160406.06793576392	168146.03365232973	173750.90144074074	179742.31183524904	189380.33427976188	196394.42073456786	207803.08776923077	216115.21128	229658.86671296295	239644.03483091787	255731.45240656572	267909.1406164022	286987.819613889	302092.44169883046	324657.75070987653	348712.66061764694	370507.2019062499	398816.9095592592	428511.40022619045	459762.0777435897	493309.05796296295	530655.3467222223	574376.431777778	628125.3749691361	696752.0302500004	786892.1052222227	901021.9046851844	1069570.7902111101	1358523.5041805543	1803962.623055554	2504262.2274444425	679038.7480555549
1500000.0	50227.77588722222	50735.12715881032	50965.99458276644	51491.41720733104	52027.78613657407	52575.44704327485	53134.760309692676	53706.101818399045	54289.86379468598	54571.8489993895	55178.2028771605	55798.18268476904	56432.252942550505	57080.89952809706	57744.63091795866	58423.979516993466	58793.02244378308	59501.37211178047	60226.99860094851	60970.54179355281	61732.673565972225	62514.09981364276	63315.56263176637	63818.085722222226	64657.79737646198	65519.90134148148	66405.30541366366	67314.96713165905	68249.89723070987	68921.06526447575	69905.65191111111	70918.77730112722	71961.70049673202	73035.75572802653	74142.3580875421	75049.98642735042	76222.64246527778	77432.52567901235	78681.43738351254	79971.29701275045	81164.27071851853	82539.93632391714	83963.0386743295	85436.07444054581	86961.71862698412	88531.86288787879	90171.3418302469	91872.68790251572	93639.47036217949	95633.14051525055	97545.80332555555	99536.53400566895	101610.21179745371	104140.31928014186	106404.23926449276	108768.77791481484	111240.79559469699	114454.57521447027	117179.68414814812	120037.72522493223	123965.17669583333	127143.77097008545	130489.65967982456	135300.0303138138	139058.36448919753	143031.46061746034	148947.57080555556	153461.13355723908	158256.7939809028	165580.4572240143	171099.80579814813	176999.79910153255	186161.68011507936	193056.55715637858	203948.05230128203	212105.97439333334	225120.01174999998	234907.8383478261	250536.9455050505	262467.27624338627	281304.5976472223	296110.1027865498	318875.3551265432	343755.26545751625	365239.9695486111	395207.6820333333	427303.83167063486	461473.81562820513	498075.58422222215	538155.335959596	583720.8813944446	638196.0353086422	706641.0468402783	796288.0345714292	908878.8411203695	1073386.9254111103	1342297.143222221	1825947.4741111095	2517616.514999998	4997027.965111107
