years	0.0	0.01	0.02	0.03	0.04	0.05	0.06	0.07	0.08	0.09	0.1	0.11	0.12	0.13	0.14	0.15	0.16	0.17	0.18	0.19	0.2	0.21	0.22	0.23	0.24	0.25	0.26	0.27	0.28	0.29	0.3	0.31	0.32	0.33	0.34	0.35	0.36	0.37	0.38	0.39	0.4	0.41	0.42	0.43	0.44	0.45	0.46	0.47	0.48	0.49	0.5	0.51	0.52	0.53	0.54	0.55	0.56	0.57	0.58	0.59	0.6	0.61	0.62	0.63	0.64	0.65	0.66	0.67	0.68	0.69	0.7	0.71	0.72	0.73	0.74	0.75	0.76	0.77	0.78	0.79	0.8	0.81	0.82	0.83	0.84	0.85	0.86	0.87	0.88	0.89	0.9	0.91	0.92	0.93	0.94	0.95	0.96	0.97	0.98	0.99
10000.0	8467.572228333333	8553.10326094276	8640.379824829932	8729.455905498284	8820.38773784722	8913.233924561404	9008.055562056737	9104.916374551973	9203.882856884056	9305.024426739927	9408.413587037036	9514.126099250938	9622.241168560604	9732.841641762452	9846.014218992248	9961.849680392157	10080.443128968254	10201.894251004016	10326.307595528455	10453.792874485596	10584.465285416665	10718.44585864979	10855.86183119658	10996.84704978355	11141.542405701754	11290.096304444445	11442.665173423422	11599.414011415525	11760.516983796297	11926.158068075118	12096.531754761905	12271.843809178743	12452.312100490197	12638.167504975125	12829.654891414142	13027.034197435896	13230.581606770833	13440.590838624339	13657.374561827955	13881.265948087434	14112.620380555556	14351.81733615819	14599.262462643675	14855.389874269003	15120.66469345238	15395.585869696968	15680.689311728393	15976.551374213836	16283.79274679487	16603.082800653596	16935.144456666665	17280.759649659863	17640.77547569444	18016.111124113475	18407.76571376812	18816.827174074075	19244.48233712121	19692.028437984492	20160.886257936505	20652.61519105691	21168.93057083333	21711.72366239316	22283.084811403507	22885.330346846844	23521.033967592593	24193.06350952381	24904.624200980394	25659.309782828284	26461.16321354167	27314.749123655907	28225.240761111105	29198.52492528735	30241.32938690476	31361.378623456785	32567.58549358974	33870.28891333333	35281.55095138888	36815.53142753624	38488.96467424242	40321.772515873025	42337.861141666675	44566.16962280703	47042.06793518517	49809.24840196077	52922.326427083324	56450.48152222221	60482.65877380952	65135.17098717948	70563.10190277777	76977.92934848485	84675.72228333335	94084.13587037042	105844.65285416674	120965.31754761912	141126.20380555544	169351.4445666665	211689.30570833315	282252.4076111109	423378.6114166663	846757.2228333326
10886.0	8467.572228333333	8553.10326094276	8640.379824829932	8729.455905498284	8820.38773784722	8913.233924561404	9008.055562056737	9104.916374551973	9203.882856884056	9305.024426739927	9408.413587037036	9514.126099250938	9622.241168560604	9732.841641762452	9846.014218992248	9961.849680392157	10080.443128968254	10201.894251004016	10326.307595528455	10453.792874485596	10584.465285416665	10718.44585864979	10855.86183119658	10996.84704978355	11141.542405701754	11290.096304444445	11442.665173423422	11599.414011415525	11760.516983796297	11926.158068075118	12096.531754761905	12271.843809178743	12452.312100490197	12638.167504975125	12829.654891414142	13027.034197435896	13230.581606770833	13440.590838624339	13657.374561827955	13881.265948087434	14112.620380555556	14351.81733615819	14599.262462643675	14855.389874269003	15120.66469345238	15395.585869696968	15680.689311728393	15976.551374213836	16283.79274679487	16603.082800653596	16935.144456666665	17280.759649659863	17640.77547569444	18016.111124113475	18407.76571376812	18816.827174074075	19244.48233712121	19692.028437984492	20160.886257936505	20652.61519105691	21168.93057083333	21711.72366239316	22283.084811403507	22885.330346846844	23521.033967592593	24193.06350952381	24904.624200980394	25659.309782828284	26461.16321354167	27314.749123655907	28225.240761111105	29198.52492528735	30241.32938690476	31361.378623456785	32567.58549358974	33870.28891333333	35281.55095138888	36815.53142753624	38488.96467424242	40321.772515873025	42337.861141666675	44566.16962280703	47042.06793518517	49809.24840196077	52922.326427083324	56450.48152222221	60482.65877380952	65135.17098717948	70563.10190277777	76977.92934848485	84675.72228333335	94084.13587037042	105844.65285416674	120965.31754761912	141126.20380555544	169351.4445666665	211689.30570833315	282252.4076111109	423378.6114166663	846757.2228333326
11851.0	8467.572228333333	8553.10326094276	8640.379824829932	8729.455905498284	8820.38773784722	8913.233924561404	9008.055562056737	9104.916374551973	9203.882856884056	9305.024426739927	9408.413587037036	9514.126099250938	9622.241168560604	9732.841641762452	9846.014218992248	9961.849680392157	10080.443128968254	10201.894251004016	10326.307595528455	10453.792874485596	10584.465285416665	10718.44585864979	10855.86183119658	10996.84704978355	11141.542405701754	11290.096304444445	11442.665173423422	11599.414011415525	11760.516983796297	11926.158068075118	12096.531754761905	12271.843809178743	12452.312100490197	12638.167504975125	12829.654891414142	13027.034197435896	13230.581606770833	13440.590838624339	13657.374561827955	13881.265948087434	14112.620380555556	14351.81733615819	14599.262462643675	14855.389874269003	15120.66469345238	15395.585869696968	15680.689311728393	15976.551374213836	16283.79274679487	16603.082800653596	16935.144456666665	17280.759649659863	17640.77547569444	18016.111124113475	18407.76571376812	18816.827174074075	19244.48233712121	19692.028437984492	20160.886257936505	20652.61519105691	21168.93057083333	21711.72366239316	22283.084811403507	22885.330346846844	23521.033967592593	24193.06350952381	24904.624200980394	25659.309782828284	26461.16321354167	27314.749123655907	28225.240761111105	29198.52492528735	30241.32938690476	31361.378623456785	32567.58549358974	33870.28891333333	35281.55095138888	36815.53142753624	38488.96467424242	40321.772515873025	42337.861141666675	44566.16962280703	47042.06793518517	49809.24840196077	52922.326427083324	56450.48152222221	60482.65877380952	65135.17098717948	70563.10190277777	76977.92934848485	84675.72228333335	94084.13587037042	105844.65285416674	120965.31754761912	141126.20380555544	169351.4445666665	211689.30570833315	282252.4076111109	423378.6114166663	846757.2228333326
12902.0	8467.572228333333	8553.10326094276	8640.379824829932	8729.455905498284	8820.38773784722	8913.233924561404	9008.055562056737	9104.916374551973	9203.882856884056	9305.024426739927	9408.413587037036	9514.126099250938	9622.241168560604	9732.841641762452	9846.014218992248	9961.849680392157	10080.443128968254	10201.894251004016	10326.307595528455	10453.792874485596	10584.465285416665	10718.44585864979	10855.86183119658	10996.84704978355	11141.542405701754	11290.096304444445	11442.665173423422	11599.414011415525	11760.516983796297	11926.158068075118	12096.531754761905	12271.843809178743	12452.312100490197	12638.167504975125	12829.654891414142	13027.034197435896	13230.581606770833	13440.590838624339	13657.374561827955	13881.265948087434	14112.620380555556	14351.81733615819	14599.262462643675	14855.389874269003	15120.66469345238	15395.585869696968	15680.689311728393	15976.551374213836	16283.79274679487	16603.082800653596	16935.144456666665	17280.759649659863	17640.77547569444	18016.111124113475	18407.76571376812	18816.827174074075	19244.48233712121	19692.028437984492	20160.886257936505	20652.61519105691	21168.93057083333	21711.72366239316	22283.084811403507	22885.330346846844	23521.033967592593	24193.06350952381	24904.624200980394	25659.309782828284	26461.16321354167	27314.749123655907	28225.240761111105	29198.52492528735	30241.32938690476	31361.378623456785	32567.58549358974	33870.28891333333	35281.55095138888	36815.53142753624	38488.96467424242	40321.772515873025	42337.861141666675	44566.16962280703	47042.06793518517	49809.24840196077	52922.326427083324	56450.48152222221	60482.65877380952	65135.17098717948	70563.10190277777	76977.92934848485	84675.72228333335	94084.13587037042	105844.65285416674	120965.31754761912	141126.20380555544	169351.4445666665	211689.30570833315	282252.4076111109	423378.6114166663	846757.2228333326
14046.0	8467.572228333333	8553.10326094276	8640.379824829932	8729.455905498284	8820.38773784722	8913.233924561404	9008.055562056737	9104.916374551973	9203.882856884056	9305.024426739927	9408.413587037036	9514.126099250938	9622.241168560604	9732.841641762452	9846.014218992248	9961.849680392157	10080.443128968254	10201.894251004016	10326.307595528455	10453.792874485596	10584.465285416665	10718.44585864979	10855.86183119658	10996.84704978355	11141.542405701754	11290.096304444445	11442.665173423422	11599.414011415525	11760.516983796297	11926.158068075118	12096.531754761905	12271.843809178743	12452.312100490197	12638.167504975125	12829.654891414142	13027.034197435896	13230.581606770833	13440.590838624339	13657.374561827955	13881.265948087434	14112.620380555556	14351.81733615819	14599.262462643675	14855.389874269003	15120.66469345238	15395.585869696968	15680.689311728393	15976.551374213836	16283.79274679487	16603.082800653596	16935.144456666665	17280.759649659863	17640.77547569444	18016.111124113475	18407.76571376812	18816.827174074075	19244.48233712121	19692.028437984492	20160.886257936505	20652.61519105691	21168.93057083333	21711.72366239316	22283.084811403507	22885.330346846844	23521.033967592593	24193.06350952381	24904.624200980394	25659.309782828284	26461.16321354167	27314.749123655907	28225.240761111105	29198.52492528735	30241.32938690476	31361.378623456785	32567.58549358974	33870.28891333333	35281.55095138888	36815.53142753624	38488.96467424242	40321.772515873025	42337.861141666675	44566.16962280703	47042.06793518517	49809.24840196077	52922.326427083324	56450.48152222221	60482.65877380952	65135.17098717948	70563.10190277777	76977.92934848485	84675.72228333335	94084.13587037042	105844.65285416674	120965.31754761912	141126.20380555544	169351.4445666665	211689.30570833315	282252.4076111109	423378.6114166663	846757.2228333326
15291.0	8467.572228333333	8553.10326094276	8640.379824829932	8729.455905498284	8820.38773784722	8913.233924561404	9008.055562056737	9104.916374551973	9203.882856884056	9305.024426739927	9408.413587037036	9514.126099250938	9622.241168560604	9732.841641762452	9846.014218992248	9961.849680392157	10080.443128968254	10201.894251004016	10326.307595528455	10453.792874485596	10584.465285416665	10718.44585864979	10855.86183119658	10996.84704978355	11141.542405701754	11290.096304444445	11442.665173423422	11599.414011415525	11760.516983796297	11926.158068075118	12096.531754761905	12271.843809178743	12452.312100490197	12638.167504975125	12829.654891414142	13027.034197435896	13230.581606770833	13440.590838624339	13657.374561827955	13881.265948087434	14112.620380555556	14351.81733615819	14599.262462643675	14855.389874269003	15120.66469345238	15395.585869696968	15680.689311728393	15976.551374213836	16283.79274679487	16603.082800653596	16935.144456666665	17280.759649659863	17640.77547569444	18016.111124113475	18407.76571376812	18816.827174074075	19244.48233712121	19692.028437984492	20160.886257936505	20652.61519105691	21168.93057083333	21711.72366239316	22283.084811403507	22885.330346846844	23521.033967592593	24193.06350952381	24904.624200980394	25659.309782828284	26461.16321354167	27314.749123655907	28225.240761111105	29198.52492528735	30241.32938690476	31361.378623456785	32567.58549358974	33870.28891333333	35281.55095138888	36815.53142753624	38488.96467424242	40321.772515873025	42337.861141666675	44566.16962280703	47042.06793518517	49809.24840196077	52922.326427083324	56450.48152222221	60482.65877380952	65135.17098717948	70563.10190277777	76977.92934848485	84675.72228333335	94084.13587037042	105844.65285416674	120965.31754761912	141126.20380555544	169351.4445666665	211689.30570833315	282252.4076111109	423378.6114166663	846757.2228333326
16646.0	8467.572228333333	8553.10326094276	8640.379824829932	8729.455905498284	8820.38773784722	8913.233924561404	9008.055562056737	9104.916374551973	9203.882856884056	9305.024426739927	9408.413587037036	9514.126099250938	9622.241168560604	9732.841641762452	9846.014218992248	9961.849680392157	10080.443128968254	10201.894251004016	10326.307595528455	10453.792874485596	10584.465285416665	10718.44585864979	10855.86183119658	10996.84704978355	11141.542405701754	11290.096304444445	11442.665173423422	11599.414011415525	11760.516983796297	11926.158068075118	12096.531754761905	12271.843809178743	12452.312100490197	12638.167504975125	12829.654891414142	13027.034197435896	13230.581606770833	13440.590838624339	13657.374561827955	13881.265948087434	14112.620380555556	14351.81733615819	14599.262462643675	14855.389874269003	15120.66469345238	15395.585869696968	15680.689311728393	15976.551374213836	16283.79274679487	16603.082800653596	16935.144456666665	17280.759649659863	17640.77547569444	18016.111124113475	18407.76571376812	18816.827174074075	19244.48233712121	19692.028437984492	20160.886257936505	20652.61519105691	21168.93057083333	21711.72366239316	22283.084811403507	22885.330346846844	23521.033967592593	24193.06350952381	24904.624200980394	25659.309782828284	26461.16321354167	27314.749123655907	28225.240761111105	29198.52492528735	30241.32938690476	31361.378623456785	32567.58549358974	33870.28891333333	35281.55095138888	36815.53142753624	38488.96467424242	40321.772515873025	42337.861141666675	44566.16962280703	47042.06793518517	49809.24840196077	52922.326427083324	56450.48152222221	60482.65877380952	65135.17098717948	70563.10190277777	76977.92934848485	84675.72228333335	94084.13587037042	105844.65285416674	120965.31754761912	141126.20380555544	169351.4445666665	211689.30570833315	282252.4076111109	423378.6114166663	846757.2228333326
18122.0	8467.572228333333	8553.10326094276	8640.379824829932	8729.455905498284	8820.38773784722	8913.233924561404	9008.055562056737	9104.916374551973	9203.882856884056	9305.024426739927	9408.413587037036	9514.126099250938	9622.241168560604	9732.841641762452	9846.014218992248	9961.849680392157	10080.443128968254	10201.894251004016	10326.307595528455	10453.792874485596	10584.465285416665	10718.44585864979	10855.86183119658	10996.84704978355	11141.542405701754	11290.096304444445	11442.665173423422	11599.414011415525	11760.516983796297	11926.158068075118	12096.531754761905	12271.843809178743	12452.312100490197	12638.167504975125	12829.654891414142	13027.034197435896	13230.581606770833	13440.590838624339	13657.374561827955	13881.265948087434	14112.620380555556	14351.81733615819	14599.262462643675	14855.389874269003	15120.66469345238	15395.585869696968	15680.689311728393	15976.551374213836	16283.79274679487	16603.082800653596	16935.144456666665	17280.759649659863	17640.77547569444	18016.111124113475	18407.76571376812	18816.827174074075	19244.48233712121	19692.028437984492	20160.886257936505	20652.61519105691	21168.93057083333	21711.72366239316	22283.084811403507	22885.330346846844	23521.033967592593	24193.06350952381	24904.624200980394	25659.309782828284	26461.16321354167	27314.749123655907	28225.240761111105	29198.52492528735	30241.32938690476	31361.378623456785	32567.58549358974	33870.28891333333	35281.55095138888	36815.53142753624	38488.96467424242	40321.772515873025	42337.861141666675	44566.16962280703	47042.06793518517	49809.24840196077	52922.326427083324	56450.48152222221	60482.65877380952	65135.17098717948	70563.10190277777	76977.92934848485	84675.72228333335	94084.13587037042	105844.65285416674	120965.31754761912	141126.20380555544	169351.4445666665	211689.30570833315	282252.4076111109	423378.6114166663	846757.2228333326
19728.0	68167.358985	68855.91816666667	69558.52957653062	70275.62781958764	8820.38773784722	8913.233924561404	9008.055562056737	9104.916374551973	9203.882856884056	9305.024426739927	9408.413587037036	9514.126099250938	9622.241168560604	9732.841641762452	9846.014218992248	9961.849680392157	10080.443128968254	10201.894251004016	10326.307595528455	10453.792874485596	10584.465285416665	10718.44585864979	10855.86183119658	10996.84704978355	11141.542405701754	11290.096304444445	11442.665173423422	11599.414011415525	11760.516983796297	11926.158068075118	12096.531754761905	12271.843809178743	12452.312100490197	12638.167504975125	12829.654891414142	13027.034197435896	13230.581606770833	13440.590838624339	13657.374561827955	13881.265948087434	14112.620380555556	14351.81733615819	14599.262462643675	14855.389874269003	15120.66469345238	15395.585869696968	15680.689311728393	15976.551374213836	16283.79274679487	16603.082800653596	16935.144456666665	17280.759649659863	17640.77547569444	18016.111124113475	18407.76571376812	18816.827174074075	19244.48233712121	19692.028437984492	20160.886257936505	20652.61519105691	21168.93057083333	21711.72366239316	22283.084811403507	22885.330346846844	23521.033967592593	24193.06350952381	24904.624200980394	25659.309782828284	26461.16321354167	27314.749123655907	28225.240761111105	29198.52492528735	30241.32938690476	31361.378623456785	32567.58549358974	33870.28891333333	35281.55095138888	36815.53142753624	38488.96467424242	40321.772515873025	42337.861141666675	44566.16962280703	47042.06793518517	49809.24840196077	52922.326427083324	56450.48152222221	60482.65877380952	65135.17098717948	70563.10190277777	76977.92934848485	84675.72228333335	94084.13587037042	105844.65285416674	120965.31754761912	141126.20380555544	169351.4445666665	211689.30570833315	282252.4076111109	423378.6114166663	846757.2228333326
21476.0	68167.358985	68855.91816666667	69558.52957653062	70275.62781958764	71007.66560937499	71755.11472105264	72518.46700531915	73298.23546774194	74094.95541847825	74909.1856978022	75741.50998333332	76592.53818539326	9622.241168560604	9732.841641762452	9846.014218992248	9961.849680392157	10080.443128968254	10201.894251004016	10326.307595528455	10453.792874485596	10584.465285416665	10718.44585864979	10855.86183119658	10996.84704978355	11141.542405701754	11290.096304444445	11442.665173423422	11599.414011415525	11760.516983796297	11926.158068075118	12096.531754761905	12271.843809178743	12452.312100490197	12638.167504975125	12829.654891414142	13027.034197435896	13230.581606770833	13440.590838624339	13657.374561827955	13881.265948087434	14112.620380555556	14351.81733615819	14599.262462643675	14855.389874269003	15120.66469345238	15395.585869696968	15680.689311728393	15976.551374213836	16283.79274679487	16603.082800653596	16935.144456666665	17280.759649659863	17640.77547569444	18016.111124113475	18407.76571376812	18816.827174074075	19244.48233712121	19692.028437984492	20160.886257936505	20652.61519105691	21168.93057083333	21711.72366239316	22283.084811403507	22885.330346846844	23521.033967592593	24193.06350952381	24904.624200980394	25659.309782828284	26461.16321354167	27314.749123655907	28225.240761111105	29198.52492528735	30241.32938690476	31361.378623456785	32567.58549358974	33870.28891333333	35281.55095138888	36815.53142753624	38488.96467424242	40321.772515873025	42337.861141666675	44566.16962280703	47042.06793518517	49809.24840196077	52922.326427083324	56450.48152222221	60482.65877380952	65135.17098717948	70563.10190277777	76977.92934848485	84675.72228333335	94084.13587037042	105844.65285416674	120965.31754761912	141126.20380555544	169351.4445666665	211689.30570833315	282252.4076111109	423378.6114166663	846757.2228333326
23380.0	65446.27891666666	66107.35244107744	69558.52957653062	70275.62781958764	71007.66560937499	71755.11472105264	72518.46700531915	73298.23546774194	74094.95541847825	74909.1856978022	75741.50998333332	76592.53818539326	77462.90793749999	78353.28618965518	79264.37091279069	80196.89292352942	81151.61783928573	82129.3481746988	83130.92559146341	10453.792874485596	10584.465285416665	10718.44585864979	10855.86183119658	10996.84704978355	11141.542405701754	11290.096304444445	11442.665173423422	11599.414011415525	11760.516983796297	11926.158068075118	12096.531754761905	12271.843809178743	12452.312100490197	12638.167504975125	12829.654891414142	13027.034197435896	13230.581606770833	13440.590838624339	13657.374561827955	13881.265948087434	14112.620380555556	14351.81733615819	14599.262462643675	14855.389874269003	15120.66469345238	15395.585869696968	15680.689311728393	15976.551374213836	16283.79274679487	16603.082800653596	16935.144456666665	17280.759649659863	17640.77547569444	18016.111124113475	18407.76571376812	18816.827174074075	19244.48233712121	19692.028437984492	20160.886257936505	20652.61519105691	21168.93057083333	21711.72366239316	22283.084811403507	22885.330346846844	23521.033967592593	24193.06350952381	24904.624200980394	25659.309782828284	26461.16321354167	27314.749123655907	28225.240761111105	29198.52492528735	30241.32938690476	31361.378623456785	32567.58549358974	33870.28891333333	35281.55095138888	36815.53142753624	38488.96467424242	40321.772515873025	42337.861141666675	44566.16962280703	47042.06793518517	49809.24840196077	52922.326427083324	56450.48152222221	60482.65877380952	65135.17098717948	70563.10190277777	76977.92934848485	84675.72228333335	94084.13587037042	105844.65285416674	120965.31754761912	141126.20380555544	169351.4445666665	211689.30570833315	282252.4076111109	423378.6114166663	846757.2228333326
25452.0	65446.27891666666	66107.35244107744	66781.91726190477	67470.39063573885	68173.20720486112	68890.81991228071	69623.70097517731	70372.34292114696	71137.25969202898	71918.98782051282	75741.50998333332	76592.53818539326	77462.90793749999	78353.28618965518	79264.37091279069	80196.89292352942	81151.61783928573	82129.3481746988	83130.92559146341	84157.23331481482	85209.19873124998	86287.79618354431	87394.04998076922	88529.03764285713	89693.89340131579	90889.81198000001	11442.665173423422	11599.414011415525	11760.516983796297	11926.158068075118	12096.531754761905	12271.843809178743	12452.312100490197	12638.167504975125	12829.654891414142	13027.034197435896	13230.581606770833	13440.590838624339	13657.374561827955	13881.265948087434	14112.620380555556	14351.81733615819	14599.262462643675	14855.389874269003	15120.66469345238	15395.585869696968	15680.689311728393	15976.551374213836	16283.79274679487	16603.082800653596	16935.144456666665	17280.759649659863	17640.77547569444	18016.111124113475	18407.76571376812	18816.827174074075	19244.48233712121	19692.028437984492	20160.886257936505	20652.61519105691	21168.93057083333	21711.72366239316	22283.084811403507	22885.330346846844	23521.033967592593	24193.06350952381	24904.624200980394	25659.309782828284	26461.16321354167	27314.749123655907	28225.240761111105	29198.52492528735	30241.32938690476	31361.378623456785	32567.58549358974	33870.28891333333	35281.55095138888	36815.53142753624	38488.96467424242	40321.772515873025	42337.861141666675	44566.16962280703	47042.06793518517	49809.24840196077	52922.326427083324	56450.48152222221	60482.65877380952	65135.17098717948	70563.10190277777	76977.92934848485	84675.72228333335	94084.13587037042	105844.65285416674	120965.31754761912	141126.20380555544	169351.4445666665	211689.30570833315	282252.4076111109	423378.6114166663	846757.2228333326
27709.0	65163.29481666666	66107.35244107744	66781.91726190477	67470.39063573885	68173.20720486112	68890.81991228071	69623.70097517731	70372.34292114696	71137.25969202898	71918.98782051282	72718.08768518518	73535.14485018728	74370.77149621211	75225.60795019157	76100.32432170543	76995.62225490197	77912.23680555556	82129.3481746988	83130.92559146341	84157.23331481482	85209.19873124998	86287.79618354431	87394.04998076922	88529.03764285713	89693.89340131579	90889.81198000001	92118.05268243242	93379.9438150685	94676.88747916667	96010.36476760564	97381.94140714286	98793.27389130434	12452.312100490197	12638.167504975125	12829.654891414142	13027.034197435896	13230.581606770833	13440.590838624339	13657.374561827955	13881.265948087434	14112.620380555556	14351.81733615819	14599.262462643675	14855.389874269003	15120.66469345238	15395.585869696968	15680.689311728393	15976.551374213836	16283.79274679487	16603.082800653596	16935.144456666665	17280.759649659863	17640.77547569444	18016.111124113475	18407.76571376812	18816.827174074075	19244.48233712121	19692.028437984492	20160.886257936505	20652.61519105691	21168.93057083333	21711.72366239316	22283.084811403507	22885.330346846844	23521.033967592593	24193.06350952381	24904.624200980394	25659.309782828284	26461.16321354167	27314.749123655907	28225.240761111105	29198.52492528735	30241.32938690476	31361.378623456785	32567.58549358974	33870.28891333333	35281.55095138888	36815.53142753624	38488.96467424242	40321.772515873025	42337.861141666675	44566.16962280703	47042.06793518517	49809.24840196077	52922.326427083324	56450.48152222221	60482.65877380952	65135.17098717948	70563.10190277777	76977.92934848485	84675.72228333335	94084.13587037042	105844.65285416674	120965.31754761912	141126.20380555544	169351.4445666665	211689.30570833315	282252.4076111109	423378.6114166663	846757.2228333326
30165.0	65163.29481666666	65821.5099158249	66493.15797619047	67178.65445017183	67878.43210069444	68592.94191228072	69322.65406028369	70068.05894265234	70829.6682789855	71918.98782051282	72718.08768518518	73535.14485018728	74370.77149621211	75225.60795019157	76100.32432170543	76995.62225490197	77912.23680555556	78850.93845381527	79812.53526422764	80797.87520576132	81807.84864583332	82843.39103375528	83905.4857905983	84995.16742424242	89693.89340131579	90889.81198000001	92118.05268243242	93379.9438150685	94676.88747916667	96010.36476760564	97381.94140714286	98793.27389130434	100246.11615441178	101742.32684328359	103283.87725	104872.85997692306	106511.49841406249	108202.15711904762	13657.374561827955	13881.265948087434	14112.620380555556	14351.81733615819	14599.262462643675	14855.389874269003	15120.66469345238	15395.585869696968	15680.689311728393	15976.551374213836	16283.79274679487	16603.082800653596	16935.144456666665	17280.759649659863	17640.77547569444	18016.111124113475	18407.76571376812	18816.827174074075	19244.48233712121	19692.028437984492	20160.886257936505	20652.61519105691	21168.93057083333	21711.72366239316	22283.084811403507	22885.330346846844	23521.033967592593	24193.06350952381	24904.624200980394	25659.309782828284	26461.16321354167	27314.749123655907	28225.240761111105	29198.52492528735	30241.32938690476	31361.378623456785	32567.58549358974	33870.28891333333	35281.55095138888	36815.53142753624	38488.96467424242	40321.772515873025	42337.861141666675	44566.16962280703	47042.06793518517	49809.24840196077	52922.326427083324	56450.48152222221	60482.65877380952	65135.17098717948	70563.10190277777	76977.92934848485	84675.72228333335	94084.13587037042	105844.65285416674	120965.31754761912	141126.20380555544	169351.4445666665	211689.30570833315	282252.4076111109	423378.6114166663	846757.2228333326
32838.0	66306.61441166665	66976.3781936027	66493.15797619047	67178.65445017183	67878.43210069444	68592.94191228072	69322.65406028369	70068.05894265234	70829.6682789855	71608.01628205128	72403.6609074074	73217.18518726592	74049.19865530301	74900.3388697318	75771.27304263566	76662.69978431374	77912.23680555556	78850.93845381527	79812.53526422764	80797.87520576132	81807.84864583332	82843.39103375528	83905.4857905983	84995.16742424242	86113.52489035088	87261.70522222223	88440.91745495495	89652.43687214614	90897.60960648149	92177.857629108	97381.94140714286	98793.27389130434	100246.11615441178	101742.32684328359	103283.87725	104872.85997692306	106511.49841406249	108202.15711904762	109947.3532016129	111749.76882786886	113612.264975	115537.89658474574	117529.92928448274	14855.389874269003	15120.66469345238	15395.585869696968	15680.689311728393	15976.551374213836	16283.79274679487	16603.082800653596	16935.144456666665	17280.759649659863	17640.77547569444	18016.111124113475	18407.76571376812	18816.827174074075	19244.48233712121	19692.028437984492	20160.886257936505	20652.61519105691	21168.93057083333	21711.72366239316	22283.084811403507	22885.330346846844	23521.033967592593	24193.06350952381	24904.624200980394	25659.309782828284	26461.16321354167	27314.749123655907	28225.240761111105	29198.52492528735	30241.32938690476	31361.378623456785	32567.58549358974	33870.28891333333	35281.55095138888	36815.53142753624	38488.96467424242	40321.772515873025	42337.861141666675	44566.16962280703	47042.06793518517	49809.24840196077	52922.326427083324	56450.48152222221	60482.65877380952	65135.17098717948	70563.10190277777	76977.92934848485	84675.72228333335	94084.13587037042	105844.65285416674	120965.31754761912	141126.20380555544	169351.4445666665	211689.30570833315	282252.4076111109	423378.6114166663	846757.2228333326
35749.0	66306.61441166665	66976.3781936027	67659.81062414966	68357.33444501719	69069.39001215277	69796.43622280702	70538.95150177304	71297.43485125448	72072.40696920289	72864.41144139195	72403.6609074074	73217.18518726592	74049.19865530301	74900.3388697318	75771.27304263566	76662.69978431374	77575.35097222222	78509.99375502008	79467.43270325202	80448.51211934155	81454.11852083332	82485.18331223629	83542.68566239315	84995.16742424242	86113.52489035088	87261.70522222223	88440.91745495495	89652.43687214614	90897.60960648149	92177.857629108	93494.68416666667	94849.67958937198	96244.52781862747	97681.01330845772	99161.02866161618	100686.58294871794	106511.49841406249	108202.15711904762	109947.3532016129	111749.76882786886	113612.264975	115537.89658474574	117529.92928448274	119591.85786842104	121727.42675892856	123940.65269999998	126235.8499722222	15976.551374213836	16283.79274679487	16603.082800653596	16935.144456666665	17280.759649659863	17640.77547569444	18016.111124113475	18407.76571376812	18816.827174074075	19244.48233712121	19692.028437984492	20160.886257936505	20652.61519105691	21168.93057083333	21711.72366239316	22283.084811403507	22885.330346846844	23521.033967592593	24193.06350952381	24904.624200980394	25659.309782828284	26461.16321354167	27314.749123655907	28225.240761111105	29198.52492528735	30241.32938690476	31361.378623456785	32567.58549358974	33870.28891333333	35281.55095138888	36815.53142753624	38488.96467424242	40321.772515873025	42337.861141666675	44566.16962280703	47042.06793518517	49809.24840196077	52922.326427083324	56450.48152222221	60482.65877380952	65135.17098717948	70563.10190277777	76977.92934848485	84675.72228333335	94084.13587037042	105844.65285416674	120965.31754761912	141126.20380555544	169351.4445666665	211689.30570833315	282252.4076111109	423378.6114166663	846757.2228333326
38918.0	67538.69455833333	68220.9035942761	68917.03526360544	69627.52016323025	69069.39001215277	69796.43622280702	70538.95150177304	71297.43485125448	72072.40696920289	72864.41144139195	73674.01601296295	74501.81394569289	75348.42546780301	76214.49932375479	77100.71443217054	78007.78166078431	78936.4457281746	78509.99375502008	79467.43270325202	80448.51211934155	81454.11852083332	82485.18331223629	83542.68566239315	84627.6556060606	85741.17739035087	86884.39308888889	88058.506509009	89264.78742009134	90504.57613425926	91779.28847417841	93494.68416666667	94849.67958937198	96244.52781862747	97681.01330845772	99161.02866161618	100686.58294871794	102259.81080729167	103882.98240740741	105558.51438172042	107288.9818306011	109077.13152777779	115537.89658474574	117529.92928448274	119591.85786842104	121727.42675892856	123940.65269999998	126235.8499722222	128617.65846226414	131091.07497115384	133661.48820588237	136334.71797	139117.05915306124	17640.77547569444	18016.111124113475	18407.76571376812	18816.827174074075	19244.48233712121	19692.028437984492	20160.886257936505	20652.61519105691	21168.93057083333	21711.72366239316	22283.084811403507	22885.330346846844	23521.033967592593	24193.06350952381	24904.624200980394	25659.309782828284	26461.16321354167	27314.749123655907	28225.240761111105	29198.52492528735	30241.32938690476	31361.378623456785	32567.58549358974	33870.28891333333	35281.55095138888	36815.53142753624	38488.96467424242	40321.772515873025	42337.861141666675	44566.16962280703	47042.06793518517	49809.24840196077	52922.326427083324	56450.48152222221	60482.65877380952	65135.17098717948	70563.10190277777	76977.92934848485	84675.72228333335	94084.13587037042	105844.65285416674	120965.31754761912	141126.20380555544	169351.4445666665	211689.30570833315	282252.4076111109	423378.6114166663	846757.2228333326
42367.0	67538.69455833333	68220.9035942761	68917.03526360544	69627.52016323025	70352.80683159722	71093.36269298247	71849.67506205675	72622.25221326166	73411.62451992753	74218.34566849818	75042.9939537037	74501.81394569289	75348.42546780301	76214.49932375479	77100.71443217054	78007.78166078431	78936.4457281746	79887.48724297188	80861.72489227641	81860.01779218107	82883.26801458331	83932.42330590717	85008.48001495725	86112.48624891773	85741.17739035087	86884.39308888889	88058.506509009	89264.78742009134	90504.57613425926	91779.28847417841	93090.42116666667	94439.557705314	95828.37473039216	97258.6489800995	98732.26487373738	100686.58294871794	102259.81080729167	103882.98240740741	105558.51438172042	107288.9818306011	109077.13152777779	110925.89646892654	112838.41192528735	114818.0331871345	116868.35520833332	118993.23439393938	126235.8499722222	128617.65846226414	131091.07497115384	133661.48820588237	136334.71797	139117.05915306124	142015.33121874998	145036.9340106383	148189.91083695655	151483.01996666667	19244.48233712121	19692.028437984492	20160.886257936505	20652.61519105691	21168.93057083333	21711.72366239316	22283.084811403507	22885.330346846844	23521.033967592593	24193.06350952381	24904.624200980394	25659.309782828284	26461.16321354167	27314.749123655907	28225.240761111105	29198.52492528735	30241.32938690476	31361.378623456785	32567.58549358974	33870.28891333333	35281.55095138888	36815.53142753624	38488.96467424242	40321.772515873025	42337.861141666675	44566.16962280703	47042.06793518517	49809.24840196077	52922.326427083324	56450.48152222221	60482.65877380952	65135.17098717948	70563.10190277777	76977.92934848485	84675.72228333335	94084.13587037042	105844.65285416674	120965.31754761912	141126.20380555544	169351.4445666665	211689.30570833315	282252.4076111109	423378.6114166663	846757.2228333326
46123.0	68939.04031333333	69635.39425589226	70345.95950340138	71071.17558075603	71811.5003263889	72567.41085614037	71849.67506205675	72622.25221326166	73411.62451992753	74218.34566849818	75042.9939537037	75886.1736610487	76748.5165435606	77630.68340038315	78533.36576550387	79457.28771568628	80403.20780753969	81371.92115461848	82364.26165650407	81860.01779218107	82883.26801458331	83932.42330590717	85008.48001495725	86112.48624891773	87245.54527850877	88408.81921555556	89603.53298873873	90830.97864611873	92092.5200162037	93389.5977629108	93090.42116666667	94439.557705314	95828.37473039216	97258.6489800995	98732.26487373738	100251.22279487178	101817.64815104166	103433.8012962963	105102.08841397849	106825.07346994536	108605.49136111111	110925.89646892654	112838.41192528735	114818.0331871345	116868.35520833332	118993.23439393938	121196.81280864196	123483.54512578616	125858.22868589743	128326.0370915033	136334.71797	139117.05915306124	142015.33121874998	145036.9340106383	148189.91083695655	151483.01996666667	154925.815875	158528.74182558135	162303.23567857142	20652.61519105691	21168.93057083333	21711.72366239316	22283.084811403507	22885.330346846844	23521.033967592593	24193.06350952381	24904.624200980394	25659.309782828284	26461.16321354167	27314.749123655907	28225.240761111105	29198.52492528735	30241.32938690476	31361.378623456785	32567.58549358974	33870.28891333333	35281.55095138888	36815.53142753624	38488.96467424242	40321.772515873025	42337.861141666675	44566.16962280703	47042.06793518517	49809.24840196077	52922.326427083324	56450.48152222221	60482.65877380952	65135.17098717948	70563.10190277777	76977.92934848485	84675.72228333335	94084.13587037042	105844.65285416674	120965.31754761912	141126.20380555544	169351.4445666665	211689.30570833315	282252.4076111109	423378.6114166663	846757.2228333326
50211.0	69658.238375	70361.85694444444	70345.95950340138	71071.17558075603	71811.5003263889	72567.41085614037	73339.4045886525	74128.00033691757	74933.73947101449	75757.18715750916	76598.93368148147	77459.59585767791	78339.81853787879	79240.27622222222	78533.36576550387	79457.28771568628	80403.20780753969	81371.92115461848	82364.26165650407	83381.1043930041	84423.36819791666	85492.01842827005	86588.06994658119	87712.59033549784	88866.70336622807	88408.81921555556	89603.53298873873	90830.97864611873	92092.5200162037	93389.5977629108	94723.73487380952	96096.54262560386	97509.7270759804	98965.09613681592	100464.56729040404	102010.1760179487	101817.64815104166	103433.8012962963	105102.08841397849	106825.07346994536	108605.49136111111	110446.26240112992	112350.50830459768	114321.56985380115	116363.02645833332	118993.23439393938	121196.81280864196	123483.54512578616	125858.22868589743	128326.0370915033	130892.55783333333	133563.83452380955	136346.41440972223	139247.40195035463	148189.91083695655	151483.01996666667	154925.815875	158528.74182558135	162303.23567857142	166261.85118292682	170418.39746249997	174788.09996153845	179387.78680263157	22885.330346846844	23521.033967592593	24193.06350952381	24904.624200980394	25659.309782828284	26461.16321354167	27314.749123655907	28225.240761111105	29198.52492528735	30241.32938690476	31361.378623456785	32567.58549358974	33870.28891333333	35281.55095138888	36815.53142753624	38488.96467424242	40321.772515873025	42337.861141666675	44566.16962280703	47042.06793518517	49809.24840196077	52922.326427083324	56450.48152222221	60482.65877380952	65135.17098717948	70563.10190277777	76977.92934848485	84675.72228333335	94084.13587037042	105844.65285416674	120965.31754761912	141126.20380555544	169351.4445666665	211689.30570833315	282252.4076111109	423378.6114166663	846757.2228333326
54661.0	69658.238375	70361.85694444444	71079.83507653062	71812.61688144332	72560.66497395834	73324.46144736843	74104.50890957448	74901.33158602152	75715.47649456521	76547.51469780221	76598.93368148147	77459.59585767791	78339.81853787879	79240.27622222222	80161.67478294575	81104.75330980393	82070.2860873016	83059.08471485945	84072.00038211382	85109.9263127572	86173.80039166666	85492.01842827005	86588.06994658119	87712.59033549784	88866.70336622807	90051.59274444445	91268.5061599099	92518.75966894979	93803.74244212963	95124.92191314555	96483.84936904762	96096.54262560386	97509.7270759804	98965.09613681592	100464.56729040404	102010.1760179487	103604.08501822916	105248.5943042328	106946.15227688171	108699.36788797815	110511.02401944445	110446.26240112992	112350.50830459768	114321.56985380115	116363.02645833332	118478.71784848483	120672.76817901233	122949.6128616352	125314.02849358972	127771.16630718956	130892.55783333333	133563.83452380955	136346.41440972223	139247.40195035463	142274.519384058	145436.1753703704	148741.54299242425	152200.64864341082	162303.23567857142	166261.85118292682	170418.39746249997	174788.09996153845	179387.78680263157	184236.10536486484	189353.77495833335	194763.88281428572	24904.624200980394	25659.309782828284	26461.16321354167	27314.749123655907	28225.240761111105	29198.52492528735	30241.32938690476	31361.378623456785	32567.58549358974	33870.28891333333	35281.55095138888	36815.53142753624	38488.96467424242	40321.772515873025	42337.861141666675	44566.16962280703	47042.06793518517	49809.24840196077	52922.326427083324	56450.48152222221	60482.65877380952	65135.17098717948	70563.10190277777	76977.92934848485	84675.72228333335	94084.13587037042	105844.65285416674	120965.31754761912	141126.20380555544	169351.4445666665	211689.30570833315	282252.4076111109	423378.6114166663	846757.2228333326
59506.0	69260.03932	69959.63567676768	70673.50951020408	71402.10239175259	72145.87429166667	72905.30454736843	74104.50890957448	74901.33158602152	75715.47649456521	76547.51469780221	77398.04263888889	78267.68356741575	79157.08906249999	80066.94066091954	80997.95159883721	81950.8686764706	82926.47425595239	83059.08471485945	84072.00038211382	85109.9263127572	86173.80039166666	87264.60799156119	88383.38501709401	89531.22118614719	90709.26357017545	91918.72041777779	93160.86528828829	94437.04152511417	93803.74244212963	95124.92191314555	96483.84936904762	97882.16602657005	99321.60964460786	100804.02172885573	102331.35539141415	103905.68393589742	105529.21024739582	105248.5943042328	106946.15227688171	108699.36788797815	110511.02401944445	112384.09222316383	114321.74898563216	116327.39370467834	118404.66859226189	120557.48074848483	120672.76817901233	122949.6128616352	125314.02849358972	127771.16630718956	130326.58963333332	132986.31595238094	135756.86420138887	138645.30812056738	142274.519384058	145436.1753703704	148741.54299242425	152200.64864341082	155824.4736111111	159625.07052845528	163615.69729166664	167810.9715811966	179387.78680263157	184236.10536486484	189353.77495833335	194763.88281428572	200492.23230882356	206567.7545	213022.996828125	27314.749123655907	28225.240761111105	29198.52492528735	30241.32938690476	31361.378623456785	32567.58549358974	33870.28891333333	35281.55095138888	36815.53142753624	38488.96467424242	40321.772515873025	42337.861141666675	44566.16962280703	47042.06793518517	49809.24840196077	52922.326427083324	56450.48152222221	60482.65877380952	65135.17098717948	70563.10190277777	76977.92934848485	84675.72228333335	94084.13587037042	105844.65285416674	120965.31754761912	141126.20380555544	169351.4445666665	211689.30570833315	282252.4076111109	423378.6114166663	846757.2228333326
64781.0	69101.66751666667	69799.66415824916	70511.9056292517	71402.10239175259	72145.87429166667	72905.30454736843	73680.89289361703	74473.1605591398	75282.65143478259	76109.93331868132	76955.59924444443	77820.26889887641	78704.59013636362	79609.24059770115	80997.95159883721	81950.8686764706	82926.47425595239	83925.58840361446	84949.0711890244	85997.82515432099	87072.79796874999	88174.98528481013	89305.43381410257	90465.24464285714	90709.26357017545	91918.72041777779	93160.86528828829	94437.04152511417	95748.66710185187	97097.23987793429	98484.3433047619	99911.65262801934	101380.94163725492	100804.02172885573	102331.35539141415	103905.68393589742	105529.21024739582	107204.27707671958	108933.37831989246	110719.17140710384	112564.49093055556	114472.36365819207	114321.74898563216	116327.39370467834	118404.66859226189	120557.48074848483	122790.02668827158	125106.81964465407	127512.72002243588	130012.96943464053	130326.58963333332	132986.31595238094	135756.86420138887	138645.30812056738	141659.33655797102	144807.32181481482	148098.39731060606	151542.5460852713	155824.4736111111	159625.07052845528	163615.69729166664	167810.9715811966	172227.04978070175	176881.8349099099	181795.21921296298	194763.88281428572	200492.23230882356	206567.7545	213022.996828125	219894.70640322578	227224.52994999994	29198.52492528735	30241.32938690476	31361.378623456785	32567.58549358974	33870.28891333333	35281.55095138888	36815.53142753624	38488.96467424242	40321.772515873025	42337.861141666675	44566.16962280703	47042.06793518517	49809.24840196077	52922.326427083324	56450.48152222221	60482.65877380952	65135.17098717948	70563.10190277777	76977.92934848485	84675.72228333335	94084.13587037042	105844.65285416674	120965.31754761912	141126.20380555544	169351.4445666665	211689.30570833315	282252.4076111109	423378.6114166663	846757.2228333326
70522.0	69101.66751666667	69799.66415824916	70511.9056292517	71238.83249140895	71980.90366319445	72738.59738596492	73512.41225177306	74302.86829749105	75110.50817028985	75935.89836996338	76779.63057407406	77820.26889887641	78704.59013636362	79609.24059770115	80534.92944186047	81482.3992	82452.42776190476	83445.8305060241	84463.46258536585	85506.22138271604	86575.04914999999	88174.98528481013	89305.43381410257	90465.24464285714	91655.57680921053	92877.65116666668	94132.7545608108	95422.24434931508	96747.55329861112	98110.19489436621	98484.3433047619	99911.65262801934	101380.94163725492	102894.09001990051	104453.0913838384	106060.06202051282	107717.25048958334	109427.04811640213	111192.00050537635	110719.17140710384	112564.49093055556	114472.36365819207	116446.0251005747	118488.93782163742	120604.8117113095	122797.62646969696	125071.65658950616	125106.81964465407	127512.72002243588	130012.96943464053	132613.2288233333	135319.6212482993	138138.78002430554	141077.9030035461	141659.33655797102	144807.32181481482	148098.39731060606	151542.5460852713	155150.70194444442	158934.86540650405	162908.23704166664	167810.9715811966	172227.04978070175	176881.8349099099	181795.21921296298	186989.36833333335	192489.05563725493	198322.05732323235	213022.996828125	219894.70640322578	227224.52994999994	235059.8585689655	243454.85351785712	252471.6999444444	32567.58549358974	33870.28891333333	35281.55095138888	36815.53142753624	38488.96467424242	40321.772515873025	42337.861141666675	44566.16962280703	47042.06793518517	49809.24840196077	52922.326427083324	56450.48152222221	60482.65877380952	65135.17098717948	70563.10190277777	76977.92934848485	84675.72228333335	94084.13587037042	105844.65285416674	120965.31754761912	141126.20380555544	169351.4445666665	211689.30570833315	282252.4076111109	423378.6114166663	846757.2228333326
76773.0	69052.3758	69749.87454545454	70461.60795918368	71188.01628865981	71929.558125	72686.71136842106	73459.97425531916	74249.8664516129	75110.50817028985	75935.89836996338	76779.63057407406	77642.32305243447	78524.6221780303	79427.2040421456	80350.77618217055	81296.07943137256	82263.88990079366	83255.02110441767	84463.46258536585	85506.22138271604	86575.04914999999	87670.93584810126	88794.9222051282	89948.103012987	91131.63068421053	92346.71909333333	93594.64772972972	95422.24434931508	96747.55329861112	98110.19489436621	99511.76910714286	100953.9686594203	102438.58584558826	103967.51996268658	105542.78541666668	107166.52057692307	107717.25048958334	109427.04811640213	111192.00050537635	113014.82018579237	114898.40052222223	116845.83103954802	118860.41433333332	120945.68476023391	120604.8117113095	122797.62646969696	125071.65658950616	127431.49916666666	129882.10491987178	132428.81285947716	135077.38911666666	135319.6212482993	138138.78002430554	141077.9030035461	144144.81393840583	147348.03202592593	150696.85093560605	154201.42886434105	155150.70194444442	158934.86540650405	162908.23704166664	167085.3713247863	171482.35478070175	176117.013018018	181009.15226851852	186989.36833333335	192489.05563725493	198322.05732323235	204519.62161458336	211117.02876344082	227224.52994999994	235059.8585689655	243454.85351785712	252471.6999444444	262182.1499423077	272669.43594	35281.55095138888	36815.53142753624	38488.96467424242	40321.772515873025	42337.861141666675	44566.16962280703	47042.06793518517	49809.24840196077	52922.326427083324	56450.48152222221	60482.65877380952	65135.17098717948	70563.10190277777	76977.92934848485	84675.72228333335	94084.13587037042	105844.65285416674	120965.31754761912	141126.20380555544	169351.4445666665	211689.30570833315	282252.4076111109	423378.6114166663	846757.2228333326
83578.0	68386.58300833333	69077.35657407407	69782.22755952382	70501.63196735397	71236.02396701388	72686.71136842106	73459.97425531916	74249.8664516129	75056.93021739129	75881.73164835166	76724.862	77586.9391011236	78468.60886363636	79370.54689655172	80293.46023255814	81296.07943137256	82263.88990079366	83255.02110441767	84270.3262398374	85310.70063786008	86377.08439583333	87470.46521097048	88591.88143162393	89742.42534632035	90923.24673245614	92346.71909333333	93594.64772972972	94876.76619178083	96194.49905555556	97549.35115492958	98942.91331428572	100376.86857971015	101852.99900000001	103967.51996268658	105542.78541666668	107166.52057692307	108840.9974609375	110568.63234126985	112351.99737903225	114193.83340163936	116097.06395833334	116845.83103954802	118860.41433333332	120945.68476023391	123105.42913095238	125343.70966060605	127664.8894691358	130073.66096855346	132575.077525641	132428.81285947716	135077.38911666666	137834.0705272109	140705.61366319444	143699.3501241135	146823.2490398551	147348.03202592593	150696.85093560605	154201.42886434105	157872.89145634917	161723.44978455282	165766.53602916663	170016.9600299145	171482.35478070175	176117.013018018	181009.15226851852	186180.84233333333	191656.7494607843	198322.05732323235	204519.62161458336	211117.02876344082	218154.26305555552	225676.8238505747	233736.71041666664	252471.6999444444	262182.1499423077	272669.43594	284030.66243749997	296379.8216739131	38488.96467424242	40321.772515873025	42337.861141666675	44566.16962280703	47042.06793518517	49809.24840196077	52922.326427083324	56450.48152222221	60482.65877380952	65135.17098717948	70563.10190277777	76977.92934848485	84675.72228333335	94084.13587037042	105844.65285416674	120965.31754761912	141126.20380555544	169351.4445666665	211689.30570833315	282252.4076111109	423378.6114166663	846757.2228333326
90986.0	67504.367665	68186.22996464647	68882.00782142857	70501.63196735397	71236.02396701388	71985.8768508772	72751.68405141844	73533.96022401434	74333.2424003623	75150.09121794872	75985.09223148148	76838.8573127341	77712.02614583333	79370.54689655172	80293.46023255814	81238.0891764706	82205.2092857143	83195.63349397591	84210.21439024391	85249.84666666666	86315.46974999999	87408.0706329114	88591.88143162393	89742.42534632035	90923.24673245614	92135.5566888889	93380.63177927928	94659.81851598175	95974.5382175926	97326.29227699531	98716.66788095239	100376.86857971015	101852.99900000001	103373.19301492537	104939.45351515153	106553.90664615383	108218.81143749999	109936.57034920635	111709.74083870967	114193.83340163936	116097.06395833334	118064.81080508474	120100.4109913793	122207.43574561403	124389.71138392856	126651.3425	127664.8894691358	130073.66096855346	132575.077525641	135174.58884967322	137878.08062666666	140691.91900680275	143623.0006527778	143699.3501241135	146823.2490398551	150085.98790740743	153497.03308712124	157066.7315310077	160806.41561507934	161723.44978455282	165766.53602916663	170016.9600299145	174491.09055701754	179207.06597747747	184185.0400324074	186180.84233333333	191656.7494607843	197464.52974747476	203635.29630208336	210204.17682795695	218154.26305555552	225676.8238505747	233736.71041666664	242393.62561728392	251716.45737179485	272669.43594	284030.66243749997	296379.8216739131	309851.63175	324606.47135714296	42337.861141666675	44566.16962280703	47042.06793518517	49809.24840196077	52922.326427083324	56450.48152222221	60482.65877380952	65135.17098717948	70563.10190277777	76977.92934848485	84675.72228333335	94084.13587037042	105844.65285416674	120965.31754761912	141126.20380555544	169351.4445666665	211689.30570833315	282252.4076111109	423378.6114166663	846757.2228333326
99051.0	66870.45491166666	68186.22996464647	68882.00782142857	69592.13161340207	70317.04965104166	71057.22912105265	71813.15709042553	72585.34157526882	73374.31267934781	74180.6238076923	75004.8529611111	76838.8573127341	77712.02614583333	78605.2678256705	79519.28256782946	80454.8035392157	81412.59881944445	82393.47350401607	83398.27196138212	84427.88025720164	86315.46974999999	87408.0706329114	88528.68692307692	89678.41012987013	90858.38921052632	92069.8344	93314.02135135134	94592.29561643836	95906.07750000001	97326.29227699531	98716.66788095239	100147.34422705314	101620.0992892157	103136.81718905474	104699.49623737375	106310.25771794871	108218.81143749999	109936.57034920635	111709.74083870967	113541.04806557378	115433.39886666667	117389.89715254235	119413.8608965517	121508.84091228069	124389.71138392856	126651.3425	128996.73773148148	131430.63844339622	133958.15072115383	136584.78112745102	137878.08062666666	140691.91900680275	143623.0006527778	146678.809177305	149867.47894202903	153197.86736296298	156679.6370757576	157066.7315310077	160806.41561507934	164728.52331300813	168846.73639583332	173176.13989316238	174491.09055701754	179207.06597747747	184185.0400324074	189447.46974761903	195019.4541519608	200929.13458080808	203635.29630208336	210204.17682795695	217210.98272222216	224701.01660919536	232726.05291666664	242393.62561728392	251716.45737179485	261785.11566666665	272692.82881944446	296379.8216739131	309851.63175	324606.47135714296	340836.79492500005	44566.16962280703	47042.06793518517	49809.24840196077	52922.326427083324	56450.48152222221	60482.65877380952	65135.17098717948	70563.10190277777	76977.92934848485	84675.72228333335	94084.13587037042	105844.65285416674	120965.31754761912	141126.20380555544	169351.4445666665	211689.30570833315	282252.4076111109	423378.6114166663	846757.2228333326
107830.0	66870.45491166666	67545.91405218854	68235.15807312925	68938.61331099657	69656.72386631944	70389.9525385965	71138.78182092198	71903.71495878136	72685.27707789853	74180.6238076923	75004.8529611111	75847.60411797753	76709.50871022727	77591.22720114942	78493.45077325581	79416.90313529412	80362.34245833334	81330.56345180723	83398.27196138212	84427.88025720164	85483.22876041666	86565.2949472574	87675.10642094017	88813.74416666667	89982.34606359649	91182.11067777779	92414.30136261262	94592.29561643836	95906.07750000001	97256.86732394368	98646.25114285715	100075.90695652175	101547.61147058825	103063.24746268659	104699.49623737375	106310.25771794871	107971.35549479167	109685.18653439154	111454.30244623656	113281.42215846997	115169.44586111112	117121.47036723162	119413.8608965517	121508.84091228069	123678.64164285712	125927.3442181818	128259.33207407406	130679.3194716981	133958.15072115383	136584.78112745102	139316.47675	142159.67015306125	145121.32994791667	148209.01781914895	151430.95298913048	153197.86736296298	156679.6370757576	160323.34956589146	164140.57217460318	168144.00076422765	168846.73639583332	173176.13989316238	177733.40673245615	182537.0123198198	187607.48488425926	192967.69873809523	195019.4541519608	200929.13458080808	207208.17003645835	213892.3045537634	217210.98272222216	224701.01660919536	232726.05291666664	241345.53635802466	250628.05698717944	261785.11566666665	272692.82881944446	284549.038768116	297483.0859848485	324606.47135714296	340836.79492500005	358775.57360526326	378707.5499166666	49809.24840196077	52922.326427083324	56450.48152222221	60482.65877380952	65135.17098717948	70563.10190277777	76977.92934848485	84675.72228333335	94084.13587037042	105844.65285416674	120965.31754761912	141126.20380555544	169351.4445666665	211689.30570833315	282252.4076111109	423378.6114166663	846757.2228333326
117388.0	66543.46288333333	67215.61907407407	67901.49273809524	68601.50812714778	69316.10717013889	70045.75040350878	70790.91796099291	71903.71495878136	72685.27707789853	73484.01638644689	74300.50545740739	75135.34259737829	75989.1533087121	76862.59185249041	77756.34292054264	78671.1234254902	80362.34245833334	81330.56345180723	82322.39959146341	83338.72551234567	84380.45958124999	85448.56666455696	86544.06110897435	87668.00995454544	88821.53640131578	91182.11067777779	92414.30136261262	93680.25069634705	94981.36528935186	96319.1309976526	97695.11858333334	99110.98986714976	100568.50442401963	103063.24746268659	104624.81181818183	106234.4243076923	107894.3371875	109606.94571428573	111374.79967741936	113200.61606557379	115169.44586111112	117121.47036723162	119140.80606321838	121230.99564327484	123395.83485119048	125639.39548484847	128259.33207407406	130679.3194716981	133192.3833076923	135803.99866666668	138520.07864	141347.01902040816	144291.74858333333	148209.01781914895	151430.95298913048	154796.0852777778	158314.178125	161995.9031976744	164140.57217460318	168144.00076422765	172347.60078333333	176766.77003418803	181418.5271403509	186321.73057657658	187607.48488425926	192967.69873809523	198643.21928921572	204662.7107828283	207208.17003645835	213892.3045537634	221022.04803888884	228643.49797126433	236809.33718452379	241345.53635802466	250628.05698717944	260653.17926666664	271513.72840277775	284549.038768116	297483.0859848485	311648.9472222223	327231.3945833334	358775.57360526326	378707.5499166666	400984.464617647	52922.326427083324	56450.48152222221	60482.65877380952	65135.17098717948	70563.10190277777	76977.92934848485	84675.72228333335	94084.13587037042	105844.65285416674	120965.31754761912	141126.20380555544	169351.4445666665	211689.30570833315	282252.4076111109	423378.6114166663	846757.2228333326
127792.0	66602.22286499999	67274.97259090909	67961.45190306123	68662.08542783506	69377.315484375	70107.60301578949	70790.91796099291	71552.11062724015	72329.85096014492	73124.68448717949	73937.18098148148	74767.93582397004	75617.57145833333	76486.73894636016	77376.11963178295	78671.1234254902	79607.6844186508	80566.81314658634	81549.33525813007	82556.11717489711	83588.06863958332	84646.1454578059	85731.3524508547	87668.00995454544	88821.53640131578	90005.82355333334	91222.11846621621	92471.73652739727	93756.0662013889	95076.57417605634	96434.81095	99110.98986714976	100568.50442401963	102069.52687810946	103616.03486111113	105210.1277051282	106854.03595052083	108550.13175925927	111374.79967741936	113200.61606557379	115087.293	117037.92508474576	119055.82034482757	121144.51894736841	123307.81392857143	125639.39548484847	127966.05095679012	130380.50474842767	132887.8221474359	135493.46571895428	138203.33503333334	141347.01902040816	144291.74858333333	147361.78578723405	150565.30286956523	153911.19848888888	157409.18027272727	161995.9031976744	165852.94851190475	169898.1423780488	174145.59593749998	178610.86762820513	181418.5271403509	186321.73057657658	191497.33420370374	196968.6866095238	202761.88327450983	204662.7107828283	211058.42049479167	217866.7566397849	225128.98186111107	228643.49797126433	236809.33718452379	245580.05337654316	255025.44004487176	260653.17926666664	271513.72840277775	283318.67311594205	296196.7946212121	311648.9472222223	327231.3945833334	344454.0995614036	378707.5499166666	400984.464617647	426045.9936562499	454449.0598999999	60482.65877380952	65135.17098717948	70563.10190277777	76977.92934848485	84675.72228333335	94084.13587037042	105844.65285416674	120965.31754761912	141126.20380555544	169351.4445666665	211689.30570833315	282252.4076111109	423378.6114166663	846757.2228333326
139119.0	67144.60905666667	67822.83743097643	68514.90720068027	69221.24645017184	69377.315484375	70107.60301578949	70853.42857978724	71615.29340322582	72393.72050543477	73189.2558956044	74002.46985	74833.95827528091	75684.34416477272	76486.73894636016	77376.11963178295	78286.42692156864	79218.40819444445	80172.84684738956	81150.56449186993	82152.4233127572	83179.32860416666	84232.2314978903	85731.3524508547	86844.74663852813	87987.44067324561	89160.60654888889	90365.47961036036	91603.36289269407	92875.63182175926	94183.73931220658	96434.81095	97832.4169057971	99271.12891911765	100752.7875597015	102279.34494696971	103852.87333076922	105475.57447656248	108550.13175925927	110300.94033602151	112109.15247267761	113977.63834722224	115909.46272598869	117907.90173850574	121144.51894736841	123307.81392857143	125549.77418181817	127874.76999999999	130287.50150943396	132793.03038461538	135493.46571895428	138203.33503333334	141023.8112585034	143961.8073263889	147024.82450354612	150221.01634057975	153911.19848888888	157409.18027272727	161069.8588837209	164904.8555238095	168926.9251707317	174145.59593749998	178610.86762820513	183311.15361842106	188265.5091216216	193495.10659722224	196968.6866095238	202761.88327450983	208906.1827676768	215434.5009791667	217866.7566397849	225128.98186111107	232892.0502011494	241209.623422619	245580.05337654316	255025.44004487176	265226.4576466666	276277.5600486111	283318.67311594205	296196.7946212121	310301.40388888895	325816.4740833334	344454.0995614036	363590.43842592585	384978.11127450975	426045.9936562499	454449.0598999999	486909.70703571424	65135.17098717948	70563.10190277777	76977.92934848485	84675.72228333335	94084.13587037042	105844.65285416674	120965.31754761912	141126.20380555544	169351.4445666665	211689.30570833315	282252.4076111109	423378.6114166663	846757.2228333326
151450.0	68138.17403333333	68826.43841750841	69528.74901360544	69221.24645017184	69942.30110069444	70678.53584912283	71430.43516666668	72198.50436200718	72983.2707137681	73785.28467765568	74605.12117407407	75443.38096254683	75684.34416477272	76554.27915517241	77444.44519186046	78355.55631176471	79288.36055357143	80243.64200602409	81222.22300609756	82224.9665	83252.77858125	84232.2314978903	85312.13190170939	86420.08166666667	87557.18800438596	88724.61717777778	89923.59849099099	91155.42860730595	92875.63182175926	94183.73931220658	95529.22130238095	96913.7027705314	98338.90428186275	99806.64912189056	101318.87107828284	103852.87333076922	105475.57447656248	107149.78994444445	108878.01236290322	110662.89781147541	112507.27944166667	114414.18248305083	117907.90173850574	119976.46141812865	122118.89822916666	124339.24183333332	126641.82038580246	129031.28869496855	132793.03038461538	135396.81529411767	138104.7516	140923.21591836735	143859.11625	147024.82450354612	150221.01634057975	153559.26114814816	157049.24435606063	160701.55236434107	164527.77980158728	168926.9251707317	173150.09829999998	177589.8444102564	182263.26136842105	188265.5091216216	193495.10659722224	199023.5382142857	204877.1716911765	211085.57083333336	215434.5009791667	222384.00101075266	229796.8010444444	237720.82866666664	241209.623422619	250143.31317901233	259764.20983974356	270154.7782333333	276277.5600486111	288289.62787681166	301393.7018712121	310301.40388888895	325816.4740833334	342964.7095614036	363590.43842592585	384978.11127450975	409039.2432291666	454449.0598999999	486909.70703571424	524364.2998846153	70563.10190277777	76977.92934848485	84675.72228333335	94084.13587037042	105844.65285416674	120965.31754761912	141126.20380555544	169351.4445666665	211689.30570833315	282252.4076111109	423378.6114166663	846757.2228333326
164874.0	69537.172245	70239.56792424242	69528.74901360544	70245.54024054983	70977.26461805555	71724.39371929826	72487.41918439716	73266.85379928316	74063.23264492751	74877.11432234432	75709.08225925924	75443.38096254683	76300.69210984847	77177.71155938698	78075.12681007752	78993.6577137255	79934.05840079366	80897.11934538154	81883.66958130081	82224.9665	83252.77858125	84306.611221519	85387.46521153845	86496.39333116883	87634.50376973684	88802.96382	90003.00387162162	91155.42860730595	92421.47622685185	93723.18715962442	95062.08983333333	96439.80128019323	97858.0336519608	99318.60131840796	101318.87107828284	102877.62294102562	104485.08579947916	106143.57922486772	107855.57243817204	109623.69657650274	111450.75818611111	114414.18248305083	116386.84080172412	118428.71520175437	120543.51368749999	122735.21393636362	125008.0882685185	129031.28869496855	131512.65963141024	134091.33923202616	136773.16601666666	139564.45511904763	143859.11625	146919.94851063832	150113.86043478263	153449.72400000002	156937.21772727274	160701.55236434107	164527.77980158728	168540.6524796748	172754.16879166666	177183.76286324786	182263.26136842105	187189.29545945945	192388.9981111111	197885.82662857143	204877.1716911765	211085.57083333336	217681.99492187504	224703.99475806448	229796.8010444444	237720.82866666664	246210.85826190477	255329.7789382716	259764.20983974356	270154.7782333333	281411.2273263889	293646.4980797102	301393.7018712121	315745.78291269846	331533.0720583334	342964.7095614036	362018.3045370369	383313.49892156856	409039.2432291666	436308.52611111104	486909.70703571424	524364.2998846153	568061.3248749999	76977.92934848485	84675.72228333335	94084.13587037042	105844.65285416674	120965.31754761912	141126.20380555544	169351.4445666665	211689.30570833315	282252.4076111109	423378.6114166663	846757.2228333326
179488.0	71209.65083	70239.56792424242	70956.29820918367	71687.80643814434	72434.554421875	73197.02341578949	73975.71515425533	74771.15295161291	75583.882875	76414.47499450551	75709.08225925924	76559.74610486891	77429.74321969696	78319.74026819924	79230.43492248062	80162.55768627452	81116.87384920636	82094.18558232932	81883.66958130081	82894.57908230452	83930.76132083332	84993.17602109705	86082.83212393163	87200.79098268398	88348.16981140351	89526.1454088889	90003.00387162162	91235.92173287673	92503.0873125	93805.9476971831	95146.03266428571	96524.96067391304	97944.4453897059	99318.60131840796	100823.42861111113	102374.55828205126	103974.16075520833	105624.54425925926	107328.16594086021	109087.64407103826	111450.75818611111	113339.7540875706	115293.88777873562	117316.58756432746	119411.52662797617	122735.21393636362	125008.0882685185	127366.73144339622	129816.09166346151	132361.50522549023	135008.73533	139564.45511904763	142472.04793402777	145503.3681028369	148666.48480072466	151970.184462963	156937.21772727274	160586.92046511624	164410.41857142857	168420.42878048783	172630.93949999998	177183.76286324786	181846.4934649123	186761.26355855857	191949.0764351852	197885.82662857143	203705.99800000002	209878.90703030306	216437.622875	224703.99475806448	232194.12791666662	240200.8219827586	248779.42276785712	255329.7789382716	265150.155051282	275756.1612533333	281411.2273263889	293646.4980797102	306994.06617424247	315745.78291269846	331533.0720583334	348982.1811140352	362018.3045370369	383313.49892156856	407270.5926041666	436308.52611111104	467473.4208333333	503432.9147435897	568061.3248749999	619703.2635	84675.72228333335	94084.13587037042	105844.65285416674	120965.31754761912	141126.20380555544	169351.4445666665	211689.30570833315	282252.4076111109	423378.6114166663	846757.2228333326
195397.0	72895.35661666667	71928.94023232324	72662.9090102041	73412.01116494848	74176.71961458333	74957.52718947371	75754.94769148937	76569.5170215054	77401.79438043477	76414.47499450551	77263.52471666665	78131.65420786518	79019.51391477272	79927.78418965517	80857.17702906978	81808.43793529413	82782.34791071429	83779.72559638554	83095.33418699187	84121.20251028806	85172.71754166666	86250.85320675105	87356.63337606836	88491.1351082251	89655.4921491228	89526.1454088889	90735.95818468468	91978.91651598175	93256.4014675926	94569.87191079813	95920.87008095239	97311.02761835749	97944.4453897059	99406.3027835821	100912.45888636365	102464.95825384614	104065.97322656249	105717.81407142857	107422.94010483871	109087.64407103826	110905.77147222223	112785.53031073445	114730.10841954022	116742.91733918128	119411.52662797617	121582.64529393938	123834.17576234567	126170.66964465407	128597.02867628203	131118.53904248367	135008.73533	137764.01564285715	140634.0993020833	143626.31418085107	146748.6253586957	151970.184462963	155424.05229166668	159038.5651356589	162825.19763888887	166796.54392276425	172630.93949999998	177057.37384615385	181716.77842105264	186628.0427027027	191949.0764351852	197433.33576190477	203240.1985784314	209398.9924747475	216437.622875	223419.4816774193	230866.79773333328	238827.7217931034	248779.42276785712	257993.47546296296	267916.30144230765	275756.1612533333	287246.0013055556	299734.95788405807	306994.06617424247	321612.8312301588	337693.47279166675	348982.1811140352	368370.0800648147	390038.90830392146	407270.5926041666	434421.96544444433	467473.4208333333	503432.9147435897	545385.6576388889	619703.2635	681673.5898500001	94084.13587037042	105844.65285416674	120965.31754761912	141126.20380555544	169351.4445666665	211689.30570833315	282252.4076111109	423378.6114166663	846757.2228333326
212716.0	72895.35661666667	73631.67335016835	74383.01695578232	75149.8521821306	75932.66314236111	76731.95433333336	77548.25171985816	78382.1038888889	79234.0832789855	78252.36354945056	79121.83425555556	80010.8436292135	80920.05776136363	81850.1733678161	82801.91956976744	83776.05980000002	84773.39384523811	83779.72559638554	84801.42956707318	85848.3607962963	86921.46530625	88021.73701898735	89150.22082692308	90308.0159025974	89655.4921491228	90850.89871111112	92078.61355855856	93339.96442922375	94636.35282407407	95969.25920187794	97340.24861904762	97311.02761835749	98742.07214215687	100215.83441293534	101734.25614646466	103299.39854871795	104913.45165104167	106578.74453439155	107422.94010483871	109183.97190983608	111003.704775	112885.12349999999	114831.41873275861	116846.00502631578	118827.61229166665	120988.11433333332	123228.63496913579	125553.70355345911	127968.19785256409	131118.53904248367	133740.90982333332	136470.3161462585	139313.4477326389	142277.56364184397	146748.6253586957	150009.70592222223	153419.01742045456	156986.9015465116	160724.68491666665	166796.54392276425	170966.45752083333	175350.21284188033	179964.69212719298	186628.0427027027	191812.15500000003	197292.5022857143	203095.2229411765	209398.9924747475	215942.71098958337	222908.6048924731	230338.89172222218	238827.7217931034	247357.28328571425	256518.66414814812	267916.30144230765	278632.9535	290242.65989583335	299734.95788405807	313359.2741515152	328281.1443492065	337693.47279166675	355466.81346491235	375214.9697685184	390038.90830392146	414416.3400729166	434421.96544444433	465452.1058333333	501256.1139743589	545385.6576388889	594966.171969697	681673.5898500001	757415.0998333337	105844.65285416674	120965.31754761912	141126.20380555544	169351.4445666665	211689.30570833315	282252.4076111109	423378.6114166663	846757.2228333326
231570.0	74286.411415	75036.77920707071	75802.46062755103	76583.92929381445	77381.67855729167	78196.22254210527	79028.09725	79877.86173655915	79234.0832789855	80104.7874908425	80994.84068518518	81904.89507490638	82835.6325189394	83787.76622605365	84762.04257751939	85759.24307843139	84773.39384523811	85794.76003614458	86841.03759756098	87913.1491728395	89012.0635375	90138.79851898736	91294.42414102564	92480.06601298701	91496.27926973684	92716.22966000001	93969.15168243244	95256.40033561645	96579.40589583335	97939.67921830987	99338.81749285714	98750.97685990339	100203.19710784314	101698.76721393036	103239.65762626263	104827.96005128203	106465.89692708332	106578.74453439155	108297.75654301075	110073.1296010929	111907.68176111112	113804.4221299435	115766.56733908044	116846.00502631578	118932.54083035713	121094.95066363635	123337.44974999999	125664.57144339621	127968.19785256409	130477.3782026144	133086.92576666665	135802.9854761905	138632.21434027777	142277.56364184397	145370.55415579712	148601.0109148148	151978.30661742424	155512.68584108524	160724.68491666665	164644.79918292683	168760.91916249998	173088.1222179487	179964.69212719298	184828.60272522524	189962.73057870372	195390.2371666667	203095.2229411765	209249.62363636366	215788.67437500003	222749.5993548387	230338.89172222218	238281.61212643675	246791.66970238095	256518.66414814812	266384.7666153846	277040.15728	290242.65989583335	302861.90597826097	316628.35625	328281.1443492065	344695.2015666668	362837.05428070185	375214.9697685184	397286.4385784313	414416.3400729166	442044.0960777777	465452.1058333333	501256.1139743589	543027.4568055555	594966.171969697	654462.7891666668	757415.0998333337	105844.65285416674	120965.31754761912	141126.20380555544	169351.4445666665	211689.30570833315	282252.4076111109	423378.6114166663	846757.2228333326
252095.0	75138.05880166666	75897.0290925926	76671.48857312926	77461.91629037802	78268.81125173612	79092.69347543862	79934.10510815604	80793.61161469536	80746.09936413042	81633.41913736264	82540.45712777777	83467.87799438203	84416.37660795455	85386.67978735632	86379.54815697674	87395.77813529412	86780.18644841271	87825.73086345382	88896.77636178862	89994.26742798355	91119.19577083334	92272.6033122363	93455.58540598291	92480.06601298701	93696.90898684211	94946.20110666667	96229.25787837838	97547.46689041097	98902.29281944445	100295.28285915495	99338.81749285714	100778.5105	102260.54741911766	103786.82424626868	105359.35188636366	106980.26499230768	106465.89692708332	108155.8317989418	109900.28069892472	111701.92464480875	113563.6233888889	115488.43056497173	115766.56733908044	117797.559748538	119901.08760119048	122081.10737575757	124341.86862345679	125664.57144339621	128081.19781730768	130592.5938529412	133204.44572999998	135922.90380612246	138632.21434027777	141581.83592198582	144659.7019202899	147874.36196296298	151235.14291666666	155512.68584108524	159215.36883730156	163098.67051626014	167176.13727916664	173088.1222179487	177643.07280263156	182444.23693243242	187512.1324027778	195390.2371666667	201137.00884803926	207232.06972222225	213708.0719010417	222749.5993548387	230174.58599999995	238111.64068965515	246791.66970238095	255932.10191358023	265775.6442948718	277040.15728	288583.49716666667	301130.60573913046	316628.35625	331705.8970238096	348291.1918750001	362837.05428070185	382994.66840740736	397286.4385784313	422116.84098958323	450257.96372222214	473618.67436904757	510050.8800897435	543027.4568055555	592393.5892424242	654462.7891666668	757415.0998333337	852091.9873125005	120965.31754761912	141126.20380555544	169351.4445666665	211689.30570833315	282252.4076111109	423378.6114166663	846757.2228333326
274439.0	75350.75787833333	76111.87664478115	76888.52844727892	77681.19368900346	78490.37278993055	79316.5872403509	80160.38072163121	80793.61161469536	81671.80304528984	82569.29538644689	83486.73200185185	84424.785170412	85384.15772916666	86365.58482950192	87369.83581589148	87395.77813529412	88436.2040654762	89501.7005	90593.18465243903	91711.6190308642	92858.01426874999	94033.43217088608	95238.98899358974	94669.2943073593	95914.94291666667	97193.80882222224	98507.23867117117	99856.65289954339	101243.5508564815	100295.28285915495	101728.07261428572	103202.39250724639	104720.07475000001	106283.06094029853	107893.41034848487	109553.30896923077	108651.8316328125	110376.46388095239	112156.72942741936	113995.36433606558	115895.28707500001	115488.43056497173	117479.61040229883	119540.65619883039	121675.31077380951	123887.58915151513	126181.80376543208	126687.9416163522	129124.24818589742	131656.0961895425	134289.21811333334	137029.81440136055	138754.63096875	141706.8571595745	144787.4410108696	148004.93970000002	151235.14291666666	154752.23926356586	158436.81638888887	162301.12898373985	166358.65720833332	171462.7049017094	175974.88134649122	180730.95922072072	185751.26364351853	192869.6219	198542.2578382353	204558.68989393942	213708.0719010417	220601.880672043	227955.27669444442	238111.64068965515	246615.62785714286	255749.53999999998	265586.06076923077	276406.6700666667	287923.6146527778	301130.60573913046	314818.36054545455	329809.7110476191	348291.1918750001	366622.3072368422	382994.66840740736	405523.76654901955	430869.0019583333	450257.96372222214	482419.246845238	510050.8800897435	552555.1200972222	592393.5892424242	654462.7891666668	727180.8768518522	852091.9873125005	973819.4140714293	141126.20380555544	169351.4445666665	211689.30570833315	282252.4076111109	423378.6114166663	846757.2228333326
298764.0	74959.22561666666	75716.38951178451	76489.00573129252	77277.55218213059	78082.52668402778	78904.44801754387	79743.8570390071	81022.32029928316	81902.99769384056	82803.03063553115	83723.06430925925	84663.77289700376	85625.86122537879	86610.06652681992	87617.16032364342	88397.71623725492	89450.07000198413	90527.78168875503	91631.77902642277	92763.03555761317	93922.57350208332	95111.46683755275	95238.98899358974	96475.85898051948	97745.27817763158	99048.54855333334	100387.0424527027	101762.20741780824	103175.57140972224	102669.51636150236	104136.22373809524	105645.44437198069	107199.05384803923	108799.03972636818	110447.51002525254	109553.30896923077	111265.07942187501	113031.19179365081	114854.27553225806	116737.13250819674	118682.75138333335	117859.61397457626	119891.67628448275	121995.03902631578	124173.52186607142	126431.22226363636	126181.80376543208	128562.59251572326	131034.95006410255	133604.26281045753	136276.34806666666	137029.81440136055	139884.6022013889	142860.87033333335	145966.54142753626	149210.24234814817	151368.68832954546	154888.8903837209	158576.72110714283	162444.4460121951	166358.65720833332	170624.26380341878	175114.3760087719	179847.19698198198	185751.26364351853	191058.4426047619	196677.8085637255	204558.68989393942	210951.148953125	217756.0247258064	225014.5588833333	235815.80347701148	244237.79645833332	253283.64077160493	265586.06076923077	276209.5032	287718.2325	300442.0326811595	314098.48871212127	329809.7110476191	346300.1966000001	364526.5227368422	386990.21319444437	409754.3433823529	430869.0019583333	459593.6020888888	482419.246845238	519528.4196794871	552555.1200972222	602787.4037424242	651632.9481666668	727180.8768518522	818078.4864583338	973819.4140714293	141126.20380555544	169351.4445666665	211689.30570833315	282252.4076111109	423378.6114166663	846757.2228333326
325245.0	74089.98924333333	74838.37297306396	75602.02984013605	76381.432209622	77177.07212847221	77989.46236140352	78819.1374929078	80601.31786738352	81477.4191485507	82372.7754029304	83288.02846296295	84223.84900749064	85180.93820075756	86160.02944444444	87161.89025193798	88647.95044509805	89703.28318849207	90784.04563654619	91891.16814430895	93025.62701028807	94188.44734791666	95380.70617510549	96330.84461752136	97581.89454761904	98865.86684429825	100184.07840222224	101537.91729954955	102928.847673516	104358.41500231482	104628.748471831	106123.44487857143	107661.46581884059	109244.72266911766	110875.24091791046	112555.16881060608	112146.70248717949	113898.99471354167	115706.91526455028	117573.15583333334	119500.58461748637	121492.2610277778	120694.32344067797	122775.26005172414	124929.21198245614	127160.09076785714	129472.09241818181	128772.54119444443	131202.21178301887	133725.3312403846	136347.39655882356	139074.34449	139057.49802721088	141954.5292361111	144974.83836879433	148126.46528985508	149210.24234814817	152601.38421969698	156150.253620155	159868.11680158728	162444.4460121951	166505.5571625	170774.9304230769	175269.00753947368	179847.19698198198	184842.9524537037	190124.17966666666	195716.0673039216	202637.74215656568	208970.17159895835	215711.14487634404	225014.5588833333	232773.68160344823	241087.02737499998	253283.64077160493	263025.31926282047	273546.3320333333	287718.2325	300227.72086956527	313874.4354545455	329055.5596031747	345508.3375833334	364526.5227368422	384777.9962222221	409754.3433823529	435363.98984374997	459593.6020888888	492421.71652380953	519528.4196794871	562822.4546527778	602787.4037424242	663066.1441166668	724036.6090740744	818078.4864583338	973819.4140714293	1136122.649749999	169351.4445666665	211689.30570833315	282252.4076111109	423378.6114166663	846757.2228333326
354073.0	72910.32144	73646.78933333333	74398.28718367348	75165.27983505157	75948.2515	76747.70677894738	78819.1374929078	79666.65510035843	80532.59700362317	81417.5705970696	82322.21027037036	83247.17892509364	84193.16959469696	85160.90717624521	87161.89025193798	88187.32425490196	89237.17335317461	90312.32002008033	91413.68977642276	92542.25384773662	93699.03202083333	94885.09571729958	96603.53574145299	97858.1271147186	99145.7340504386	100467.67717111112	101825.34848423423	103220.21627168951	104358.41500231482	105828.25183333334	107340.08400238096	108895.73739371981	110497.14529656865	112146.35642039802	112555.16881060608	114286.78679230768	116072.5178359375	117914.93875396826	119816.7926048387	121781.00231967214	121492.2610277778	123551.45189265536	125681.64933908045	127886.59055555555	130170.27967261904	129472.09241818181	131869.72375925924	134357.831754717	136941.63621153845	139626.76633333336	139074.34449	141912.59641836735	144869.10884375	147951.43030851067	151167.76575000002	151418.16451851852	154859.48643939395	158460.8698449612	162233.74769841268	163767.33916260162	167861.52264166664	172165.66424786326	176696.33962280702	180006.00774324324	185006.174625	190292.06532857142	195716.0673039216	201646.85722222226	207948.3215104167	214656.3318817204	222901.51637222216	230587.77555747124	238823.05325595234	250016.176537037	259632.18332692303	273546.3320333333	284944.09586805553	297332.9696014493	313874.4354545455	328820.83714285726	345508.3375833334	363692.9869298247	383898.1528703703	407411.9959999999	432875.2457499999	464388.25583333324	497558.84553571424	530300.310102564	562822.4546527778	613988.1323484849	663066.1441166668	724036.6090740744	814541.1852083338	934946.8416666674	1136122.649749999	169351.4445666665	211689.30570833315	282252.4076111109	423378.6114166663	846757.2228333326
385457.0	71584.3388	72307.41292929293	73045.24367346939	73798.28742268043	74567.01958333333	75351.93557894738	77564.17174468086	78398.1950967742	79250.34939130433	80121.23235164836	81011.46826666666	81921.70948314609	82852.63799999999	83804.9671724138	86151.15028294573	87164.69322745099	88202.36814682539	89265.0472811245	90353.64541869918	91469.12252263374	92612.48655416665	94885.09571729958	96101.5713034188	97349.64365800864	98630.56002192982	99945.63415555556	101296.25083333332	102683.87070776257	104653.83038657409	106127.8279976526	107643.93982619047	109203.99692512078	110809.93805637256	112463.81772885573	113845.5436388889	115597.01354102563	117403.21687760417	119266.76000264552	121190.41742204301	123177.14557650275	123810.68569166667	125909.1718898305	128080.01968103448	130327.03757017542	132654.30609821426	132537.012030303	134991.4011419753	137538.40871069182	140183.37810897434	142932.07179738567	142419.30166	145325.8180204082	148353.43922916666	151509.89538297875	151167.76575000002	154527.04943333333	158039.02782954546	161714.35405813952	162233.74769841268	166190.66837398373	170345.43508333332	174713.26675213673	176696.33962280702	181471.91636936937	186512.8029351852	191841.74016190477	195888.8907794118	201824.9177727273	208131.946453125	214656.3318817204	221811.5429444444	229460.21683908044	238823.05325595234	247668.35152469133	257194.05735256406	270017.47066	281268.1986041666	297332.9696014493	310848.10458333336	325650.39527777786	345261.8790000001	363433.5568421054	383898.1528703703	406480.3971568627	432875.2457499999	461733.59546666656	497558.84553571424	535832.6028846153	574492.0026111112	613988.1323484849	675386.9455833335	736740.16012963	814541.1852083338	934946.8416666674	1136122.649749999	1363347.1796999988	211689.30570833315	282252.4076111109	423378.6114166663	846757.2228333326
419622.0	70248.74604833333	70958.32934175084	71682.39392687075	72421.38767869417	73175.77713368055	73946.04847192984	76153.55191489363	76972.40731182796	77809.06391304346	78664.10857142857	79538.1542222222	80431.84134831461	81345.83954545454	82280.8491954023	84779.44353488373	85776.8487529412	86798.00171428573	87843.76077108434	88915.02614634146	90012.74251851851	91137.90179999999	93784.79651054852	94987.16569658119	96220.76525108224	97486.82795175437	98786.65232444445	100121.60708558558	101493.13594977169	104110.03557870371	105576.37410798123	107084.60802380952	108636.5588647343	110234.15531862745	111879.44121890549	114167.81496717174	115924.24288974357	117735.55918489583	119604.37758465609	121533.48044892473	123525.83258743171	125230.09800277778	127352.64203672316	129548.37724425287	131821.15579239765	134175.1050029762	135066.20257272726	137567.4285462963	140163.04040566037	142858.4834903846	145659.63022549023	145790.71323333334	148766.03391156465	151865.32628472222	155096.50343971633	154803.5887608696	158243.66851111114	161840.11552272728	165603.83913953486	165564.69582142856	169602.85913414636	173842.9306125	178300.44165384615	179310.9842982456	184157.22711711712	189272.70564814814	191841.74016190477	197484.14428431375	203468.5122929293	209826.90330208334	214845.8802096774	222007.40954999995	229662.83746551722	237655.2245833333	246457.26993827158	257194.05735256406	267481.81964666664	278626.8954652778	293497.2507173914	306838.0348409091	325650.39527777786	341932.91504166677	359929.38425438607	383624.30999999994	406190.4458823529	431885.4219791666	461733.59546666656	494714.5665714285	535832.6028846153	580485.3197916667	626718.5483030304	675386.9455833335	750429.9395370374	828832.6801458338	930904.2116666673	1090771.315277777	1363347.1796999988	211689.30570833315	282252.4076111109	423378.6114166663	846757.2228333326
456815.0	69000.88546	69697.8641010101	70409.06679591838	71134.93346391754	71875.92235416667	72632.51101052633	74732.70856205674	75536.2860734767	76357.33266123186	77196.42422893773	78054.16227592592	78931.175335206	79828.12050946969	80745.68511302682	83237.60325581396	84216.8691764706	85219.45095238095	86246.1913253012	87297.97414634147	88375.72691358025	89480.42349999999	92291.54612658228	93474.77107692308	94688.72914285713	95934.63347368421	97213.76192000002	98527.46140540541	99877.15265753426	102902.76283796296	104352.0975258216	105842.84177619047	107376.79600483092	108955.86653431373	110582.07349751244	113574.58426767678	115321.88556410254	117123.79002604166	118982.89780423281	120901.97680107526	123525.83258743171	125584.5964638889	127713.14894632767	129915.09979022987	132194.31206725145	134175.1050029762	136614.65236666665	139144.55333641975	141769.9222672956	144496.26692628206	145659.63022549023	148572.82283	151604.92125510206	154763.35711458334	158056.1945	158468.16655797107	161989.68137037038	165671.26503787882	169524.08515503875	169546.7876904762	173682.07519512196	178024.127075	182588.84828205127	182992.55853947368	187938.30336486487	193158.8117916667	194680.49723809524	200406.39421568628	206479.31525252527	209826.90330208334	216595.51308602147	223815.36352222218	229662.83746551722	237865.08166071426	246674.89949999997	255936.39570512818	266173.8515333333	277264.42868055555	290741.10831159423	303956.6132348485	321449.3698333334	337521.8383250001	359929.38425438607	379925.4611574073	406190.4458823529	431577.34874999995	460677.78344444436	493583.3394047619	532769.5332307692	580485.3197916667	633256.7125	689390.4031333335	750429.9395370374	828832.6801458338	930904.2116666673	1090771.315277777	1363347.1796999988	211689.30570833315	282252.4076111109	423378.6114166663	846757.2228333326
497305.0	67888.91397833332	68574.66058417509	69274.4020187075	69988.57111168386	70717.61872743056	71462.0147140351	73405.19729787235	74194.50049462366	75000.96245652172	75825.14885714286	76667.6505111111	77529.08478651686	78410.09711363635	79311.36259770115	81684.58842829458	82645.58358627452	83629.45958134922	84637.04343172691	85669.20249796748	86726.84697325103	87810.93256041665	90613.0870886076	91774.79333333333	92966.67376623375	94189.9194736842	95445.78506666668	96735.59297297297	98060.73808219179	101264.33533333334	102690.5935774648	104157.60205714287	105667.13252173914	107221.06094117649	108821.3752835821	112257.55945959597	113984.59883589741	115765.60819270833	117603.15752910053	119499.98265053763	122883.97642076504	124932.04269444445	127049.5349435028	129240.04416666664	131507.41336257308	134554.9247827381	137001.37796060604	139538.4405154321	142171.2412798742	144905.30361217947	147329.52706209154	150276.11760333332	153342.97714625852	156537.62250347223	158056.1945	161492.1987282609	165080.91425555557	168832.75321590912	172759.09631395346	173560.3728968254	177793.55272357725	182238.39154166667	182588.84828205127	187393.81797368423	192458.51575675677	197804.5856388889	198677.63498571428	204521.09483823532	210718.7037727273	212931.79385416667	219800.5613978494	227127.24677777773	231533.1346781609	239802.17520238095	248683.73724691357	256162.39563461536	266408.89145999996	277264.42868055555	289319.4038405798	303956.6132348485	318430.73767460324	334352.2745583334	355286.14560526324	375024.26480555546	402274.0176960784	431577.34874999995	460349.1719999999	493583.3394047619	531551.2885897435	577166.9943333333	633256.7125	696582.3837500002	765989.3368148153	844233.6819791672	947237.3487380958	1086054.91361111	1308925.5783333322	1704183.9746249986	282252.4076111109	423378.6114166663	846757.2228333326
541383.0	66931.30713166666	67607.38094107744	68297.25217517007	69001.34755841925	69720.1115954861	70454.00750701755	72222.24891312057	72998.83223476703	73792.29780253622	74603.20217399267	75432.12664259259	76279.67862734084	77146.49315719696	78033.2344578544	80233.58774418605	81177.51230588237	82143.91126190477	83133.59693975904	84147.42129268294	85186.278345679	86251.106825	88922.46335232067	90062.49493376068	91232.13772510822	92432.56058991227	93664.99473111112	94930.73790315315	98060.73808219179	99422.69277777779	100823.0123943662	102263.34114285714	103745.41855072464	105271.08647058824	108821.3752835821	110470.18400000002	112169.72529230769	113922.37725	115730.66895238096	117597.29264516129	121458.99875956285	123483.31540555555	125576.25295480224	127741.3607643678	129982.43726900582	133855.76002976188	136289.50112121212	138813.38077160492	141432.501163522	144152.3569551282	147746.58407516344	150701.51575666666	153777.05689455784	156980.7455798611	159868.2102163121	163343.60609057973	166973.46400370373	170768.31545833335	172759.09631395346	176872.40813095236	181186.36930487806	185716.02853749998	186911.17081196583	191829.88583333333	197014.47734234235	197804.5856388889	203456.14522857143	209440.14950000003	215786.82069696975	217303.66326562501	224313.45885483868	231790.57414999997	234959.22080459766	243350.62154761903	248683.73724691357	258248.49637179484	268578.4362266667	277509.2619375	289574.8820217392	302470.2858333333	316873.63277777785	334352.2745583334	351949.76269298256	375024.26480555546	397084.5156764705	427416.1438020833	455910.55338888883	493231.2557142857	531551.2885897435	575847.2293055556	629636.7210909091	696582.3837500002	765989.3368148153	844233.6819791672	964838.4936904769	1105110.2401944434	1308925.5783333322	1704183.9746249986	282252.4076111109	423378.6114166663	846757.2228333326
589369.0	66121.11443333332	66789.00447811447	67470.52493197279	68166.0973539519	68876.16086805555	69601.1730877193	71203.51822517731	71969.14745340502	72751.42079528984	73550.88695787547	74368.11903518517	75203.71587827716	76058.30355871211	76932.53693295018	78940.5976492248	79869.3105627451	80820.13568849207	81793.87226305221	82791.35851016261	83813.4740473251	84861.14247291666	87342.89298734178	88462.67366666667	89611.53955844155	90790.6387631579	92001.18061333334	93244.43981081081	96231.15897031965	97567.70284490741	98941.89584272301	100355.35149761905	101809.77688164251	103306.97948284315	106842.29671641793	108461.1193939394	110129.752	111850.529375	113625.93460317461	115458.61096774193	119525.11711475412	121517.20240000001	123576.81599999999	125707.45075862067	127912.84463157893	132303.55222023808	134709.07135151513	137203.6837839506	139792.43253459118	142480.74854487178	146978.87375816997	149918.45123333333	152978.01146258504	156165.05336805555	160320.76144326243	163805.9953876812	167446.12861851853	171251.7224507576	174739.67163178293	178900.14000396823	183263.55805284553	187845.14700416665	190477.97798717947	195490.55635526316	200774.0849054054	202487.101712963	208272.4474761905	214398.10769607846	215786.82069696975	222530.15884375005	229708.5510645161	231790.57414999997	239783.3525689655	248347.04373214283	252363.60753086416	262069.9001282051	272552.6961333333	279769.2044027778	291933.0828550725	302737.3766590909	317153.4422142858	332717.31441666675	350228.75201754394	371502.52728703694	393355.6171274509	421902.29790624994	455910.55338888883	488475.59291666665	531172.1215384615	575847.2293055556	628196.9774242425	692600.3932000002	773980.4263888893	861738.0039166672	964838.4936904769	1105110.2401944434	1303265.8963333322	1636156.9729166653	282252.4076111109	423378.6114166663	846757.2228333326
641607.0	65439.15112166666	66100.15264814814	66774.64400170068	67463.0423934708	68165.78241840277	68883.31697017545	69616.118214539	71097.97250896058	71870.776557971	72660.56531135531	73467.90492592592	74293.38700374532	75137.63003787877	76001.2809578544	77827.10131589147	78742.71427254903	79680.12753769841	80640.12907429719	81623.54528252032	82631.24337242798	83664.13391458332	85935.33414978904	87037.06920299145	88167.42075108225	89327.51839254386	90518.55197111111	91741.77564639639	94521.7609041096	95834.5631388889	97184.34571830987	98572.69351428571	100001.28327536232	101471.89038235295	104848.87469900498	106437.49401262628	108074.9939205128	109763.66570052083	111505.9461084656	113304.42911021505	117351.37508196723	119307.23133333334	121329.38779661016	123421.27379310344	125586.5592982456	130197.00257142856	132564.22079999998	135019.11377777776	137566.64422641508	140212.1566153846	145274.48871241833	148179.97848666666	151204.0596802721	154354.14425694442	159487.7140780142	162954.83829710147	166576.05692592592	170361.87640151515	175234.3206472868	179406.56637698412	183782.3362886179	188376.89469583333	192661.68923504272	197731.7336885965	203075.8345990991	206351.14281944447	212246.88975714287	218489.44533823532	220895.0200505051	227797.98942708338	235146.31166666665	237365.50276666664	245550.52010344827	254320.18153571428	257545.08238888887	267450.6624807692	272552.6961333333	283909.0584722222	296252.93057971017	305202.76843939396	319736.2336031747	333011.1143250001	350538.0150789475	369685.9049074073	393355.6171274509	417940.3431979166	450029.1177666666	482174.05474999995	526050.6385256409	575436.465	628196.9774242425	691016.6751666669	769555.9924444448	870727.9796875006	984843.4330476198	1125644.9093055546	1303265.8963333322	1636156.9729166653	2272245.299499998	423378.6114166663	846757.2228333326
698476.0	64863.00542333333	65518.187296296295	66186.74022789116	66869.07775601375	67565.63064930556	68276.84781403509	69003.19725886526	70364.67862544802	71129.5120887681	71911.15507875459	72710.16791296295	73527.1360917603	74362.67172916666	75217.41508237548	76885.01678294574	77789.54639215686	78715.61242063492	79663.9932931727	80635.50540650406	81631.00547325102	82651.39304166666	84723.17358438819	85809.36811752136	86923.77549567098	88067.50938377193	89241.74284222223	90447.71234009009	92998.51229908677	94290.15830324075	95618.18870187794	96984.16282619047	98389.73040338165	99836.63820343139	102986.39620895524	104546.79615151517	106155.20839999999	107813.88353125	109525.21501587302	111291.75074193548	115161.87876775958	117081.2434138889	119065.67126836156	121118.52766954021	123243.41411988303	127829.17642857142	130153.34327272726	132563.59037037037	135064.79018867924	137662.18999999997	142961.41458823532	145820.64288	148796.57436734697	151896.503	157638.2749858156	161065.1940072464	164644.42054074074	168386.33918939394	174323.78050387593	178474.3467063492	182827.37955284552	188376.89469583333	193207.07148290597	198291.4681008772	203650.69696846846	208716.83000462965	214680.16800476192	220994.2905931373	225110.33762121215	232145.03567187503	239633.58520967737	242984.5220555555	251363.2986781609	260340.55934523809	263739.4475185185	273883.2724230769	278148.68898	289738.2176875	296252.93057971017	309718.9728787879	319736.2336031747	335723.0452833334	350538.0150789475	370012.3492499999	391432.13460784307	415896.64302083326	445803.0327444443	482174.05474999995	519264.36665384605	569888.1917361111	627748.870909091	691016.6751666669	769555.9924444448	870727.9796875006	984843.4330476198	1125644.9093055546	1326132.288233332	1629082.3704166652	2272245.299499998	423378.6114166663	846757.2228333326
760385.0	64372.71241999999	65022.941838383835	65686.44124489796	66363.6210515464	67054.90877083332	67760.74991578948	68481.6089574468	69745.16712186381	70503.26676449274	71278.02793772894	72070.00602592592	72879.78137453184	73707.96070833332	74555.17864750957	76092.03618798449	76987.23661372549	77903.75133531746	78842.35074899597	79803.8428313008	80789.07545884773	81798.93890208332	83697.61320675105	84770.65952991453	85871.57718614717	87001.46635964912	88161.48591111111	89352.85734234234	90576.869086758	92960.14879398148	94269.44666431926	95616.1530452381	97001.8943937198	98428.39284068628	101326.73728109454	102861.99087626264	104444.48304358973	106076.42809114583	107760.18091798942	109498.24835215053	113116.20567213117	115001.47576666667	116950.65332203389	118967.04389655171	121054.18501754384	125444.1893720238	127724.9928151515	130090.27045987653	132544.80386477985	137662.18999999997	140361.448627451	143168.6776	146090.48734693878	149134.03916666665	155128.34348936172	158500.69878260873	162022.93653333336	165705.276	172302.30056589143	176404.73629365076	180707.29083739835	187398.06404166666	192203.1426068376	197261.12004385964	202592.50166666665	209307.66077314818	215287.87965238094	221619.8761127451	227691.0872777778	234806.43375520836	242380.834844086	247621.3713833333	256160.03936206896	260340.55934523809	269982.8022839506	280366.7562179487	284838.60332	296706.8784583333	302335.53150000004	316078.0556590909	324467.4953968255	340690.87016666675	353392.67924561416	373025.6058703703	391777.7815588235	416263.8929062499	443623.0858888888	477646.1065119047	514388.11470512813	562536.3972083332	621696.2091666667	690523.7580000001	767796.3057407412	865750.4915000005	995117.6910714293	1148984.0052222214	1350773.8911666654	1629082.3704166652	2272245.299499998	423378.6114166663	846757.2228333326
827782.0	63961.28616333333	64607.35976094276	65266.61853401361	65939.47027147768	66626.33975347222	67327.66964561405	68043.92145035461	69217.97034408602	69970.3395869565	70739.24441758242	71525.2360222222	72328.89035955057	73150.80956818181	73991.62347126436	74851.9911860465	76309.41814509804	77217.86359920635	78148.19930522089	79101.22612601626	80077.78447325103	81078.75677916665	82834.36850843881	83896.34759188033	84985.91054761903	86104.1462127193	87252.20149555556	88431.28529954953	89642.6727694064	91834.8811574074	93128.33018779343	94458.7349047619	95827.70207729469	97236.93299019609	98688.23049751244	101411.07141161617	102971.24174102563	104580.16739322916	106240.17005026455	107953.72118010752	111293.30160382515	113148.1899638889	115065.95589548022	117049.85168678159	119103.35785672514	123215.86689285714	125456.15538181817	127779.41751851852	130190.3499245283	135093.742400641	137742.63931045754	140497.49209666665	143364.7878537415	146351.5542673611	152307.10382978726	155618.12782608697	159076.30844444444	162691.6790909091	169558.88706976743	173596.00342857142	177830.05229268293	185224.9731083333	189974.33139316237	194973.65590350874	200243.21417117116	208220.07115740742	214169.21604761903	220468.3106372549	228335.62993434348	235471.1183697917	243066.96089784944	250460.1960055555	259096.75448850574	265308.6121964285	275134.8570925926	285716.9669807692	291581.4264666667	303730.65256944444	309607.1775217392	323680.23104545457	331129.3916428572	347685.8612250001	358621.9685964913	378545.41129629617	394968.2885686274	416263.8929062499	444014.8190999999	475310.4491666666	514388.11470512813	557253.7909305556	613676.0696818182	683865.8300833335	767248.6200000005	863770.843958334	989429.1331428578	1160970.6395833325	1350773.8911666654	1657665.3602916652	2181542.630555554	423378.6114166663	846757.2228333326
901152.0	63629.400425	64272.121641414145	64927.95961734695	65597.32002577321	66280.62544270833	66978.31623684212	67690.85151595746	68775.57651971327	69523.13713405796	70287.12765201465	71068.09573703703	71866.61366666667	72683.2797310606	73518.71972796935	74373.5885620155	75732.60284705882	76634.18145238096	77557.48484337349	78503.30782926829	79472.4844691358	80465.89052499998	81484.44610126583	83157.69926068376	84237.66938095237	85346.05976754386	86484.00723111111	87652.71003153153	88853.432086758	90887.7098912037	92167.81848122066	93484.50160238094	94839.34945169081	96234.04576715687	97670.37480845772	100183.50671717172	101724.79143589742	103314.24130208332	104954.1498941799	106646.95876344085	109723.45431420766	111552.17855277778	113442.8934435028	115398.80539942527	117423.34584502922	121230.20353273809	123434.38905151514	125720.21107098764	128092.29052515722	132694.0105	135295.85384313727	138001.77092	140818.13359183675	143751.84470833334	149465.41712411348	152714.66532246378	156108.32455185187	159656.2410189394	166475.20651162788	170438.90190476188	174595.94829268294	182275.80359999998	186949.54215384615	191869.26694736842	197054.92281081082	205805.52567592592	211685.68355238094	217911.73306862745	227149.16853535356	234247.58005208336	243066.96089784944	251169.19292777774	259830.19958045974	268350.2100059524	278289.1066728395	288992.5338525641	297145.64566	309526.7142291667	316936.33311594214	331342.53007575765	339093.5753809525	356048.2541500001	365985.1170789475	386317.6235833333	400812.78843137244	419653.80660416663	447630.72704444436	475730.1633214285	511872.79141025635	557253.7909305556	607913.226469697	675043.6766500002	759850.9223148152	863154.6975000006	989429.1331428578	1160970.6395833325	1378780.8062666655	1657665.3602916652	2181542.630555554	423378.6114166663	846757.2228333326
981025.0	63388.863939999996	64029.15549494949	64682.514224489794	65349.34426804124	66030.06660416666	66725.11993684211	67434.96163829787	68160.06875268818	69162.39176630434	69922.41804945056	70699.33380555555	71493.70834269664	72306.1368465909	73137.24186781609	73987.6749127907	75248.57195686275	76144.38828968255	77061.79055823293	78001.56849186991	78964.55081893005	79951.60770416666	80963.65337130801	82529.11848717948	83600.92522077922	84700.93739473683	85830.28322666667	86990.15191891891	88181.79783561644	90087.50753240741	91356.34566666668	92661.43631904761	94004.35568599033	95386.77268137256	96810.4558557214	99150.22897222223	100675.6171102564	102248.67362760416	103871.66844708995	105547.01793817204	108395.26956284154	110201.8573888889	112069.68548022598	114001.92143678159	116001.95514619882	119520.19130654761	121693.28569393938	123946.86505864197	126285.48515408803	128714.05217628203	133115.51760457517	135777.82795666665	138548.804037415	141435.2374548611	146810.3945957447	150001.9249130435	153335.30102222224	156820.19422727273	163369.17685658913	167258.9191626984	171338.40499593495	178960.84699999998	183549.58666666667	188379.8389473684	193471.18594594594	202528.67066666667	208315.20411428573	214442.12188235298	224515.11891919194	231531.2163854167	241803.9536021505	249864.08538888884	258480.0883333333	269109.8495654762	279076.8810308642	288992.5338525641	300552.23520666664	313075.24500694446	322984.3974565218	337665.50643181824	347120.7457936509	364476.78308333346	374787.6359473686	386317.6235833333	409042.18967647053	425863.5877083333	447630.72704444436	479604.3504047619	512324.7912692307	554528.8573611111	607913.226469697	675043.6766500002	759850.9223148152	863154.6975000006	987166.6788095245	1154333.9886666657	1378780.8062666655	1688467.363958332	2172109.82722222	3408367.9492499973	846757.2228333326
1067978.0	63248.54212499999	63887.41628787878	64539.328698979596	65204.68260309279	65883.898046875	66577.4127631579	67285.68311170214	68009.18508064517	68900.93906521738	69658.09224175825	70432.07104444443	71223.44262921349	72032.79993181817	72860.76314942529	73707.9813255814	74858.11814705883	75749.28622023811	76661.92822289157	77596.82978658537	78554.81533950617	79536.75053125	80543.54484177216	82001.64892735043	83066.6054069264	84159.58705701755	85281.71488444445	86434.17049099099	87618.20022374431	89406.54502777777	90665.79214084508	91961.01774285713	93293.78611594203	94665.75355882353	96078.67525373134	98277.28094444446	99789.2391128205	101348.44597395833	102957.15146560848	104617.7506827957	107277.29692076503	109065.25186944444	110913.81546045197	112826.1226235632	114805.52828362571	118073.41863095236	120220.20806060605	122446.50820987653	124756.81968553457	127155.98929487178	131237.85712091505	133862.61426333332	136594.50435034014	139440.2231909722	144444.49782624113	147584.59560507248	150864.2532851852	154292.98631439396	160467.17548837207	164287.8225238095	168294.84258536587	175621.8651208333	180124.98986752136	184865.12117982455	193471.18594594594	198845.38555555558	204526.68228571428	210542.17294117648	220940.36800000005	227844.75450000004	238999.96530107522	246966.63081111104	255482.7215287356	267711.52005952375	277626.76154320984	289810.60722435894	301403.0315133333	313961.4911597222	326687.21218115947	341536.6309166667	353744.81626190484	364476.78308333346	383659.7716666668	395609.1712777777	418880.29899999994	434607.3265312499	454254.49355555547	486701.24309523805	516496.9927435897	555018.523875	604940.5716666667	668704.5491166668	750048.5296111115	854832.2876041672	986462.5114285721	1151694.4586111102	1393164.7674999987	1688467.363958332	2172109.82722222	3408367.9492499973	846757.2228333326
1162638.0	63209.17967499999	63847.65623737373	64499.16293367348	65164.10275773197	65842.89549479166	66535.97860526317	67243.80816489362	67966.8598655914	68748.41535326085	69503.89244505494	70276.15791666665	71065.77766853933	71873.34332386362	72699.47370689655	73544.8164244186	74575.13404705883	75462.93326190476	76372.12522891565	77303.4926097561	78257.85671604937	79236.07992499998	80239.068278481	81576.15439102564	82635.58496753247	83722.89529605264	84839.20056666668	85985.67625	87163.56222602741	88835.1196712963	90086.31853990612	91373.26594761905	92697.51617874396	94060.71494607844	95464.60621393035	97534.41275757576	99034.94218461537	100582.36315625	102178.9086031746	103826.95551612902	106332.7957759563	108105.0090388889	109937.2973276836	111832.76797126436	113794.74635672514	116855.62700297618	118980.27476666665	121183.61318827159	123470.09645597482	125844.5213878205	129649.24398692812	132242.22886666664	134941.04986394558	137752.3217361111	142407.03645035462	145502.84159057974	148736.23807037037	152116.60711742425	157881.19529844957	161640.2713769841	165582.71702032522	172502.21365	176925.34733333334	181581.2775263158	189861.4758063063	195135.40568981483	200710.7029952381	210542.17294117648	216922.2387878788	223701.05875000003	235194.58529032255	243034.40479999996	251414.90151724135	264607.10444047616	274407.3675679012	288304.7139102564	299836.90246666665	313961.4911597222	327611.9907753624	341536.6309166667	357800.28000793664	371432.0570750001	390981.11271052645	404974.20342592587	428796.2153921568	445060.3176875	463581.14829999994	496694.08746428567	524139.8002564102	559538.4088055555	605474.7533181818	665434.6288333335	743005.0545740745	843804.5958125005	976951.1858333341	1151694.4586111102	1385200.7863999987	1723476.007833332	2210220.4803888868	3272313.9458333305	846757.2228333326
1265689.0	63368.01248	63896.83691245791	64548.845452380956	65214.297467353965	65893.61306597223	66587.23004561405	67295.60483333335	68019.2134874552	68758.55276449274	69460.63700549451	70232.4218611111	71021.55019662922	71828.61326704544	72654.22951149425	73499.04613372093	74363.74079411765	75295.88348214286	76203.06280120481	77132.36844512195	78084.6199074074	79060.67765624999	80061.4457278481	81267.77428205128	82323.19992207791	83406.39992105262	84518.48525333333	85660.62694594594	86834.06019178082	88040.08880555556	89618.87383802819	90899.14346428572	92216.52235507248	93572.64768382354	94969.25436567166	96911.03964141416	98401.9787128205	99939.50963020833	101525.85105291006	103163.36477956989	105529.03675409837	107287.85403333334	109106.29223728811	110987.43520689654	112934.58319298243	115826.79539880951	117932.73713333331	120116.67670987653	122383.02910062892	124736.54889102562	128312.06102287583	130878.30224333332	133549.28800340137	136331.56483680554	140683.22219858156	143741.55311594205	146935.80985185184	150275.26007575757	155654.20263178291	159360.2550753968	163247.09056504065	169722.28494583332	174074.1384059829	178655.03678508772	186488.87962162163	191669.1262777778	197145.38702857142	206613.9589656863	212874.98802525256	219527.33140104168	230917.22193548383	238614.46266666663	246842.54758620687	260394.00514285712	270038.2275555555	284961.49708974356	296359.9569733333	312330.1067361111	325909.67659420293	342503.4449015152	358813.13275396836	375690.2940083334	395463.4673771931	412702.2856388888	436978.89067647053	455595.97885416663	474731.0055333333	496694.08746428567	534901.3249615384	567818.1169444444	610405.5368787879	666022.2286500002	739371.8098148152	835880.6863958339	976951.1858333341	1150872.929999999	1385200.7863999987	1741455.9593749987	2251289.818611109	3272313.9458333305	846757.2228333326
1377873.0	63506.56121166666	64008.09341414142	64661.23722448981	65327.84791752579	66008.34633333333	66703.17103157897	67412.77923404257	68137.647827957	68878.2744347826	69514.14125641026	70286.5206037037	71076.25679026218	71883.94152651515	72710.19372796935	73555.66109689923	74421.02181568628	75249.02342261905	76155.6381626506	77084.36545731708	78036.02429012345	79011.47459374998	80011.61984177216	81037.40983974359	82140.96379870128	83221.76595394737	84331.3895	85471.00287162162	86641.83852739727	87845.19739583334	89280.09005633803	90555.5199142857	91867.91875362318	93218.91755882354	94610.24468656717	96408.18246212123	97891.38526923077	99420.9381640625	100999.0482936508	102628.0652016129	104310.49250000002	106602.14360555557	108408.95959887005	110278.07959195401	112212.78274269005	114951.27217857141	117041.29530909088	119208.72670370368	121457.94796226414	123793.67773076921	127182.36357516341	129726.01084666666	132373.48045578232	135131.26129861112	139232.236429078	142259.02417753625	145420.33582592593	148725.34345833334	153770.03356589144	157431.2248412698	161271.01081300812	167328.26782916664	171618.7362350427	176135.01876754386	183483.55129279278	188580.3166064815	193968.32565238094	202943.7807647059	209093.59230303034	215627.76706250003	226608.85822043006	234162.48682777773	242237.05533908043	255658.35285714283	265127.18074074073	280424.3132307692	291641.28576	308708.28851388884	322130.3880144928	340723.7528030303	356948.6934126985	376753.78939166677	396582.9362017545	417433.6600092592	441988.5811862745	464290.07134374994	485969.044111111	508640.36307142855	547766.5448461538	579476.435375	619437.9457575758	671446.0905666668	740024.6985000004	831793.2860416672	964348.1095000006	1139776.3834722214	1382033.350333332	1741455.9593749987	2251289.818611109	3272313.9458333305	846757.2228333326
1500000.0	63638.15945666666	64280.96914814815	64802.61348129252	65470.68166151203	66152.66792881944	66849.0118017544	67560.17150177306	68286.62495878137	69028.87088224637	69635.17854945056	70408.90275555555	71200.01402247192	72009.10509090908	72836.795954023	73683.73544186047	74550.60291764708	75306.98636111112	76214.2994497992	77143.74212601627	78096.13400411523	79072.33567916666	80073.25132067512	81099.83146581196	82089.84373376623	83169.97325657895	84278.90623333334	85417.81037162161	86587.91736301371	87790.5273263889	89082.4536971831	90355.06017857142	91664.55380434782	93012.56194852942	94400.80914179105	95831.12443181819	97521.32913846153	99045.09990624999	100617.24434920635	102240.10312903224	103916.17039344263	106049.00070833335	107846.44139830508	109705.86280172413	111630.52706140351	113623.92933035713	116293.24756969696	118446.82622839505	120681.6720062893	123002.47339102563	126221.00474509805	128745.42483999998	131372.8824897959	134109.81754166665	138006.3945177305	141006.53352898554	144140.01205185187	147415.92141666668	152184.07237596897	155807.5026706349	159607.6856626016	165302.7860833333	169541.31905982905	174002.93271929823	178705.71468468467	185920.29758796297	191232.3060904762	196856.78568137257	205723.9817525253	212152.8561822917	222583.50148387093	230002.9515333333	237934.08779310342	250888.3787440476	260180.54091975305	275324.37999999995	286337.3552	303793.006	317001.39756521746	336772.6783787879	352809.4725873016	374796.12808333343	394522.2400877194	418615.3215462962	441988.5811862745	469612.8675104166	495242.7427666666	520681.11869047617	547766.5448461538	593413.7569166666	632156.1113181819	681381.7403333335	746051.2117407412	831793.2860416672	955292.2130238102	1125072.7944166658	1381047.5159999987	1731500.9829999986	2297968.0104444427	3258164.7408333304	846757.2228333326
