years	0.0	0.01	0.02	0.03	0.04	0.05	0.06	0.07	0.08	0.09	0.1	0.11	0.12	0.13	0.14	0.15	0.16	0.17	0.18	0.19	0.2	0.21	0.22	0.23	0.24	0.25	0.26	0.27	0.28	0.29	0.3	0.31	0.32	0.33	0.34	0.35	0.36	0.37	0.38	0.39	0.4	0.41	0.42	0.43	0.44	0.45	0.46	0.47	0.48	0.49	0.5	0.51	0.52	0.53	0.54	0.55	0.56	0.57	0.58	0.59	0.6	0.61	0.62	0.63	0.64	0.65	0.66	0.67	0.68	0.69	0.7	0.71	0.72	0.73	0.74	0.75	0.76	0.77	0.78	0.79	0.8	0.81	0.82	0.83	0.84	0.85	0.86	0.87	0.88	0.89	0.9	0.91	0.92	0.93	0.94	0.95	0.96	0.97	0.98	0.99
10000.0	27527.69914333334	27805.756710437716	28089.48892176871	28379.07128178695	28674.68660763889	28976.525414035088	29284.78632269504	29599.67649820789	29921.41211231884	30250.21883882784	5159.055560493829	5217.022476903871	5276.306823232324	5336.954028097064	5399.011633074937	5462.529416993465	5527.55952910053	5594.156631860777	5662.3780542005425	5732.283956104253	5803.9375055555565	5877.40506891702	5952.756415954416	6030.064940836943	6109.407900584797	6190.866672592594	6274.527033033034	6360.479458143076	6448.819450617286	6539.647893583726	6633.071434920636	6729.202904991949	6828.161771241832	6930.074633499173	7035.075764309766	7143.307699145301	7254.921881944446	7370.079372134041	7488.951620071687	7611.721318761387	7738.583340740742	7869.745770244821	8005.431042145595	8145.877200779728	8291.339293650793	8442.090917171718	8598.42593415638	8760.660385744235	8929.134623931624	9104.215694989107	9286.300008888891	9475.816335600908	9673.229175925928	9879.042562647757	10093.804357487927	10318.111120987658	10552.61364646465	10798.023266149872	11055.119058201059	11324.756108401085	11607.875011111113	11905.512831908833	12218.815801169594	12549.054066066068	12897.638901234572	13266.142869841273	13656.323542483664	14070.151528619532	14509.843763888894	14977.903240143367	15477.166681481482	16010.86208429119	16582.678587301587	17196.85186831276	17858.26924786325	18572.600017777782	19346.458351851856	20187.608714975853	21105.2272929293	22110.23811640212	23215.75002222223	24437.631602339192	25795.277802469136	27312.647084967317	29019.687527777776	30954.333362962963	33165.357174603174	35716.5384957265	38692.91670370371	42210.4545858586	46431.50004444446	51590.555604938294	58039.37505555559	66330.71434920642	77385.83340740735	92863.00008888882	116078.75011111103	154771.6668148147	232157.50022222206	464315.00044444413
10886.0	27527.69914333334	27805.756710437716	28089.48892176871	28379.07128178695	28674.68660763889	28976.525414035088	29284.78632269504	29599.67649820789	29921.41211231884	30250.21883882784	30586.332381481487	30929.999037453188	31281.476299242422	31641.033498084296	32008.952492248067	32385.528403921573	32771.070408730164	5594.156631860777	5662.3780542005425	5732.283956104253	5803.9375055555565	5877.40506891702	5952.756415954416	6030.064940836943	6109.407900584797	6190.866672592594	6274.527033033034	6360.479458143076	6448.819450617286	6539.647893583726	6633.071434920636	6729.202904991949	6828.161771241832	6930.074633499173	7035.075764309766	7143.307699145301	7254.921881944446	7370.079372134041	7488.951620071687	7611.721318761387	7738.583340740742	7869.745770244821	8005.431042145595	8145.877200779728	8291.339293650793	8442.090917171718	8598.42593415638	8760.660385744235	8929.134623931624	9104.215694989107	9286.300008888891	9475.816335600908	9673.229175925928	9879.042562647757	10093.804357487927	10318.111120987658	10552.61364646465	10798.023266149872	11055.119058201059	11324.756108401085	11607.875011111113	11905.512831908833	12218.815801169594	12549.054066066068	12897.638901234572	13266.142869841273	13656.323542483664	14070.151528619532	14509.843763888894	14977.903240143367	15477.166681481482	16010.86208429119	16582.678587301587	17196.85186831276	17858.26924786325	18572.600017777782	19346.458351851856	20187.608714975853	21105.2272929293	22110.23811640212	23215.75002222223	24437.631602339192	25795.277802469136	27312.647084967317	29019.687527777776	30954.333362962963	33165.357174603174	35716.5384957265	38692.91670370371	42210.4545858586	46431.50004444446	51590.555604938294	58039.37505555559	66330.71434920642	77385.83340740735	92863.00008888882	116078.75011111103	154771.6668148147	232157.50022222206	464315.00044444413
11851.0	28332.90110666667	28619.092026936036	28911.123578231294	29209.176398625437	29513.438652777782	29824.10642807018	30141.384156028373	29599.67649820789	29921.41211231884	30250.21883882784	30586.332381481487	30929.999037453188	31281.476299242422	31641.033498084296	32008.952492248067	32385.528403921573	32771.070408730164	33165.90258232932	33570.36480894309	33984.81375720165	34409.62392916667	34845.18878902954	35291.921978632476	35750.25862770563	6109.407900584797	6190.866672592594	6274.527033033034	6360.479458143076	6448.819450617286	6539.647893583726	6633.071434920636	6729.202904991949	6828.161771241832	6930.074633499173	7035.075764309766	7143.307699145301	7254.921881944446	7370.079372134041	7488.951620071687	7611.721318761387	7738.583340740742	7869.745770244821	8005.431042145595	8145.877200779728	8291.339293650793	8442.090917171718	8598.42593415638	8760.660385744235	8929.134623931624	9104.215694989107	9286.300008888891	9475.816335600908	9673.229175925928	9879.042562647757	10093.804357487927	10318.111120987658	10552.61364646465	10798.023266149872	11055.119058201059	11324.756108401085	11607.875011111113	11905.512831908833	12218.815801169594	12549.054066066068	12897.638901234572	13266.142869841273	13656.323542483664	14070.151528619532	14509.843763888894	14977.903240143367	15477.166681481482	16010.86208429119	16582.678587301587	17196.85186831276	17858.26924786325	18572.600017777782	19346.458351851856	20187.608714975853	21105.2272929293	22110.23811640212	23215.75002222223	24437.631602339192	25795.277802469136	27312.647084967317	29019.687527777776	30954.333362962963	33165.357174603174	35716.5384957265	38692.91670370371	42210.4545858586	46431.50004444446	51590.555604938294	58039.37505555559	66330.71434920642	77385.83340740735	92863.00008888882	116078.75011111103	154771.6668148147	232157.50022222206	464315.00044444413
12902.0	28332.90110666667	28619.092026936036	28911.123578231294	29209.176398625437	29513.438652777782	29824.10642807018	30141.384156028373	30465.485060931904	30796.631637681163	31135.05616117216	31481.001229629637	31834.720344569294	32196.47853030303	32566.552996168586	32945.23384496124	32385.528403921573	32771.070408730164	33165.90258232932	33570.36480894309	33984.81375720165	34409.62392916667	34845.18878902954	35291.921978632476	35750.25862770563	36220.656767543864	36703.59885777778	37199.59343693694	37709.1769086758	38232.91547685186	38771.407244131464	6633.071434920636	6729.202904991949	6828.161771241832	6930.074633499173	7035.075764309766	7143.307699145301	7254.921881944446	7370.079372134041	7488.951620071687	7611.721318761387	7738.583340740742	7869.745770244821	8005.431042145595	8145.877200779728	8291.339293650793	8442.090917171718	8598.42593415638	8760.660385744235	8929.134623931624	9104.215694989107	9286.300008888891	9475.816335600908	9673.229175925928	9879.042562647757	10093.804357487927	10318.111120987658	10552.61364646465	10798.023266149872	11055.119058201059	11324.756108401085	11607.875011111113	11905.512831908833	12218.815801169594	12549.054066066068	12897.638901234572	13266.142869841273	13656.323542483664	14070.151528619532	14509.843763888894	14977.903240143367	15477.166681481482	16010.86208429119	16582.678587301587	17196.85186831276	17858.26924786325	18572.600017777782	19346.458351851856	20187.608714975853	21105.2272929293	22110.23811640212	23215.75002222223	24437.631602339192	25795.277802469136	27312.647084967317	29019.687527777776	30954.333362962963	33165.357174603174	35716.5384957265	38692.91670370371	42210.4545858586	46431.50004444446	51590.555604938294	58039.37505555559	66330.71434920642	77385.83340740735	92863.00008888882	116078.75011111103	154771.6668148147	232157.50022222206	464315.00044444413
14046.0	29195.81963222223	29490.726901234575	29791.652685941044	30098.7831260023	30412.312116898152	30732.44171812866	31059.382587470456	30465.485060931904	30796.631637681163	31135.05616117216	31481.001229629637	31834.720344569294	32196.47853030303	32566.552996168586	32945.23384496124	33332.824831372556	33729.64417460318	34136.02542971888	34552.31842276423	34978.89025514403	35416.126383333336	35864.43178059073	35291.921978632476	35750.25862770563	36220.656767543864	36703.59885777778	37199.59343693694	37709.1769086758	38232.91547685186	38771.407244131464	39325.284490476195	39895.21614975845	40481.91050490196	41086.11812437812	41708.63506565657	42350.30637435898	7254.921881944446	7370.079372134041	7488.951620071687	7611.721318761387	7738.583340740742	7869.745770244821	8005.431042145595	8145.877200779728	8291.339293650793	8442.090917171718	8598.42593415638	8760.660385744235	8929.134623931624	9104.215694989107	9286.300008888891	9475.816335600908	9673.229175925928	9879.042562647757	10093.804357487927	10318.111120987658	10552.61364646465	10798.023266149872	11055.119058201059	11324.756108401085	11607.875011111113	11905.512831908833	12218.815801169594	12549.054066066068	12897.638901234572	13266.142869841273	13656.323542483664	14070.151528619532	14509.843763888894	14977.903240143367	15477.166681481482	16010.86208429119	16582.678587301587	17196.85186831276	17858.26924786325	18572.600017777782	19346.458351851856	20187.608714975853	21105.2272929293	22110.23811640212	23215.75002222223	24437.631602339192	25795.277802469136	27312.647084967317	29019.687527777776	30954.333362962963	33165.357174603174	35716.5384957265	38692.91670370371	42210.4545858586	46431.50004444446	51590.555604938294	58039.37505555559	66330.71434920642	77385.83340740735	92863.00008888882	116078.75011111103	154771.6668148147	232157.50022222206	464315.00044444413
15291.0	29195.81963222223	29490.726901234575	29791.652685941044	30098.7831260023	30412.312116898152	30732.44171812866	31059.382587470456	31393.354443249707	31734.586556763286	32083.31827716728	32439.799591358034	32804.29172159801	33177.06776388889	33558.41337037038	32945.23384496124	33332.824831372556	33729.64417460318	34136.02542971888	34552.31842276423	34978.89025514403	35416.126383333336	35864.43178059073	36324.232188034184	36795.97546320347	37280.133035087725	37777.20147555556	38287.704198198204	38812.193296803656	38232.91547685186	38771.407244131464	39325.284490476195	39895.21614975845	40481.91050490196	41086.11812437812	41708.63506565657	42350.30637435898	43012.02991145834	43694.76054497355	44399.514747311834	45127.37564480875	45879.498572222226	7869.745770244821	8005.431042145595	8145.877200779728	8291.339293650793	8442.090917171718	8598.42593415638	8760.660385744235	8929.134623931624	9104.215694989107	9286.300008888891	9475.816335600908	9673.229175925928	9879.042562647757	10093.804357487927	10318.111120987658	10552.61364646465	10798.023266149872	11055.119058201059	11324.756108401085	11607.875011111113	11905.512831908833	12218.815801169594	12549.054066066068	12897.638901234572	13266.142869841273	13656.323542483664	14070.151528619532	14509.843763888894	14977.903240143367	15477.166681481482	16010.86208429119	16582.678587301587	17196.85186831276	17858.26924786325	18572.600017777782	19346.458351851856	20187.608714975853	21105.2272929293	22110.23811640212	23215.75002222223	24437.631602339192	25795.277802469136	27312.647084967317	29019.687527777776	30954.333362962963	33165.357174603174	35716.5384957265	38692.91670370371	42210.4545858586	46431.50004444446	51590.555604938294	58039.37505555559	66330.71434920642	77385.83340740735	92863.00008888882	116078.75011111103	154771.6668148147	232157.50022222206	464315.00044444413
16646.0	29955.08219444445	30257.65878226712	30566.41040249433	30881.528035509746	31203.210619212965	31531.665467836257	31867.108717494095	31393.354443249707	31734.586556763286	32083.31827716728	32439.799591358034	32804.29172159801	33177.06776388889	33558.41337037038	33948.62747932817	34348.02309673203	34756.92813359789	35175.686303882205	35604.658088075885	36044.22176817559	36494.77454027778	35864.43178059073	36324.232188034184	36795.97546320347	37280.133035087725	37777.20147555556	38287.704198198204	38812.193296803656	39351.251537037046	39905.49451643193	40475.57300952382	41062.17551690822	41666.03103921569	42287.91209950249	41708.63506565657	42350.30637435898	43012.02991145834	43694.76054497355	44399.514747311834	45127.37564480875	45879.498572222226	46657.117192090394	47461.55024712644	48294.20902339181	49156.605613095235	50050.36207878788	8598.42593415638	8760.660385744235	8929.134623931624	9104.215694989107	9286.300008888891	9475.816335600908	9673.229175925928	9879.042562647757	10093.804357487927	10318.111120987658	10552.61364646465	10798.023266149872	11055.119058201059	11324.756108401085	11607.875011111113	11905.512831908833	12218.815801169594	12549.054066066068	12897.638901234572	13266.142869841273	13656.323542483664	14070.151528619532	14509.843763888894	14977.903240143367	15477.166681481482	16010.86208429119	16582.678587301587	17196.85186831276	17858.26924786325	18572.600017777782	19346.458351851856	20187.608714975853	21105.2272929293	22110.23811640212	23215.75002222223	24437.631602339192	25795.277802469136	27312.647084967317	29019.687527777776	30954.333362962963	33165.357174603174	35716.5384957265	38692.91670370371	42210.4545858586	46431.50004444446	51590.555604938294	58039.37505555559	66330.71434920642	77385.83340740735	92863.00008888882	116078.75011111103	154771.6668148147	232157.50022222206	464315.00044444413
18122.0	30430.15084444445	30257.65878226712	30566.41040249433	30881.528035509746	31203.210619212965	31531.665467836257	31867.108717494095	32209.7658004779	32559.87195048309	32917.67274114774	33283.42466049383	33657.39572409489	34039.866130050505	34431.12895913155	34831.49092377262	34348.02309673203	34756.92813359789	35175.686303882205	35604.658088075885	36044.22176817559	36494.77454027778	36956.73371167371	37430.53799002849	37916.64887301588	38415.55214766083	38927.759509629635	39453.81031381382	39994.27346879757	39351.251537037046	39905.49451643193	40475.57300952382	41062.17551690822	41666.03103921569	42287.91209950249	42928.63804040405	43589.07862564103	44270.15797916667	44972.858899470906	45698.22759139786	45127.37564480875	45879.498572222226	46657.117192090394	47461.55024712644	48294.20902339181	49156.605613095235	50050.36207878788	50977.22063580247	51939.05498742138	52937.882967948724	53975.88067320261	9286.300008888891	9475.816335600908	9673.229175925928	9879.042562647757	10093.804357487927	10318.111120987658	10552.61364646465	10798.023266149872	11055.119058201059	11324.756108401085	11607.875011111113	11905.512831908833	12218.815801169594	12549.054066066068	12897.638901234572	13266.142869841273	13656.323542483664	14070.151528619532	14509.843763888894	14977.903240143367	15477.166681481482	16010.86208429119	16582.678587301587	17196.85186831276	17858.26924786325	18572.600017777782	19346.458351851856	20187.608714975853	21105.2272929293	22110.23811640212	23215.75002222223	24437.631602339192	25795.277802469136	27312.647084967317	29019.687527777776	30954.333362962963	33165.357174603174	35716.5384957265	38692.91670370371	42210.4545858586	46431.50004444446	51590.555604938294	58039.37505555559	66330.71434920642	77385.83340740735	92863.00008888882	116078.75011111103	154771.6668148147	232157.50022222206	464315.00044444413
19728.0	30430.15084444445	30737.526105499448	31051.174331065762	31371.289530355105	31698.0737962963	32031.737730994155	32372.50089834516	32720.592305854247	33076.2509178744	32917.67274114774	33283.42466049383	33657.39572409489	34039.866130050505	34431.12895913155	34831.49092377262	35241.27316993465	35660.81213624339	36090.46047523427	36530.58804200542	36981.582956104256	37443.852743055555	37917.82556258791	37430.53799002849	37916.64887301588	38415.55214766083	38927.759509629635	39453.81031381382	39994.27346879757	40549.749489197544	41120.87272143976	41708.31376031747	42312.78207568439	42935.02887091504	43575.85019734661	42928.63804040405	43589.07862564103	44270.15797916667	44972.858899470906	45698.22759139786	46447.37886338799	47221.50184444445	48021.86628248587	48849.829494252874	49706.844046783626	49156.605613095235	50050.36207878788	50977.22063580247	51939.05498742138	52937.882967948724	53975.88067320261	55055.39828666668	56178.97784353742	57349.37321527778	58569.57264539008	10093.804357487927	10318.111120987658	10552.61364646465	10798.023266149872	11055.119058201059	11324.756108401085	11607.875011111113	11905.512831908833	12218.815801169594	12549.054066066068	12897.638901234572	13266.142869841273	13656.323542483664	14070.151528619532	14509.843763888894	14977.903240143367	15477.166681481482	16010.86208429119	16582.678587301587	17196.85186831276	17858.26924786325	18572.600017777782	19346.458351851856	20187.608714975853	21105.2272929293	22110.23811640212	23215.75002222223	24437.631602339192	25795.277802469136	27312.647084967317	29019.687527777776	30954.333362962963	33165.357174603174	35716.5384957265	38692.91670370371	42210.4545858586	46431.50004444446	51590.555604938294	58039.37505555559	66330.71434920642	77385.83340740735	92863.00008888882	116078.75011111103	154771.6668148147	232157.50022222206	464315.00044444413
21476.0	30402.648207777784	30709.745664422007	31023.110416099775	31342.93629667813	31698.0737962963	32031.737730994155	32372.50089834516	32720.592305854247	33076.2509178744	33439.7262026862	33811.27871604939	34191.18072409489	34579.71686868687	34977.18487867178	35383.89633074936	35800.17746405229	36226.37005291006	36090.46047523427	36530.58804200542	36981.582956104256	37443.852743055555	37917.82556258791	38403.95153133903	38902.70414862916	39414.581834795325	39940.1095925926	40479.840803303305	41034.35917047185	40549.749489197544	41120.87272143976	41708.31376031747	42312.78207568439	42935.02887091504	43575.85019734661	44236.09035185186	44916.6455880342	45618.46817534723	46342.570844797185	47090.031664874565	46447.37886338799	47221.50184444445	48021.86628248587	48849.829494252874	49706.844046783626	50594.46626190476	51514.36564848485	52468.33538271605	53458.30397484277	54486.34828205129	53975.88067320261	55055.39828666668	56178.97784353742	57349.37321527778	58569.57264539008	59842.8242246377	61172.66476296297	62562.95259848486	64017.90498449612	11055.119058201059	11324.756108401085	11607.875011111113	11905.512831908833	12218.815801169594	12549.054066066068	12897.638901234572	13266.142869841273	13656.323542483664	14070.151528619532	14509.843763888894	14977.903240143367	15477.166681481482	16010.86208429119	16582.678587301587	17196.85186831276	17858.26924786325	18572.600017777782	19346.458351851856	20187.608714975853	21105.2272929293	22110.23811640212	23215.75002222223	24437.631602339192	25795.277802469136	27312.647084967317	29019.687527777776	30954.333362962963	33165.357174603174	35716.5384957265	38692.91670370371	42210.4545858586	46431.50004444446	51590.555604938294	58039.37505555559	66330.71434920642	77385.83340740735	92863.00008888882	116078.75011111103	154771.6668148147	232157.50022222206	464315.00044444413
23380.0	30402.648207777784	30709.745664422007	31023.110416099775	31342.93629667813	31669.42521643519	32002.787587134506	32343.242774231687	32691.01957825568	33046.35674758454	33409.50352503053	33780.72023086421	34160.278885143576	34579.71686868687	34977.18487867178	35383.89633074936	35800.17746405229	36226.37005291006	36662.832342704154	37109.940054200546	37568.08746227709	38037.68855555556	38519.1782841069	39013.0139031339	38902.70414862916	39414.581834795325	39940.1095925926	40479.840803303305	41034.35917047185	41604.280825617294	42190.25661189359	42792.97456349207	43413.16260064412	44051.591462418306	44709.07790215589	44236.09035185186	44916.6455880342	45618.46817534723	46342.570844797185	47090.031664874565	47861.99939708562	48659.69938703704	49484.44005461394	50337.62005555556	51220.736196881095	50594.46626190476	51514.36564848485	52468.33538271605	53458.30397484277	54486.34828205129	55554.708052287584	56665.80221333334	57822.24715646259	59026.877305555565	58569.57264539008	59842.8242246377	61172.66476296297	62562.95259848486	64017.90498449612	65542.14081746031	67140.72961788619	68819.24785833334	70583.84395726495	12218.815801169594	12549.054066066068	12897.638901234572	13266.142869841273	13656.323542483664	14070.151528619532	14509.843763888894	14977.903240143367	15477.166681481482	16010.86208429119	16582.678587301587	17196.85186831276	17858.26924786325	18572.600017777782	19346.458351851856	20187.608714975853	21105.2272929293	22110.23811640212	23215.75002222223	24437.631602339192	25795.277802469136	27312.647084967317	29019.687527777776	30954.333362962963	33165.357174603174	35716.5384957265	38692.91670370371	42210.4545858586	46431.50004444446	51590.555604938294	58039.37505555559	66330.71434920642	77385.83340740735	92863.00008888882	116078.75011111103	154771.6668148147	232157.50022222206	464315.00044444413
25452.0	30233.37905333334	30538.76672053873	30850.386789115648	31168.432013745714	31493.10318055556	31824.609529824564	32163.169205673767	32691.01957825568	33046.35674758454	33409.50352503053	33780.72023086421	34160.278885143576	34548.46387247475	34945.57265261814	35351.91652067184	35767.82142091504	36193.62881878308	36629.69663587685	37076.40025338754	37568.08746227709	38037.68855555556	38519.1782841069	39013.0139031339	39519.67642135643	40039.672163742696	40573.53445925927	41121.82546546547	41685.13814307459	42264.09839506174	42859.367386541475	42792.97456349207	43413.16260064412	44051.591462418306	44709.07790215589	45386.48817340068	46084.74183760684	46804.81592881945	47547.749514991185	48314.648700716854	49106.69212204008	48659.69938703704	49484.44005461394	50337.62005555556	51220.736196881095	52135.392200396826	53083.308422222224	54066.33265226338	55086.452136268344	56145.80698504274	55554.708052287584	56665.80221333334	57822.24715646259	59026.877305555565	60282.768312056745	61593.26327536233	62962.002459259274	64392.95706060607	64017.90498449612	65542.14081746031	67140.72961788619	68819.24785833334	70583.84395726495	72441.31353508773	74399.18687387388	76465.83095370371	13266.142869841273	13656.323542483664	14070.151528619532	14509.843763888894	14977.903240143367	15477.166681481482	16010.86208429119	16582.678587301587	17196.85186831276	17858.26924786325	18572.600017777782	19346.458351851856	20187.608714975853	21105.2272929293	22110.23811640212	23215.75002222223	24437.631602339192	25795.277802469136	27312.647084967317	29019.687527777776	30954.333362962963	33165.357174603174	35716.5384957265	38692.91670370371	42210.4545858586	46431.50004444446	51590.555604938294	58039.37505555559	66330.71434920642	77385.83340740735	92863.00008888882	116078.75011111103	154771.6668148147	232157.50022222206	464315.00044444413
27709.0	30499.153146666675	30807.22540067341	31121.584843537417	31442.425924398634	31493.10318055556	31824.609529824564	32163.169205673767	32509.00973476703	32862.36853623189	33223.49346520146	33592.6433925926	33970.08882397004	34356.11256060606	34751.01040613028	35155.09192248063	35767.82142091504	36193.62881878308	36629.69663587685	37076.40025338754	37534.13358984911	38003.310259722224	38484.36481997188	38977.754112535615	39483.95871139972	40003.48448391814	40536.86427703704	41121.82546546547	41685.13814307459	42264.09839506174	42859.367386541475	43471.64406349207	44101.66789049919	44750.22183006536	45418.13558872306	46106.289158249165	46084.74183760684	46804.81592881945	47547.749514991185	48314.648700716854	49106.69212204008	49925.13699074074	50771.32575329566	51646.693438697315	52552.7757797271	52135.392200396826	53083.308422222224	54066.33265226338	55086.452136268344	56145.80698504274	57246.705161220045	58391.63926444446	59583.30537188209	60824.624233796305	60282.768312056745	61593.26327536233	62962.002459259274	64392.95706060607	65890.46768992247	67459.28834920636	69104.63684552845	70832.25276666667	70583.84395726495	72441.31353508773	74399.18687387388	76465.83095370371	78650.56898095239	80963.82100980393	83417.27013131314	14509.843763888894	14977.903240143367	15477.166681481482	16010.86208429119	16582.678587301587	17196.85186831276	17858.26924786325	18572.600017777782	19346.458351851856	20187.608714975853	21105.2272929293	22110.23811640212	23215.75002222223	24437.631602339192	25795.277802469136	27312.647084967317	29019.687527777776	30954.333362962963	33165.357174603174	35716.5384957265	38692.91670370371	42210.4545858586	46431.50004444446	51590.555604938294	58039.37505555559	66330.71434920642	77385.83340740735	92863.00008888882	116078.75011111103	154771.6668148147	232157.50022222206	464315.00044444413
30165.0	30499.153146666675	30807.22540067341	31121.584843537417	31442.425924398634	31769.95119444445	32104.371733333337	32445.907602836887	32794.78832974911	33151.25342028986	33515.552908424914	33887.94794074075	33970.08882397004	34356.11256060606	34751.01040613028	35155.09192248063	35568.68123921569	35992.117920634926	36425.757895582334	36869.97445528456	37325.15932510288	37791.72381666667	38270.10006751056	38977.754112535615	39483.95871139972	40003.48448391814	40536.86427703704	41084.65974024025	41647.46329832573	42225.900288580255	42820.63127856026	43432.354582539694	44061.80899677939	44750.22183006536	45418.13558872306	46106.289158249165	46815.61668376069	47547.11069444445	48301.82673721341	49080.88845878137	49885.49318761386	50716.91807407408	50771.32575329566	51646.693438697315	52552.7757797271	53491.218204365076	54463.78580808081	55472.37443415639	56519.023008385746	57605.92729700855	57246.705161220045	58391.63926444446	59583.30537188209	60824.624233796305	62118.76517494091	63469.17311352659	64879.59918271607	66354.13552777779	65890.46768992247	67459.28834920636	69104.63684552845	70832.25276666667	72648.46437606837	74560.26607017545	76575.40839639641	76465.83095370371	78650.56898095239	80963.82100980393	83417.27013131314	86024.0598229167	88799.02949462364	15477.166681481482	16010.86208429119	16582.678587301587	17196.85186831276	17858.26924786325	18572.600017777782	19346.458351851856	20187.608714975853	21105.2272929293	22110.23811640212	23215.75002222223	24437.631602339192	25795.277802469136	27312.647084967317	29019.687527777776	30954.333362962963	33165.357174603174	35716.5384957265	38692.91670370371	42210.4545858586	46431.50004444446	51590.555604938294	58039.37505555559	66330.71434920642	77385.83340740735	92863.00008888882	116078.75011111103	154771.6668148147	232157.50022222206	464315.00044444413
32838.0	31278.936776666673	31594.88563299664	31917.28242517007	32246.326573883172	32582.225809027783	32925.19660701755	33275.46465602837	33633.265351254486	33151.25342028986	33515.552908424914	33887.94794074075	34268.711400749075	34658.128575757575	35056.49786973181	35464.13156589148	35881.35664313726	36308.515650793655	36745.96764658635	37194.089203252035	37325.15932510288	37791.72381666667	38270.10006751056	38760.742376068374	39264.12864069265	39780.76191228071	40311.17207111112	40855.91763963964	41415.58774429224	42225.900288580255	42820.63127856026	43432.354582539694	44061.80899677939	44709.7767761438	45377.08687728027	46064.618496633004	46773.30493504274	47504.13782465278	48301.82673721341	49080.88845878137	49885.49318761386	50716.91807407408	51576.52685499058	52465.77731800766	53386.22955165692	54339.55507936508	55327.54698989899	55472.37443415639	56519.023008385746	57605.92729700855	58735.4552832244	59910.1643888889	61132.82080498866	62406.42123842593	62118.76517494091	63469.17311352659	64879.59918271607	66354.13552777779	67897.25495865633	69513.85626719576	71209.31617615177	70832.25276666667	72648.46437606837	74560.26607017545	76575.40839639641	78702.50307407409	80951.14601904764	83332.06207843138	83417.27013131314	86024.0598229167	88799.02949462364	91758.99714444444	94923.10049425288	98313.21122619047	17196.85186831276	17858.26924786325	18572.600017777782	19346.458351851856	20187.608714975853	21105.2272929293	22110.23811640212	23215.75002222223	24437.631602339192	25795.277802469136	27312.647084967317	29019.687527777776	30954.333362962963	33165.357174603174	35716.5384957265	38692.91670370371	42210.4545858586	46431.50004444446	51590.555604938294	58039.37505555559	66330.71434920642	77385.83340740735	92863.00008888882	116078.75011111103	154771.6668148147	232157.50022222206	464315.00044444413
35749.0	32269.828137777782	32595.785997755338	32928.39605895692	33267.86405956473	33614.404310185186	32925.19660701755	33275.46465602837	33633.265351254486	33998.844322463774	34372.457996337	34754.3741962963	35144.87278277154	35544.246337121214	35952.80089272031	36370.85671705427	36798.74914901961	36308.515650793655	36745.96764658635	37194.089203252035	37653.27548971194	38123.94143333333	38606.522970464146	39101.4783931624	39609.28980086581	40130.464666666674	40311.17207111112	40855.91763963964	41415.58774429224	41990.80424074075	42582.22401877935	43190.54150476192	43816.49138164252	44460.851549019615	45124.446348258716	46064.618496633004	46773.30493504274	47504.13782465278	48258.17175837743	49036.529367383526	49840.40689799637	50671.0803462963	51529.912216572506	52465.77731800766	53386.22955165692	54339.55507936508	55327.54698989899	56352.13119341565	57415.37895178197	58519.52085470086	59666.96244008715	59910.1643888889	61132.82080498866	62406.42123842593	63734.21743498819	65119.7439009662	66566.84932098766	68079.73226010102	67897.25495865633	69513.85626719576	71209.31617615177	72989.54908055556	74861.07598005698	76831.10429532165	78907.62062762764	78702.50307407409	80951.14601904764	83332.06207843138	85857.2760808081	88540.31595833336	91396.45518279569	91758.99714444444	94923.10049425288	98313.21122619047	101954.44127160494	105875.76593589745	18572.600017777782	19346.458351851856	20187.608714975853	21105.2272929293	22110.23811640212	23215.75002222223	24437.631602339192	25795.277802469136	27312.647084967317	29019.687527777776	30954.333362962963	33165.357174603174	35716.5384957265	38692.91670370371	42210.4545858586	46431.50004444446	51590.555604938294	58039.37505555559	66330.71434920642	77385.83340740735	92863.00008888882	116078.75011111103	154771.6668148147	232157.50022222206	464315.00044444413
38918.0	33220.948280000004	33556.513414141424	33898.92681632653	33267.86405956473	33614.404310185186	33968.24014502924	34329.60440189126	34698.73993309439	35075.900149758454	35461.3496019536	35855.36459753087	36258.23386267167	36670.25924747474	35952.80089272031	36370.85671705427	36798.74914901961	37236.82949603175	37685.46599598394	38145.0448495935	38615.97132921811	39098.67097083334	39593.5908565401	40101.200995726496	39609.28980086581	40130.464666666674	40665.5375288889	41215.07181981982	41779.661844748865	42359.93492592594	42956.55372769954	43570.21878095239	43816.49138164252	44460.851549019615	45124.446348258716	45808.15008080809	46512.890851282056	47239.65477083334	47989.49056084657	48763.51460215055	49562.91648087433	50671.0803462963	51529.912216572506	52418.35897892721	53337.97931189084	54290.443228174605	55277.5421959596	56301.20038477367	57415.37895178197	58519.52085470086	59666.96244008715	60860.3016888889	62102.348662131524	63396.1475925926	64745.00179669032	65119.7439009662	66566.84932098766	68079.73226010102	69662.98184754522	71321.62427248678	73061.17608401085	74887.70548611111	74861.07598005698	76831.10429532165	78907.62062762764	81099.49897839509	83416.62752063494	85870.05774183008	85857.2760808081	88540.31595833336	91396.45518279569	94443.00368888889	97699.65898850575	98313.21122619047	101954.44127160494	105875.76593589745	110110.79657333335	114698.74643055556	20187.608714975853	21105.2272929293	22110.23811640212	23215.75002222223	24437.631602339192	25795.277802469136	27312.647084967317	29019.687527777776	30954.333362962963	33165.357174603174	35716.5384957265	38692.91670370371	42210.4545858586	46431.50004444446	51590.555604938294	58039.37505555559	66330.71434920642	77385.83340740735	92863.00008888882	116078.75011111103	154771.6668148147	232157.50022222206	464315.00044444413
42367.0	33220.948280000004	33556.513414141424	33898.92681632653	34248.4002886598	34605.15445833334	34969.419242105265	35341.43434042554	35721.44976344087	36109.72639130435	36506.53657142857	36912.16475555557	36258.23386267167	36670.25924747474	37091.75648020435	37523.05597416021	37964.50369150327	38416.462068783076	38879.31100937082	39353.44894850949	39839.293997256515	39098.67097083334	39593.5908565401	40101.200995726496	40621.99581385282	41156.49575877194	41705.249035555564	42268.83348198199	42847.85859817352	43442.967745370384	42956.55372769954	43570.21878095239	44201.67122705314	44851.695803921575	45521.12409950249	46210.83810101011	46921.77407179488	47654.92679166667	47989.49056084657	48763.51460215055	49562.91648087433	50388.965088888894	51243.01534463277	52126.515609195405	53041.015883040935	53988.17688095238	55277.5421959596	56301.20038477367	57363.487184486374	58466.631168803426	59613.035701525056	60805.29641555557	62046.22083219955	63396.1475925926	64745.00179669032	66152.50183574882	67622.55743209878	69159.43373737375	70767.79266149871	71321.62427248678	73061.17608401085	74887.70548611111	76807.90306267806	78829.16366959065	80959.68160660661	81099.49897839509	83416.62752063494	85870.05774183008	88472.18070370372	91236.93635069446	91396.45518279569	94443.00368888889	97699.65898850575	101188.93252380952	104936.6707654321	105875.76593589745	110110.79657333335	114698.74643055556	119685.6484492754	125125.90519696972	22110.23811640212	23215.75002222223	24437.631602339192	25795.277802469136	27312.647084967317	29019.687527777776	30954.333362962963	33165.357174603174	35716.5384957265	38692.91670370371	42210.4545858586	46431.50004444446	51590.555604938294	58039.37505555559	66330.71434920642	77385.83340740735	92863.00008888882	116078.75011111103	154771.6668148147	232157.50022222206	464315.00044444413
46123.0	34108.77677222223	34453.309870931545	34804.874257369614	35163.68739404354	35529.97580439815	35903.975549707604	36285.93273640663	36676.10405615293	36109.72639130435	36506.53657142857	36912.16475555557	37326.90817977529	37751.07759090909	38184.99802298851	38629.009627906984	39083.46856470589	39548.74795238096	40025.238891566274	39353.44894850949	39839.293997256515	40337.28517222222	40847.883718706056	41371.57453561253	41908.86771139972	42460.300181286555	43026.43751703704	43607.87586186186	42847.85859817352	43442.967745370384	44054.84053051644	44684.19539523811	45331.792429951696	45998.43643627452	46684.9802636816	47392.32844949496	46921.77407179488	47654.92679166667	48411.35420105821	49192.18249462367	49998.61171584701	50831.921911111116	51693.47990960452	52126.515609195405	53041.015883040935	53988.17688095238	54969.7800969697	55987.73898765433	57044.11142138365	58141.11356410257	59613.035701525056	60805.29641555557	62046.22083219955	63338.85043287038	64686.48554846337	66092.7134951691	67561.44046172842	69159.43373737375	70767.79266149871	72452.7401058201	74219.88010840109	76075.37711111111	76807.90306267806	78829.16366959065	80959.68160660661	83208.56165123459	85585.94912698414	88103.18292483661	88472.18070370372	91236.93635069446	94180.06332974909	97319.39877407407	100675.24011111112	101188.93252380952	104936.6707654321	108972.69656410257	113331.60442666669	118053.75461111113	119685.6484492754	125125.90519696972	131084.28163492066	137638.4957166667	24437.631602339192	25795.277802469136	27312.647084967317	29019.687527777776	30954.333362962963	33165.357174603174	35716.5384957265	38692.91670370371	42210.4545858586	46431.50004444446	51590.555604938294	58039.37505555559	66330.71434920642	77385.83340740735	92863.00008888882	116078.75011111103	154771.6668148147	232157.50022222206	464315.00044444413
50211.0	35011.873210000005	35365.5284949495	35726.40123469388	36094.71464948455	36470.701260416674	36854.60337894737	37246.673627659584	36676.10405615293	37074.757361111115	37482.17227716728	37898.6408580247	38324.46828339576	38759.973604797975	39205.490542784166	39661.368339793284	40127.97267320262	39548.74795238096	40025.238891566274	40513.351560975614	41013.516395061735	41526.18535	42051.833265822796	42590.95933333333	43144.08867532468	43711.77405263159	43026.43751703704	43607.87586186186	44205.244024353124	44819.20574691359	45450.4621658842	46099.75448253969	46767.86686634461	47455.62961437909	46684.9802636816	47392.32844949496	48121.441194871804	48873.33871354167	49649.105994709	50449.89802688173	51276.94553551914	50831.921911111116	51693.47990960452	52584.74680459771	53507.286222222225	54462.77347619047	55453.005721212125	56479.91323456791	57044.11142138365	58141.11356410257	59281.13539869281	60466.75810666668	61700.773578231296	62986.20636111112	64686.48554846337	66092.7134951691	67561.44046172842	69096.92774494951	70703.83304134366	72387.25763756614	74219.88010840109	76075.37711111111	78026.0278062678	80079.34432748539	82243.65093093093	84528.19679012347	85585.94912698414	88103.18292483661	90772.97634680136	93609.63185763892	96629.29740143367	97319.39877407407	100675.24011111112	104270.78440079365	108132.66530452676	108972.69656410257	113331.60442666669	118053.75461111113	123186.52655072467	125125.90519696972	131084.28163492066	137638.4957166667	144882.62707017548	25795.277802469136	27312.647084967317	29019.687527777776	30954.333362962963	33165.357174603174	35716.5384957265	38692.91670370371	42210.4545858586	46431.50004444446	51590.555604938294	58039.37505555559	66330.71434920642	77385.83340740735	92863.00008888882	116078.75011111103	154771.6668148147	232157.50022222206	464315.00044444413
54661.0	35932.18633222223	36295.13770931538	36665.49625736961	37043.49106414663	37429.360762731485	36854.60337894737	37246.673627659584	37647.17549462366	38056.38392391305	38474.58594505495	38902.08134444446	39339.183382022486	39786.219556818185	40243.53242528737	39661.368339793284	40127.97267320262	40605.68663359789	41094.91177376172	41596.069234417344	42109.60095336077	42635.97096527778	43175.6668002813	43729.20099002849	43144.08867532468	43711.77405263159	44294.597706666675	44893.17335135135	45508.14832876713	46140.20594444445	46790.06800000001	47458.497542857156	46767.86686634461	47455.62961437909	48163.92259369818	48893.678996633	49645.889442735046	50421.60646527778	51221.9494250441	50449.89802688173	51276.94553551914	52131.56129444445	53015.147079096045	53929.201339080464	54875.32767836258	55855.244244047615	55453.005721212125	56479.91323456791	57545.571974842765	58652.217589743595	59802.261071895424	60998.30629333335	61700.773578231296	62986.20636111112	64326.33841134753	65724.73707246379	67185.2867851852	68712.22512121213	70703.83304134366	72387.25763756614	74152.80050677508	76006.62051944445	77955.50822507123	80006.96896783628	82243.65093093093	84528.19679012347	86943.28812698415	89500.44366013072	92212.57831649833	93609.63185763892	96629.29740143367	99850.27398148147	103293.38687739463	104270.78440079365	108132.66530452676	112291.61397008548	116783.27852888891	118053.75461111113	123186.52655072467	128785.91412121215	134918.5766984127	137638.4957166667	144882.62707017548	152931.6619074074	161927.64201960783	29019.687527777776	30954.333362962963	33165.357174603174	35716.5384957265	38692.91670370371	42210.4545858586	46431.50004444446	51590.555604938294	58039.37505555559	66330.71434920642	77385.83340740735	92863.00008888882	116078.75011111103	154771.6668148147	232157.50022222206	464315.00044444413
59506.0	36809.35607000001	37181.167747474756	37560.56741836735	37043.49106414663	37429.360762731485	37823.35403391813	38225.730140661944	38636.75949701315	39056.724274154585	39485.91904639804	39924.65148024692	40373.24306991261	40832.0299229798	40243.53242528737	40711.4804767442	41190.43907058825	41680.8014404762	42182.97977108435	42697.406353658545	43224.534827160496	43764.8415125	43175.6668002813	43729.20099002849	44297.1126911977	44879.96943713451	45478.36902962963	46092.94158408409	46724.35174277017	47373.30107253087	46790.06800000001	47458.497542857156	48146.30185507247	48854.33570588236	49583.5048955224	50334.77012121213	51109.15120000001	50421.60646527778	51221.9494250441	52048.10989964158	52901.357602914395	53783.0468962963	54694.62396233521	55637.63472030651	54875.32767836258	55855.244244047615	56870.79413939394	57923.95699382717	59016.8618427673	60151.80149358975	61331.24858169935	60998.30629333335	62243.169687074835	63539.9023888889	64891.815205673774	66302.50684057974	67185.2867851852	68712.22512121213	70310.18384496124	71984.23584126984	73739.94891056912	75583.44763333334	77955.50822507123	80006.96896783628	82169.3194804805	84451.80057716051	86864.70916507939	89500.44366013072	92212.57831649833	95094.22138888891	98161.7769175627	99850.27398148147	103293.38687739463	106982.43640873015	110944.74886831277	112291.61397008548	116783.27852888891	121649.24846759261	126938.34622705317	128785.91412121215	134918.5766984127	141664.50553333337	149120.53214035093	152931.6619074074	161927.64201960783	172048.1196458333	30954.333362962963	33165.357174603174	35716.5384957265	38692.91670370371	42210.4545858586	46431.50004444446	51590.555604938294	58039.37505555559	66330.71434920642	77385.83340740735	92863.00008888882	116078.75011111103	154771.6668148147	232157.50022222206	464315.00044444413
64781.0	37601.577737777785	37981.391654321	37560.56741836735	37947.78976288661	38343.07923958334	38746.69060000001	39158.88943617022	39579.952763440866	40010.169641304354	40449.841835164836	40899.28452222223	40373.24306991261	40832.0299229798	41301.36360025543	41781.61201421189	42273.160390849676	42776.41230026455	43291.79076171352	43819.739429539295	44360.723866941014	43764.8415125	44318.82684810128	44887.01693589744	45469.96520779222	46068.25422368422	46682.49761333334	47313.34217567568	47961.47015068494	47373.30107253087	48040.53066510173	48726.823960317466	49433.00981481482	50159.965841503275	50908.622048092875	51679.964806397315	51109.15120000001	51907.73168750001	52731.663936507946	53582.1746451613	54460.57095081969	55368.24713333334	56306.691999999995	55637.63472030651	56613.733575048725	57624.6931031746	58672.414795959594	59758.940995884775	60886.468184486366	60151.80149358975	61331.24858169935	62557.873553333346	63834.56485034014	65164.451618055566	66550.92931205675	66302.50684057974	67775.8958814815	69316.25715151516	70928.26313178295	72617.03130158731	73739.94891056912	75583.44763333334	77521.48475213675	79561.52382456142	81711.83527927929	84451.80057716051	86864.70916507939	89419.5535522876	92129.23699326601	95094.22138888891	98161.7769175627	101433.83614814814	104931.55463601532	108679.11015873015	110944.74886831277	115211.8545940171	119820.3287777778	124812.84247685186	126938.34622705317	132708.27105555558	139027.71253439155	141664.50553333337	149120.53214035093	157405.00614814812	161927.64201960783	172048.1196458333	183517.99428888888	33165.357174603174	35716.5384957265	38692.91670370371	42210.4545858586	46431.50004444446	51590.555604938294	58039.37505555559	66330.71434920642	77385.83340740735	92863.00008888882	116078.75011111103	154771.6668148147	232157.50022222206	464315.00044444413
70522.0	38279.89138111111	37981.391654321	38368.95687528345	38764.513131729684	39168.31014351852	39580.60814502925	40001.67844444446	40431.8040191159	40871.28014975846	41320.4150964591	40899.28452222223	41358.827044943835	41828.81371590909	42309.604678160926	42801.576825581404	43305.124788235305	43820.66198809525	44348.62177108435	43819.739429539295	44360.723866941014	44915.232915277775	45483.78016736991	46066.905554131044	46665.17705483406	47279.192542397665	47909.5817762963	47313.34217567568	47961.47015068494	48627.60168055557	49312.49747887325	50016.96172857144	50741.845231884065	51488.04883823531	52256.52717910449	51679.964806397315	52475.04118803419	53294.96370659723	54140.91551146385	55014.1560842294	55916.02749544628	55368.24713333334	56306.691999999995	57277.49703448276	58282.365403508775	59323.121928571425	60401.72414545455	59758.940995884775	60886.468184486366	62057.361803418804	63274.17281917211	64539.656275555564	65856.79211791384	65164.451618055566	66550.92931205675	67997.68864492755	69508.7483925926	71088.49267424244	72741.71343410853	72617.03130158731	74388.17840650407	76247.88286666667	78202.9567863248	79561.52382456142	81711.83527927929	83981.6084814815	86381.08300952383	88921.70309803923	92129.23699326601	95008.27564930558	98073.05873476701	101342.16069259259	104931.55463601532	108679.11015873015	112704.2623868313	117039.04170940172	119820.3287777778	124812.84247685186	130239.4878019324	132708.27105555558	139027.71253439155	145979.09816111115	153662.20859064333	157405.00614814812	166664.12415686273	177080.63191666664	183517.99428888888	196626.42245238094	211751.5318717949	38692.91670370371	42210.4545858586	46431.50004444446	51590.555604938294	58039.37505555559	66330.71434920642	77385.83340740735	92863.00008888882	116078.75011111103	154771.6668148147	232157.50022222206	464315.00044444413
76773.0	38279.89138111111	38666.55695061729	39061.11365419501	39463.80554753724	39874.886855324075	40294.622506432745	40723.28870330969	41161.17352807646	41608.57758816425	41320.4150964591	41779.5308197531	42248.96375031212	42729.06561111111	43220.2042962963	43722.76481136952	44237.15027973857	44763.78302116403	44348.62177108435	44889.45862195123	45443.64946913581	46011.695087500004	46594.12160759495	47191.48214102564	47804.358532467544	48433.36325000001	47909.5817762963	48557.00855705706	49222.17305783866	49905.81435030865	50608.713143974965	51331.69476031746	52075.63236553945	51488.04883823531	52256.52717910449	53048.29274242425	53864.420323076934	54706.05189062501	55574.40192063493	56470.7632419355	55916.02749544628	56847.96128703704	57811.48605461393	58808.235814176245	59839.95924951267	60908.52995039682	60401.72414545455	61520.2745925926	62681.03449056604	63886.439000000006	65139.114274509804	66441.89656000001	65856.79211791384	67228.80862037037	68659.20880378252	70151.80029951692	71710.72919506174	71088.49267424244	72741.71343410853	74473.65899206349	76290.089699187	78197.34194166667	78202.9567863248	80260.92933333335	82430.14363963965	84719.86985185188	86381.08300952383	88921.70309803923	91616.30016161618	94479.30954166669	97527.02920430106	101342.16069259259	104836.71795785442	108580.88645634921	112704.2623868313	117039.04170940172	121720.6033777778	126792.2951851852	130239.4878019324	136159.46452020205	142643.24854497355	145979.09816111115	153662.20859064333	162198.99795679012	166664.12415686273	177080.63191666664	188886.00737777777	196626.42245238094	211751.5318717949	229397.49286111112	42210.4545858586	46431.50004444446	51590.555604938294	58039.37505555559	66330.71434920642	77385.83340740735	92863.00008888882	116078.75011111103	154771.6668148147	232157.50022222206	464315.00044444413
83578.0	38813.032450000006	39205.083282828295	39605.13515306123	40013.435515463934	40430.24213541667	40855.823631578955	41290.4600531915	41734.443494623665	41608.57758816425	42065.8147045177	42533.21264567902	43011.1139113608	43499.87656944444	43999.87515070243	44511.50160594316	45035.16633071896	44763.78302116403	45303.105708166004	45855.582607046075	46421.70091083677	47001.972172222224	47596.93384528834	48207.15094586895	48833.217841269856	48433.36325000001	49079.141426666676	49742.373067567576	50423.77543835618	51124.10565277779	51844.16347887325	52584.7943857143	52075.63236553945	52841.45048856209	53630.12885406302	54442.706563973064	55280.28666495727	56144.041144097224	57035.216400352736	56470.7632419355	57396.51345901641	58353.122016666675	59342.15798305085	60365.29863793104	61424.338964912284	60908.52995039682	62015.957767676766	63164.40143004116	64356.18258909853	65593.80148504274	66879.95445533769	66441.89656000001	67797.85363265306	69210.30891666668	70682.86868085108	72219.45278260871	71710.72919506174	73340.5184949495	75046.11194832041	76832.92413756614	78706.89789701898	78197.34194166667	80202.40199145299	82312.99151754388	84537.66696396397	84719.86985185188	87140.43756190478	89703.39160784315	92421.67620202021	94479.30954166669	97527.02920430106	100777.93017777777	104253.03121839081	108580.88645634921	112602.40076954734	116933.26233760685	121610.59283111113	126792.2951851852	132305.00367149763	138318.8674747475	142643.24854497355	149775.41097222225	157658.32733918133	162198.99795679012	171740.1154836601	182473.87270138887	188886.00737777777	202377.86504761904	211751.5318717949	229397.49286111112	250251.81039393944	46431.50004444446	51590.555604938294	58039.37505555559	66330.71434920642	77385.83340740735	92863.00008888882	116078.75011111103	154771.6668148147	232157.50022222206	464315.00044444413
90986.0	39164.161306666676	39559.75889562291	39963.429904761906	40375.42402749142	40796.00136111112	41225.43295438597	41664.00139007093	41734.443494623665	42188.07875	42651.68401098901	43125.59161111112	43610.14882022473	44105.71869318182	44612.6809770115	45131.43308139536	45035.16633071896	45571.29926322752	46120.351061579655	46682.79436720867	47259.125161865566	47849.86422638888	48455.558710267236	49076.783821937315	48833.217841269856	49475.76018128656	50135.436983703716	50812.942888888894	51509.0105996956	52224.41352469137	52959.96864475744	52584.7943857143	53346.89285507247	54131.40598529413	54939.33741791046	55771.75162121213	56629.77856923078	57514.61885937501	57035.216400352736	57955.13924551972	58905.22349544628	59886.97722037037	60902.01073258003	61952.04540038314	61424.338964912284	62521.20216071429	63657.9512909091	64836.802240740755	66060.13813207547	67330.52540384616	66879.95445533769	68217.55354444445	69609.74851473923	71059.9516087963	72571.86547281325	72219.45278260871	73824.32951111114	75502.15518181819	77258.01925581395	79097.4959047619	78706.89789701898	80674.57034444444	82743.14907122507	84920.60036257311	84537.66696396397	86885.93549074077	89368.39079047622	91996.87287254904	92421.67620202021	95309.85358333336	98384.3649892473	101663.84382222222	104253.03121839081	107976.35376190476	111975.47797530866	116933.26233760685	121610.59283111113	126677.70086574076	132185.4269903382	138318.8674747475	144905.48021164024	152150.75422222225	157658.32733918133	166417.12330246912	171740.1154836601	182473.87270138887	194638.79754814814	202377.86504761904	217945.39312820515	229397.49286111112	250251.81039393944	275276.9914333334	51590.555604938294	58039.37505555559	66330.71434920642	77385.83340740735	92863.00008888882	116078.75011111103	154771.6668148147	232157.50022222206	464315.00044444413
99051.0	39313.43470555556	39710.54010662178	40115.74969954648	40529.314129438724	40951.494484953706	41382.56284795322	41664.00139007093	42112.00140501793	42569.740550724644	43037.5398974359	43515.734785185196	44004.675625468175	44504.72875757576	45016.277363984686	45539.72244961241	45662.391117647065	46205.99101190477	46762.68969879519	47332.96640243903	47917.324012345685	48516.290562500006	49130.42082278482	49076.783821937315	49714.144650793656	50368.27813304094	51039.85517481482	51729.582947447445	52438.207371385084	53166.515807098775	52959.96864475744	53716.53962539684	54495.04019967795	55296.43784967322	56121.757817578786	56972.087481481496	57848.58113504275	57514.61885937501	58427.549317460325	59369.92914516131	60343.206672131164	61348.92678333334	62388.73910169491	61952.04540038314	63038.92338986354	64164.61845039681	65331.24787676767	66541.08580041153	67796.57798532494	67330.52540384616	68650.73178431373	70023.74642000001	71452.80246938777	72941.40252083335	72571.86547281325	74149.51472222224	75797.2817160494	77519.94720959596	79322.73667958655	79097.4959047619	81026.70312195123	83052.3707	85181.91866666666	84920.60036257311	87215.75172372372	89638.41149382718	92199.50896507938	91996.87287254904	94784.65689898992	97746.67742708336	100899.79605376342	101663.84382222222	105169.49360919542	108925.54695238094	111975.47797530866	116282.22712820514	120933.51621333337	125972.41272222225	132185.4269903382	138193.85548989903	144774.51527513232	152150.75422222225	160158.6886549708	166417.12330246912	176206.36584967317	187219.26371527775	194638.79754814814	208541.5688015873	217945.39312820515	236107.50922222226	250251.81039393944	275276.9914333334	51590.555604938294	58039.37505555559	66330.71434920642	77385.83340740735	92863.00008888882	116078.75011111103	154771.6668148147	232157.50022222206	464315.00044444413
107830.0	39254.98948444446	39651.50452974188	40056.11171882087	40469.06132416955	40890.6140462963	41321.041562573104	41822.80287825059	42272.51043608125	42731.99424516908	43201.5765995116	43681.59411728396	44172.398545568045	44674.35761994949	45187.855983397196	45539.72244961241	46075.48389019608	46624.001555555566	47185.73651405623	47761.17232520326	48350.81642798354	48955.20163333334	49574.887729957816	49760.298012820516	50406.53564935066	51069.7795394737	51750.70993333334	52450.04385135136	53168.537602739736	53906.989513888904	53915.33997339594	54685.559115873024	55478.10345088567	56293.95791339869	57134.16624046435	57999.83542592593	57848.58113504275	58752.465215277785	59685.044028218705	60647.70602867385	61641.9307176685	62669.29622962964	62388.73910169491	63464.407017241385	64577.81766666667	65730.99298214285	66926.10194545455	68165.47420370372	67796.57798532494	69100.35833119658	70455.26731808278	71864.37266444445	73330.99251473922	72941.40252083335	74493.34725531917	76112.76784782611	77804.16268888891	79572.43911363638	79322.73667958655	81211.37326719577	83192.13846883469	85271.94193055556	85181.91866666666	87423.54810526318	89786.3467027027	92280.4118888889	92199.50896507938	94911.25922875818	97787.357993266	100843.21293055557	100899.79605376342	104263.12258888889	107858.40267816093	108925.54695238094	112959.82646913582	117304.43517948719	121996.6125866667	125972.41272222225	131449.47414492758	137424.45024242427	144774.51527513232	152013.24103888893	160158.6886549708	169056.3935802469	179000.88732026142	187219.26371527775	199700.54796296294	208541.5688015873	224583.22794017097	236107.50922222226	257571.8282424243	275276.9914333334	305863.3238148149	58039.37505555559	66330.71434920642	77385.83340740735	92863.00008888882	116078.75011111103	154771.6668148147	232157.50022222206	464315.00044444413
117388.0	38982.91164444445	39376.67842873177	39778.481269841264	40188.56870561284	40607.199629629635	41321.041562573104	41760.62711111112	42209.666112305866	42668.46683091788	43137.351081807086	43616.65498271606	44106.72975780276	44607.9425959596	45187.855983397196	45713.29616925065	46251.09965359478	46801.70798280424	47365.58398259706	47943.213055555556	48535.10457475995	49141.793381944444	49574.887729957816	50210.46321367521	50862.547151515166	51531.79119298247	52218.88174222223	52924.54230630631	53649.53603652969	53906.989513888904	54666.242887323955	55447.189214285725	56250.771666666675	57077.988897058836	57929.89917910449	58807.62492424244	58892.140586324786	59812.33028298611	60761.73235097002	61741.760292114704	62753.92029690347	63799.81896851852	63731.48769114877	64830.30644444445	65967.6802417154	67145.67453174603	68366.50497777779	68165.47420370372	69451.6152264151	70787.22321153847	72175.20798039217	73618.71214000002	73330.99251473922	74858.72152546297	76451.46028132389	78113.44854830918	79849.30296049383	79572.43911363638	81422.96095348838	83361.60288095239	85394.81270731709	85271.94193055556	87458.40198005698	89759.93887426902	92185.88316816818	92280.4118888889	94916.99508571431	97708.67141176472	100669.54024242426	100843.21293055557	104096.21979928312	107566.09379259258	107858.40267816093	111710.48848809523	115847.91398765433	120303.6029871795	121996.6125866667	127079.8047777778	132605.01368115947	137424.45024242427	143968.4716825397	152013.24103888893	160013.93793567258	168903.601154321	179000.88732026142	190188.44277777776	199700.54796296294	213964.8728174603	224583.22794017097	243298.49693518522	257571.8282424243	283329.01106666675	305863.3238148149	344096.23929166683	66330.71434920642	77385.83340740735	92863.00008888882	116078.75011111103	154771.6668148147	232157.50022222206	464315.00044444413
127792.0	38492.71061333334	38881.52587205388	39278.27613605442	39683.206817869424	40096.57355555556	41034.64383625731	41471.182600472814	41917.10929510155	42372.730048309175	42838.36444444444	43314.34627160495	43801.0243196005	44298.763232323225	45120.67756832696	45645.33660981913	46182.34056993465	46732.13033862435	47295.16805354753	47871.938395663965	48462.949980795616	49068.73685555556	49763.84139943742	50401.839366096865	51056.408708513714	51728.203559941525	52417.912940740745	53126.26311561562	53854.02014459666	54394.668481481494	55160.79057276996	55948.80186666668	56759.65406763285	57594.35486274511	58453.9720995025	58807.62492424244	59712.35761538462	60645.36320312501	61607.98801587302	62601.6652419355	63627.92204918034	63799.81896851852	64881.1718323917	65999.81272605364	67157.7041773879	68356.94889484126	68366.50497777779	69632.55136625515	70946.37309014675	72310.72641880343	73728.58379956428	75203.15547555557	75121.1348367347	76686.15847916668	78317.77887234044	80020.33928260872	79849.30296049383	81664.05984595961	83563.22402842376	85552.82460052909	87639.47885907859	87529.683025	89774.03387179488	92136.50844736844	94626.68435135136	94746.60214506174	97453.64792063493	100319.93168300655	100669.54024242426	103815.46337500004	107164.34929032256	110736.49426666666	111275.26944061302	115249.3862063492	119517.88199176955	120303.6029871795	125115.74710666669	130328.90323611113	132605.01368115947	138632.51430303033	143968.4716825397	151166.89526666672	159123.04764912286	168903.601154321	178839.10710457515	190188.44277777776	202867.67229629628	213964.8728174603	230423.7091880342	243298.49693518522	265416.54211111116	283329.01106666675	314810.0122962964	344096.23929166683	66330.71434920642	77385.83340740735	92863.00008888882	116078.75011111103	154771.6668148147	232157.50022222206	464315.00044444413
139119.0	37785.14894111112	38166.81711223345	38556.27442970522	38953.76179495992	40096.57355555556	40518.64275087719	40949.692141843974	41390.01141218638	41839.90284057971	42299.68199267399	42769.67845925927	43250.23664419476	43741.7166060606	44807.944418901665	45328.96702842377	45862.248993464054	46408.228148148155	46967.363427041506	47540.136151761515	48127.051412894376	49068.73685555556	49689.86010689171	50326.9095954416	50980.505823953834	51651.30195321638	52339.98597925927	53047.2830870871	53854.02014459666	54601.99264660495	55371.03479655713	56162.04957936509	56975.99232689211	57813.87456699347	58453.9720995025	59339.63834343436	60252.55585641027	61194.002041666674	62165.335407407416	63168.002107526896	63627.92204918034	64688.38741666668	65784.80076271186	66919.02146551725	68093.03938596492	69308.98651785713	69599.8025111111	70888.68774279836	72226.21015303982	73615.17573290598	75058.61055119825	75203.15547555557	76737.9137505669	78336.62028703705	80003.35688888891	81742.56029951693	81798.56904444446	83657.6274318182	85603.1536511628	87641.32397619048	87639.47885907859	89830.46583055555	92133.81110826209	94558.38508479533	94626.68435135136	97255.20336111114	100033.92345714288	102976.09767647061	103359.92961279463	106589.92741319447	110028.31216845875	110736.49426666666	114554.99406896552	118646.24385714285	119517.88199176955	124114.72360683761	129079.31255111113	130328.90323611113	135995.3772898551	142176.9853484849	145234.06260317462	152495.76573333336	159123.04764912286	167963.21696296296	178839.10710457515	190016.5512986111	202684.32138518518	217358.2203174603	234078.08341880344	249625.68495370372	265416.54211111116	291958.1963222223	314810.0122962964	354161.2638333335	393252.8449047622	77385.83340740735	92863.00008888882	116078.75011111103	154771.6668148147	232157.50022222206	464315.00044444413
151450.0	36884.6621188889	37257.23446352414	37637.41032539683	38025.42486483392	39359.53014699074	39773.84099064328	40196.96695862885	40629.1924097969	41070.814066425126	41522.1416935287	41983.4988234568	42455.223529338335	43741.7166060606	44244.49495785441	44758.96582945737	45285.54189803922	45824.655492063495	46376.75977510041	46942.33001626016	47521.86495473251	48728.63955555556	49345.45777777778	49978.091851851845	50627.15797979799	51293.304795321645	51977.21552592593	52679.61033033033	53773.95819786911	54520.818728395076	55288.71758372458	56078.55640634922	56891.2891078905	57727.92571241831	58676.7682172471	59565.81015993267	60482.207239316245	61427.24172743056	62402.27731040565	63408.765654121875	64203.54312568308	65273.602177777786	66379.9344180791	67524.41604597702	68709.05492397661	69308.98651785713	70569.14990909092	71875.98601851852	73232.13669811322	74640.44701923078	75058.61055119825	76559.78276222222	78122.22730839002	79749.77371064815	81446.57740661938	81742.56029951693	83559.0616395062	85458.13122222225	87445.52962273902	87641.32397619048	89778.91724390246	92023.39017500001	94382.96428205128	94558.38508479533	97114.01711411412	99811.6287006173	102663.38952063493	102976.09767647061	106096.5854848485	109412.10378125003	110028.31216845875	113695.92257407407	117616.47162835249	118646.24385714285	123040.5491851852	127772.87800000001	129079.31255111113	134457.61724074074	140303.60059903385	142176.9853484849	148947.317984127	152495.76573333336	160521.85866666673	169439.7397037037	177843.4061960784	188958.6190833333	202684.32138518518	217161.77291269842	234078.08341880344	253584.5903703704	272318.9290404041	291958.1963222223	324397.9959135804	354161.2638333335	393252.8449047622	458794.9857222218	92863.00008888882	116078.75011111103	154771.6668148147	232157.50022222206	464315.00044444413
164874.0	35835.88474	36197.86337373738	36567.229326530614	36944.21107216496	38421.523040509266	38825.9601251462	39239.00225413712	39660.92700955795	40092.02404227053	40532.595735042734	40982.95790987655	41443.440583021234	42937.669251262625	43431.20567943806	43936.219698966415	44453.1164013072	44982.32016798943	45524.275832663996	46079.44992818429	47521.86495473251	48115.88826666666	48724.95014345992	49349.628991452984	49990.533264069265	50648.30343859649	51323.61415111111	52679.61033033033	53401.24882800609	54142.93283950618	54905.50935837246	55689.873777777786	56496.97339774557	57327.811241830066	58589.536543946946	59477.25679461281	60392.29151452993	61335.921069444455	62309.5071181658	63314.499168458795	64448.25361566486	65522.39117592593	66632.94017890771	67781.78397509578	68970.93807992202	69936.00233333334	71207.56601212121	72526.22464197532	73894.64397484277	75315.69482051283	76103.98519607843	77626.06490000001	79210.27030612246	80860.48427083335	82580.920106383	83217.15517632851	85066.42529135804	86999.75313888889	89023.00321188629	89527.56604232805	91711.16521409215	94003.94434444445	96414.3018917379	96866.72650000002	99484.74613513515	102248.21130555558	102663.38952063493	105682.90097712418	108885.41312794613	112288.08228819446	112941.52648387096	116706.24403333334	120730.59727586208	121817.05990079364	126328.80286008232	131187.60297008549	132883.79312000002	138420.61783333335	140303.60059903385	146681.036989899	153665.8482751323	156394.68388333337	164625.9830350878	169439.7397037037	179406.78321568624	188958.6190833333	201555.86035555555	217161.77291269842	233866.5246752137	253584.5903703704	276637.734949495	299550.8219444445	324397.9959135804	354161.2638333335	404755.7300952385	458794.9857222218	92863.00008888882	116078.75011111103	154771.6668148147	232157.50022222206	464315.00044444413
179488.0	34703.0065688889	35053.54198877667	35411.23119274377	35776.29543184423	37329.046604166666	37721.98393684211	38123.28163829788	38533.20939784947	38952.04863043478	39380.09312087912	39817.64971111112	40265.03903370787	41914.38877146465	42396.16335504471	42889.141998708015	43393.720139869285	43910.312046296305	44439.35195046855	44981.295266937675	46648.3320260631	47231.43617638889	47829.30245710268	48442.49864245014	49071.62200144301	49717.3012383041	50380.19858814815	52017.1765045045	52729.74056621004	53462.09807407408	54215.08537089202	54989.586590476196	55786.53712077294	57327.811241830066	58183.450215588724	59065.01764309765	59973.710222222224	60910.79944444445	61877.6375308642	63314.499168458795	64352.44177777779	65424.98247407408	66533.88048210922	67681.01635249042	68868.40260428851	70202.56197420634	71478.9721919192	72802.65686213992	74176.29189727463	75602.7590491453	76792.4731503268	78328.32261333335	79926.85980952381	81592.00272222224	82580.920106383	84376.15750000003	86251.18322222224	88211.43738636366	89023.00321188629	91142.59852645501	93365.58873441734	95699.72845277777	96414.3018917379	98951.52036257312	101625.88577777779	104448.82704938274	105169.5887714286	108262.81197058826	111543.50324242427	112288.08228819446	115910.2784910394	119773.95444074072	120730.59727586208	125042.40432142858	129673.60448148151	131187.60297008549	136435.1070888889	142119.9032175926	144438.90556521743	151004.31036363638	153665.8482751323	161349.1406888889	169841.20072514625	173771.87098148148	183993.74574509801	190619.70716666663	203327.68764444444	215952.7075238095	233866.5246752137	253355.4017314815	276637.734949495	299550.8219444445	332834.2466049384	364947.745402778	404755.7300952385	458794.9857222218	92863.00008888882	116078.75011111103	154771.6668148147	232157.50022222206	464315.00044444413
195397.0	33552.115272222225	33891.0255274972	34236.8523185941	34589.80955899199	36148.965175925936	36529.480598830414	36918.09209456266	37315.06082676225	37720.65931400967	38135.172053724054	38558.89618765433	38992.14221223472	40722.59629545454	41190.672114942536	41669.63341860466	42159.864400000006	42661.767547619056	43175.76474698795	43702.298463414634	45536.61989986283	46105.82764861111	46689.445720112526	47288.028357549854	47902.158595959605	48532.45015643276	49179.54949185186	51061.01208258259	51760.478001522075	52479.373529321	53218.51963536777	53978.78420158731	54761.08542190016	56606.92737254902	57451.80688557214	58322.28880808081	59219.55478974359	60144.86033333334	61099.54065608466	62875.66394265234	63906.41253187615	64971.51940740741	66072.73160075328	67211.91662835248	68868.40260428851	70098.1955079365	71372.70815353536	72694.42497119342	74066.0178951782	75602.7590491453	77085.16608932462	78626.86941111113	80231.49939909297	81902.98896990741	83328.00278014186	85139.4811014493	87031.46957037039	89009.45751515153	90262.8661627907	92411.98202380953	94665.93280487806	97032.58112500001	98153.56764387463	100736.55626608188	103459.16589489489	104448.82704938274	107433.07925079369	110592.87569934643	113944.17496296299	115029.23771875004	118739.85829032256	122697.85356666667	123904.09080076628	128329.23690079362	133082.17160082306	134661.0508076923	140047.49284000002	142119.9032175926	148299.0294444445	155039.89441919193	158194.99180952384	166104.74140000003	169841.20072514625	179276.8229876543	183993.74574509801	195493.35485416665	203327.68764444444	217851.0939047619	232564.45425641027	253355.4017314815	276387.71097979805	304301.5084444445	332834.2466049384	374438.5274305557	417083.137603175	472215.018444444	550553.9828666662	116078.75011111103	154771.6668148147	232157.50022222206	464315.00044444413
212716.0	32444.485978888893	32772.20805948373	33106.618345804985	33447.923689576186	34950.12007523148	35318.01607602339	35693.73965130024	36077.54330346476	36469.69051328502	36870.456343101345	37280.12808024692	37699.0059238452	39435.23473737374	39888.513297573445	40352.333219638254	40827.066551633994	41313.10305820107	41810.851287817946	42320.73971815719	44241.833012345676	44794.855925	45361.879417721524	45943.44197435897	46540.11005194806	47152.47992105264	47781.17965333334	49844.1379984985	50526.93440943684	51228.69738734569	51950.22833646323	52692.37445555557	53456.03205636071	55566.395501634	56395.744688225546	57250.22566835018	58130.99837094018	59039.29522048612	59976.42689065256	62085.017118279575	63102.80428415301	64154.51768888889	65241.882395480214	66366.7424367816	68391.07306042884	69612.34222222221	70878.02117171716	72190.57711934157	73552.66348008385	75490.36439316241	76970.56761655773	78509.97896888891	80112.22343764173	81902.98896990741	83645.60575650119	85463.98849033818	87363.18823456792	89348.715239899	91079.4448992248	93248.00311111112	95522.34465040652	97910.40326666668	99520.59602564103	102139.5590789474	104900.08770270272	106333.03161419755	109371.11823174605	112587.91582679738	113944.17496296299	117504.9304305556	121295.41205734765	122697.85356666667	126928.81403448277	131461.9859642857	133082.17160082306	138200.71666239316	143728.7453288889	145882.8050416667	152225.53569565222	155039.89441919193	162422.74653439157	170543.88386111116	174847.0962105264	184560.82377777775	189822.5184575163	195493.35485416665	208526.24517777778	217851.0939047619	234608.87035897438	251944.8254444445	276387.71097979805	304026.48207777785	338112.78716049396	374438.5274305557	417083.137603175	472215.018444444	550553.9828666662	116078.75011111103	154771.6668148147	232157.50022222206	464315.00044444413
231570.0	31427.430680000005	31744.879474747482	32068.80681632653	32399.413072164956	33796.3395613426	34152.09050409357	34515.410615839246	34886.54406332139	35265.74562922705	35653.281295482295	36049.428865432106	36454.47862796505	38127.40371843434	38565.64973818647	39014.0875258398	39473.07679084968	39942.99437169313	40424.23526773762	40917.21374661247	42843.21798628259	43378.75821111112	43927.85641631506	44491.03406267807	45068.83969985571	45661.850748538025	46270.675425185196	48426.87127027027	49090.253068493155	49772.0621388889	50473.07709859155	51194.12105714287	51936.06484057971	54242.150174836606	55051.73450580432	55885.851695286205	56745.63402905984	57632.284560763896	58547.08272839507	60943.78861469535	61942.86711657561	62975.248235185194	64042.625323917135	65146.80851915709	67531.07125146198	68736.98323809523	69986.74656969696	71282.79743209877	72627.75587421382	74967.13777777778	76437.0816557734	77965.8232888889	79556.96253968253	81781.2280925926	83521.25422222224	85336.93366183578	87233.30996543213	89348.715239899	91426.59233850129	93603.41596560847	95886.42611111111	97910.40326666668	100420.92642735042	103063.58238596494	105849.08461261263	107813.97902777781	110894.37842857145	114155.97779411767	115999.67085185186	119624.66056597224	123483.52058422935	125338.59245925926	129660.6128888889	134291.34906349206	136330.94840740744	141574.44642307694	147237.42428000004	149717.44305092594	156226.89709661837	159144.87822727277	166723.2057619048	170543.88386111116	179519.87774853807	184560.82377777775	195417.34282352938	201686.42586111106	215132.18758518517	223420.97697619046	234608.87035897438	254159.6095555556	274848.90048484853	304026.48207777785	337807.2023086421	380376.88555555575	427929.745634921	486596.99387037	566658.0221333329	688192.4785833328	154771.6668148147	232157.50022222206	464315.00044444413
252095.0	30532.688401111118	30841.099395061738	31155.804490929706	31476.99835166095	32736.906958333337	33081.50597894737	33433.43689361703	33792.93621505376	34160.25073913043	34535.63810989011	34919.367422222225	35311.71986516855	36868.73406691919	37292.51261941252	37726.14648708011	38169.98350457517	38624.38807010582	39089.74214323963	39566.44631571816	41422.36453360768	41940.144090277776	42471.03199015472	43015.532400284894	43574.17567821068	44147.52009502924	44736.1536962963	46895.95482282283	47538.3651628615	48198.62023456791	48877.47404068859	49575.72366984128	50294.212418679555	52699.830500000004	53486.39513432836	54296.79506060607	55132.13036923077	55993.569906250006	58547.08272839507	59491.390514336934	60466.65921129328	61474.43686481482	62516.37647269303	63594.24503256705	66289.73498440546	67473.48025198412	68700.2708020202	69972.49803909466	72627.75587421382	74024.44348717948	75475.90316339869	76985.42122666667	78556.55227210883	81214.39925925927	82942.36520094563	84745.46009661836	86628.6925432099	89215.88519191921	91290.67321963825	93464.26067724868	95743.87679132793	98283.58676388889	100803.67873219373	103456.40711988305	106252.52623123124	108789.33696296299	111897.60373333337	115188.70972549022	117615.24984848488	121290.72640625003	125203.33048387094	127599.63793703703	131999.62545210728	136713.89778968252	139265.1027325103	144621.45283760686	147237.42428000004	153372.31695833337	160040.67856521744	163328.11969191922	171105.6492010582	175059.36605000004	184273.0168947369	189493.20429012342	200639.86336601304	207630.92674999998	215132.18758518517	230498.7724126984	240607.205974359	254159.6095555556	277265.02860606066	302333.79053333343	337807.2023086421	380376.88555555575	427929.745634921	486596.99387037	566658.0221333329	688192.4785833328	154771.6668148147	232157.50022222206	464315.00044444413
274439.0	29777.933356666672	30078.72056228957	30385.646282312926	30698.900367697603	31804.883751157413	32139.672001169594	32481.58340543736	32830.84774313023	33187.70478381643	33552.40483638584	33925.20933456791	34306.391461922605	35712.98940909091	36123.48354022989	36543.52404651163	36973.447858823536	37413.60795238096	37864.374313253014	38326.134975609755	40054.92096159122	40555.60747361111	41068.969593530244	41595.49484472934	42135.696076479086	42690.113130116966	44736.1536962963	45340.696313813816	45961.80174277017	46600.16010030865	47256.500383411585	47931.593246031756	48626.25401771336	51033.83318954249	51795.53219237149	52580.31298316499	53389.24087521368	54223.4477638889	56882.35673015873	57799.8140967742	58747.3520327869	59726.47456666667	60738.78769491525	61786.00817241379	64709.93354191033	65865.46806944444	67063.02203434343	68304.92984979425	71292.73385115304	72663.74796367523	74088.52733551199	75570.29788222224	77112.54885941044	80193.14711111112	81899.38428368795	83679.80568115943	85539.35691851853	88597.52646464648	90657.93405684753	92816.4562962963	95080.27230352303	98137.47371111112	100653.8191908832	103302.60390643276	106252.52623123124	109203.9852932099	112324.09915873018	115627.74913398694	118679.27668686872	122388.00408333336	126336.00421505375	129376.77483333333	133838.0429310345	136713.89778968252	141777.3754855967	147230.35146581195	150406.31095111114	156673.2405740741	160040.67856521744	167315.2548636364	171105.6492010582	179660.93166111113	184273.0168947369	194510.40672222222	200639.86336601304	213179.85482638885	221472.98853333332	237292.4877142857	248229.44721367522	260657.80647222226	277265.02860606066	304991.5314666667	335926.43392592605	380033.10259722243	434716.440634921	499251.3699074069	583916.392644444	688192.4785833328	154771.6668148147	232157.50022222206	464315.00044444413
298764.0	29169.68958555556	29464.332914702587	29764.989373015873	30071.844933562435	31018.680579861117	31345.193007017548	31678.652507092203	32019.283179211474	32367.31886594203	32723.00368864469	33086.59261851852	33458.35208614233	34696.23681944444	35095.04413920818	35503.12604780362	35920.809883660135	36348.43857275133	36786.371567603754	37234.985855013554	38799.297135802466	39284.28835	39781.55782278482	40291.57779487179	40814.845038961044	41351.882473684214	41903.24090666667	43843.899971471474	44444.50134094369	45061.78608179013	45696.45912519562	46349.26568412699	47020.99417230274	49341.3459885621	50077.783988391384	50836.5382912458	51618.63888034188	52425.18011284723	55084.13741093475	55972.59124014338	56890.174703096556	57838.34428148149	58818.65520150659	61786.00817241379	62869.97322807017	63992.651321428566	65156.15407272727	66362.74951851853	69593.70211111111	70932.04253632479	72322.86689978214	73769.3242377778	75274.82065079366	78719.06029398149	80393.9339172577	82141.62813285027	83966.9976469136	87483.43321212122	89517.93165891472	91649.31098412698	93884.66003252032	97457.27911111111	99956.18370370369	102586.60959064329	106094.5661741742	109041.63745679015	112157.11281269844	115627.74913398694	119131.62031986534	122854.48345486114	126336.00421505375	130547.20435555556	135048.83209195404	138617.97303571427	143751.97203703705	149280.89403846156	153119.56552444445	159499.5474212963	163485.12059903386	170916.2624444445	175282.647952381	184046.78035000004	189116.7701695907	199623.25740123453	205952.19535294117	218824.20756249997	227391.84514814813	237292.4877142857	255545.75600000002	268915.2344814815	284353.9706969698	304991.5314666667	338879.4794074076	377917.2381666669	434323.54582539725	499251.3699074069	583916.392644444	708322.5276666662	154771.6668148147	232157.50022222206	464315.00044444413
325245.0	28706.56755222223	28996.532881032555	29292.415869614513	29594.399538373433	30385.09331828704	30704.936405847955	31031.584665484635	31365.257618876945	31706.184332125602	32054.60394017094	32410.766206172844	32774.932118601755	33838.560632575754	34227.50960536399	34625.503903100784	35032.86277254902	35449.920662698416	35877.02814056225	36314.55287398374	37694.67703840878	38165.86050138889	38648.972659634324	39144.472309116805	39652.84207936509	40174.590001462	40710.251201481486	42469.50091891892	43051.27490410959	43649.20927777779	44263.98687323944	44896.32954285715	45547.00098550725	47712.479380718956	48424.60593864014	49158.3120892256	49914.593813675216	50694.509342013895	53257.325828924164	54116.314955197144	55003.4676593807	55920.192120370375	56867.99198681732	59832.76994636016	60882.467664717355	61969.654587301586	63096.37557979798	64264.82697942388	67614.87686792453	68915.16296153846	70266.44066666666	71671.76948	73134.45865306123	76843.04608101853	78478.00450827424	80184.04808454108	81965.9158197531	85875.33850252526	87872.43939793282	89964.64033597884	93884.66003252032	96231.77653333332	98699.25798290597	101296.60687719299	105359.22066066066	108285.86567901236	111379.74755555557	115455.85142483663	118954.51358922562	122671.84213888893	126817.5313082437	131044.78235185184	135563.56795019156	139872.00466666667	145052.44928395064	149280.89403846156	155252.12980000002	161720.9685416667	166434.31035265702	173999.50627777778	179055.13208465613	188007.88868888895	193733.45300000007	204496.4226111111	211365.8019542483	218824.20756249997	233412.48806666667	243634.11980158728	255545.75600000002	276841.2356666667	293362.073979798	312789.36776666675	338879.4794074076	377917.2381666669	434323.54582539725	507169.18074074027	599101.6438888884	708322.5276666662	917589.9714444436	232157.50022222206	464315.00044444413
354073.0	28379.450547777786	28666.111664422006	28958.62300793651	29257.165513172975	29902.67453356482	30217.439528654973	30538.901651300243	30867.27693787336	31202.790817632853	31545.67862881563	31896.18616913581	32254.570283395762	33147.374529040404	33528.3788339719	33918.24370413437	34317.28186535948	34725.82093518519	35144.20431994645	35572.79217750677	36762.8806872428	37222.41669583334	37693.58652742617	38176.837636752134	38672.64072294373	39181.49125877194	39703.91114222223	41260.38973123123	41825.60054946728	42406.51166820989	43003.78648043819	43618.126287301595	44250.27304508857	46216.80982352942	46906.612955223885	47617.31921212122	48349.89335384616	49105.36043750001	51499.18409347443	52329.81609498209	53187.68193260475	54074.14329814815	54990.654201506586	57848.47460727969	58863.36012670565	59914.49155753967	61003.84594949495	62133.546800411525	65477.37088469602	66736.55109401711	68045.11091938998	69406.0131377778	70822.46238548754	74658.09320833333	76246.56327659576	77904.09726086957	79635.29942222223	83828.77754292931	85778.28399741602	87820.6240925926	92158.89985636857	94462.87235277778	96884.99728490028	99434.6024766082	104034.353009009	106924.19614814816	109979.17318095239	114655.62248366013	118130.0352861953	121821.59888888891	126628.99833691755	130849.96494814815	135362.03270498084	140405.12394841269	145605.31372427984	150631.38964102566	156656.6452266667	161720.9685416667	168752.31500000006	176422.87477272731	182285.19705291008	191399.4569055556	197903.04072514627	204496.4226111111	216525.62394117645	224576.16457638884	239547.90888148145	250084.80864285716	262375.20594017097	284239.8064351852	302008.62072727276	322698.2813777778	347543.7419629631	381239.41433333355	431905.41504761943	506710.8034629625	599101.6438888884	729895.490805555	917589.9714444436	232157.50022222206	464315.00044444413
385457.0	28176.171663333338	28460.779457912464	28751.195574829933	29047.59965292097	29350.178815972224	29873.105839766085	30190.904838061473	30515.53822341697	30847.228856280195	31186.209393162397	31532.722830864204	31887.02308739077	32621.099491161618	32996.0546577267	33379.72971188631	33772.43241437909	34174.485181216936	34586.2259665328	35008.00921002711	36011.96245130315	36462.11198194444	36923.65770323489	37397.037930199425	37882.71374747475	38381.170507309944	38892.91944740741	40240.450481981985	40791.68952968037	41358.24077314816	41940.75120657278	42539.9047952381	43156.42515458937	44901.01235457517	45571.17671807629	46261.649092592605	46973.36677094018	47707.32562673612	49884.81060317461	50689.40432258065	51520.37816393444	52379.051133333334	53266.83166101694	55938.76892911877	56920.15084015594	57936.582105158726	58989.97450707071	60082.38144238684	63305.877872117395	64523.298600427355	65788.46131808279	67104.23054444445	70822.46238548754	72297.93035185187	73836.18418912531	75441.31862801935	79635.29942222223	81445.19259090911	83339.26683720929	85323.53509523808	89962.59053387535	92211.65529722223	94576.05671509971	97064.90031286552	102122.02416516517	104958.747058642	107957.56840317462	113213.85474509804	116644.57761616162	120289.72066666669	125751.32788530462	129943.0388148148	135362.03270498084	140196.391015873	145388.84994238685	151205.5180982906	157253.73882222225	163184.00544444448	170278.9622028986	176422.87477272731	184823.96404761908	191399.4569055556	201473.1125321638	208897.65409876543	221185.75139869278	230058.4754375	239547.90888148145	256658.47380158724	269322.1016153846	284239.8064351852	302008.62072727276	332209.48280000006	358553.6459753088	390986.70970833354	435702.18780952424	506710.8034629625	608603.0168888884	729895.490805555	944430.036888888	232157.50022222206	464315.00044444413
419622.0	28082.022156666673	28365.678946127955	28655.124649659865	28950.538305841932	29252.106413194448	29659.128066666668	29974.650705673765	30296.95877777778	30626.27354710145	30962.826003663	31306.85740370371	31658.619846441954	32249.37562247475	32620.058100894003	32999.36110206719	33387.58887973857	33785.06017592593	34192.109093708175	34609.08603387534	35440.20685459534	35883.20944027778	36337.42728129396	36803.291733618236	37281.256561327566	37771.79941081872	38275.423402962966	39418.499439939944	39958.47888432268	40513.45775771606	41084.06983881065	41670.98512222223	42274.91244283414	43791.07846568628	44444.6766517413	45118.08084343435	45812.20516410257	46528.020869791675	48464.584763668434	49246.27161469535	50053.587542805115	50887.81400185186	51750.31932391714	54185.225310344824	55135.843298245614	56120.41192857142	57140.783054545456	58198.94570370371	61216.01128092243	62393.24226709402	63616.63917429194	64888.97195777779	68473.7046371882	69900.24015046297	71387.47930260048	72939.38102657006	77117.79237530867	78870.4694747475	80704.6664392765	82626.20611640213	87404.59692682927	89589.71185	91886.88394871794	94304.95984210528	99688.275996997	102457.39477469138	105384.74891111114	111132.791003268	114500.45133670035	118078.59044097226	124170.0342365591	128309.03537777776	134423.83325670497	139224.68444444443	144381.15423868314	150980.72878632482	157019.95793777783	163805.97793981482	170927.97698067635	178018.91503030306	186496.00622222226	194065.16225000005	204279.11815789482	212666.063228395	225175.8316535947	235009.86086111108	245395.70713333334	262923.9719285714	276401.4333247863	291765.6100833334	310079.78883838386	332209.48280000006	358553.6459753088	390986.70970833354	435702.18780952424	503889.65088888846	608052.9641555551	748877.0548611105	944430.036888888	232157.50022222206	464315.00044444413
456815.0	28083.496420000007	28367.16810101011	28656.629	28952.058164948463	29253.64210416667	29560.02332280702	29874.491656028375	30195.72274910395	30523.937126811597	30859.36500732601	31202.24684074075	31552.83388389514	31911.38881439394	32386.404210727975	32762.990306201555	33148.437250980394	33543.06150396826	33947.194775100405	34361.18495528455	34785.39711522634	35474.313184722225	35923.35512376935	36383.910958689456	36856.42928282829	37341.38229970761	37839.267397037045	38792.65885435436	39324.06514003045	39870.23271141976	40431.78528482004	41009.38221746033	41603.72109017714	42896.60233169935	43536.85012769487	44196.49937205388	44876.44551623932	45577.63997743056	47266.56088359789	48028.92476881721	48816.28419125684	49629.888927777785	50471.073485875706	52642.56620881226	53566.12000194932	54522.65785912698	55513.97891111112	56542.01555761317	59297.03901886792	60437.366692307696	61622.413098039215	62854.86136000001	66213.23669160997	67592.6791226852	69030.82123167849	70531.49125845412	74560.25616049384	76254.8074368687	78028.17505167959	79885.98874338625	84641.47943631437	86757.51642222224	88982.06812535613	91323.70149707605	96853.74254054054	99544.1242777778	102388.24211428573	108484.30034967321	111771.70339057241	115264.5691215278	121887.57722939066	125950.49647037036	132733.4848735632	137473.96647619046	142565.59486419754	149934.27555555556	155931.6465777778	163562.4561851852	170673.86732367155	178697.430479798	187206.83193121696	195820.80653333338	206127.1647719299	215627.95805555556	228311.95558823526	239249.3211319444	250677.18491851853	268582.6981269841	283148.8928461539	299434.8861018519	318289.75645454554	341087.7677222223	369121.6475555557	403372.8517222224	446841.9539523814	508319.21911111067	608052.9641555551	760753.7711111106	973193.98774074	1376384.9571666657	464315.00044444413
497305.0	28168.105578888895	28452.631897867574	28742.964876417234	29039.284101947316	29341.77664467593	29561.575178947372	29876.0600212766	30197.307978494628	30525.53958695652	30860.985076923076	31203.88491111112	31554.490359550568	31913.064113636363	32278.186386973186	32653.51413565892	33037.673125490204	33430.978757936515	33833.76163453816	34246.36848373984	34669.16315637861	35220.21457916667	35666.04008016879	36123.2970042735	36592.43073160174	37073.910083333336	37568.22888444445	38350.608848348355	38875.959654490114	39415.903538580256	39971.05710954617	40542.072211111124	41129.63847504026	42215.54051797387	42845.62321227198	43494.79932154883	44163.950080341885	44854.01180034723	45565.98024162258	47047.88642831542	47819.163255009116	48616.149309259265	49440.15183992466	50292.568250957855	52241.98834502924	53174.88099404761	54141.697012121214	55144.3210308642	57608.846039832286	58716.70846367522	59868.01647276688	61065.376802222236	64137.61363265306	65473.81391666667	66866.87378723406	68320.50147826088	72098.85773086421	73737.4681338384	75452.2929741602	77248.77614021163	81834.42749322494	83880.28818055555	86031.06480056979	91323.70149707605	93791.90964564566	96397.24046913582	99151.44733968256	105399.66100000001	108593.59012121214	111987.13981250003	118982.78102867381	122948.87372962963	130293.61703831419	134946.96050396824	139944.99607818932	148048.88697435896	153970.84245333335	162428.79851851854	169490.92019323673	178431.77038383842	186928.5213544974	196567.1735277778	206912.81423976613	217578.67392592592	228311.95558823526	242581.45281249998	255199.27587407405	268582.6981269841	289242.9056752137	306744.63391666673	326656.23938383843	350118.7321000001	378986.408580247	415261.85350000026	460997.5448253972	508319.21911111067	604667.5810666662	760753.7711111106	973193.98774074	1376384.9571666657	464315.00044444413
541383.0	28325.63146333334	28611.74895286196	28903.70557482993	29201.681920962208	29505.866107638893	29816.45417192983	29966.06976477542	30288.285568697735	30617.506064009664	30953.962174603177	31297.895087654328	31649.55683021224	32009.21088510101	32279.88094252874	32655.228395348844	33039.40755294118	33432.73383333334	33835.537855421695	34248.16636585366	34670.9832345679	35102.527695833334	35546.86348945148	36002.59250854701	36470.15864502165	36950.02915350878	37442.6962088889	38075.907653153154	38597.495429223745	39133.57175462964	39684.74882159625	40251.673804761915	40835.031396135266	41734.48609967321	42357.388877280275	42999.167496633	43660.69315042736	44342.891480902785	45046.746901234575	46300.91540681005	47059.94680692169	47844.27925370371	48655.199241054615	49494.08198659004	51174.89400974658	52088.73140277777	53035.799246464645	54017.94367695473	56184.77991823899	57265.25645512821	58388.10462091503	59555.866713333344	60771.29256462585	63609.767502314826	64963.16681087472	66375.40956763287	69838.73484444445	71425.97881818183	73087.04809302324	74827.2159047619	79132.89263143632	81111.21494722222	83190.98968945869	88295.04019005848	90681.39262762763	93200.3202006173	95863.18649206351	102067.66637908499	105160.62596632999	111987.13981250003	115599.62819354836	119452.94913333333	127188.4900651341	131730.93613888888	136609.8596995885	145327.49592735045	151140.59576444447	160386.29422222223	167359.61136231886	177195.05292929296	185632.91259259262	196274.94742222226	206605.20781286558	218407.97058641972	230377.41945098038	244776.00816666664	258753.54966666666	273427.79557936505	294460.7029316239	313346.4811481482	334630.5097272728	359321.86332222226	389020.8134444446	426359.709652778	460997.5448253972	521315.612944444	609983.0629333329	760066.2051944439	998502.7398148138	1376384.9571666657	464315.00044444413
589369.0	28546.87263666667	28835.224885521893	29129.46187414966	29429.765604811004	29736.325663194446	30049.33961754386	30133.650492907807	30457.66824014337	30788.729851449276	31127.067542124543	31472.923848148155	31826.552205992517	32188.217571969697	32377.13284929758	32753.6111382429	33138.94773986928	33533.45902248678	33937.47660107096	34351.348266937675	34775.438986282585	35104.370525	35548.72964556963	36004.48258974359	36472.07327272728	36951.96897368422	37444.66189333334	37950.67083783784	38468.52350228311	39002.80855092593	39552.14388262911	40117.17450952382	40698.5828357488	41435.5465637255	42053.987557213935	42691.16918686869	43347.95640512821	44025.26822395834	44724.08200529101	45773.30733512546	46523.68942258653	47299.084246296305	48100.76364030132	48930.087151341	50362.39921442495	51261.7277718254	52193.75918585859	53160.31028189301	55037.150161425576	56095.556895299145	57195.46977559912	58339.37917111112	59529.978746031746	62037.36115972223	63357.30501418441	64734.637731884075	66173.18523703705	69392.4736388889	71006.25209560724	72696.87714550264	76652.26995121951	78568.5767	80583.15558974358	85380.22626023393	87687.79994294295	90123.57216358026	92698.53136825399	98682.6919771242	101673.0765824916	108446.89552777782	111945.18248028672	115676.68856296297	123572.01634482759	127985.30264285713	132725.49903703705	141864.08507264958	147538.6484755556	157438.12058796297	164283.25626570053	174966.86642424244	183298.62196825398	194914.55822222226	205173.2191812866	218083.27491358024	231255.4982679738	245708.96690972216	261094.40871111111	277235.94607142854	294460.7029316239	318999.0948425926	341832.524888889	368093.5607000001	399246.51480246923	426359.709652778	474584.97542857187	537830.4689629624	609983.0629333329	760066.2051944439	998502.7398148138	1416645.0553333324	464315.00044444413
641607.0	28823.102137777783	29114.244583613927	29411.32871201814	29714.538286368854	30024.064726851855	30340.107513450297	30369.013443262415	30695.561974910397	31029.20938768116	31370.18971062271	31718.74737407408	32075.137794007496	32439.62799621212	32812.49728352491	32936.78077131783	33324.27230980393	33720.9898373016	34127.266823293176	34543.45300406504	34969.91538683128	35407.03932916667	35655.8298466948	36112.95587037037	36581.955297258304	37063.29681432749	37557.47410518519	38065.00753903904	38470.543041095894	39004.8561388889	39554.22030985916	40119.280600000006	40700.71944927536	41299.25944117647	41913.46590547264	42548.518419191925	43203.11101025642	43878.15961979167	44574.63834391535	45445.438166666674	46190.44534972678	46960.28610555556	47756.223158192086	48579.60631609195	49788.50973294347	50677.59026388889	51599.0009959596	52554.53805144034	54163.33500419287	55204.93760042736	56287.387357298474	57413.13510444446	58584.83173922903	60770.18663657408	62063.16933096927	63412.36866425122	64821.53241234569	67677.12126515152	69251.00780620155	70899.84132539683	74469.97171002711	76331.72100277778	78288.94461823361	80349.180002924	84939.00183783784	87298.41855555557	89792.6590857143	95424.95876143791	98316.6241784512	104850.36022569447	108232.62991039424	111840.38424074074	119665.53989272032	123939.30917460317	132725.49903703705	137830.32592307692	143343.53896	153686.09216203706	160368.09616908216	171750.67700505053	179929.2806719577	192463.5530666667	205173.2191812866	216571.73135802467	230911.70284967317	245343.68427777776	262089.56470370368	279744.00933333335	298561.7880769231	318999.0948425926	347999.01255555556	376015.7773777779	399246.51480246923	437648.4151250003	487268.239603175	553682.4713333328	625578.7355333328	755834.4763333328	1014338.3614814805	1416645.0553333324	464315.00044444413
698476.0	29143.96623222223	29438.349729517402	29738.741053287984	30045.32601260024	30358.29815856482	30677.85919181287	31004.219395981094	30992.58294384708	31329.45884541063	31673.738612942616	32025.669041975318	32385.50801997504	32753.525156565658	33130.00245721584	33194.03794961241	33584.55604313726	33984.37218650794	34393.822453815264	34813.25931300813	35243.052637860084	35683.590795833334	35855.22970042195	36314.91213247863	36786.534367965374	37270.567714912286	37767.508617777785	38277.88035585586	38586.44599847794	39122.36885956791	39673.388139280134	40240.150826984136	40823.34141867955	41423.68467483661	41915.66629850747	42550.75215151516	43205.379107692315	43880.46315625001	44576.97844444445	45293.58412365593	46036.10189617488	46803.370261111115	47596.64772316384	48417.27958045977	49431.88011111111	50314.592255952375	51229.40302424243	52178.09567283951	53162.58804402516	54575.866438034194	55645.981466230936	56758.90109555557	57917.24601587302	59805.34906712964	61077.803302600485	62405.58163526572	63792.37233827162	66294.74905808082	67836.48740826873	69451.64187037037	72629.10574796748	74444.83339166667	76353.67527350427	78362.98251754387	82520.77946246247	84813.02333641978	87236.25257460319	92433.61964705883	95234.63842424244	101389.0186840278	104659.63218996413	108148.28659629628	115696.94921455938	119828.98311507935	128529.65395884776	133473.10218803422	138812.0262755556	149316.18641666666	155808.19452173915	167657.55508585862	175641.24818518522	188925.7447055556	202593.213754386	213848.39229629625	229311.2449673202	245343.68427777776	261699.9298962963	280810.24789682537	301262.7792820513	323441.9370833334	347999.01255555556	376015.7773777779	408992.8452222224	449152.32915277797	500169.6172857148	553682.4713333328	645396.562755555	762478.8286666662	1013421.606925925	1459790.98161111	464315.00044444413
760385.0	29498.704492222227	29796.67120426488	30100.718869614513	30411.03555899199	30727.817179398153	31051.26788654971	31381.600523640667	31337.598099163682	31678.224165458938	32026.33651892552	32382.18470246914	32746.029474406998	33118.14344570707	33498.81176117498	33515.235043927656	33909.53192679739	34313.21683068784	34726.62908165998	35150.12455826559	35584.076713305905	36028.877672222225	36135.28181856541	36598.55466239316	37073.860567099575	37561.67452192983	38062.49684888889	38576.85491441442	38802.23488127854	39341.154810185195	39895.25558215963	40465.18780476191	41051.63980193237	41655.34038725491	42041.948625207304	42678.947846801355	43335.54704444445	44012.664967013894	44711.27869664904	45295.96196774195	46038.518721311484	46805.82736666667	47599.14647457627	48419.821413793106	49266.705538011694	50146.46813690476	51058.222103030304	52003.74473456791	52984.947465408804	54184.94550641026	55247.39541830065	56352.343326666676	57502.39114965987	59123.85530787038	60381.809676122946	61694.457712560405	63065.44566172841	65242.19898232324	66759.45942377261	68348.97036243386	71145.58435501355	72924.22396388889	74794.07586039885	76762.34101461989	80480.90096396397	82716.48154629632	85079.8095904762	89802.02470915034	92523.29818518521	98210.72087500001	101378.80864516126	104758.10226666665	111877.53785823754	115873.16421031745	124267.09360082305	129046.59720085471	134208.4610888889	144595.86070370374	150882.6372560387	162890.38518181822	170647.07019047622	184423.31059444448	198869.20495321642	209917.49411728393	226427.70949019602	243643.19777777774	259886.0776296296	280392.782031746	302411.0361965812	326368.01088888897	352845.74954545463	382798.9138111112	417795.30819753103	460116.9508750003	513316.947603175	568479.6128703698	645396.562755555	781973.4194166661	1013421.606925925	1459790.98161111	464315.00044444413
827782.0	29874.40440444445	30176.166065095404	30484.086126984126	30798.3550561283	31119.171254629633	31446.741478362575	31781.28128132388	32123.015488649944	32063.80923067633	32416.158782661783	32776.338324691365	33144.61178901374	33521.25510479798	33906.556887611754	34300.81917700259	34287.01909673203	34695.19789550265	35113.21232797859	35541.42223441735	35980.205224965706	36429.95779027778	36484.939414908586	36952.69504843305	37432.60017893219	37925.13439181287	38430.802850370375	38950.13802402403	39483.7015585997	39648.4342175926	40206.86286854461	40781.24662380953	41372.27918357488	41980.695053921576	42277.06188557215	42917.62342929294	43577.89455897437	44258.79916145834	44961.319783068786	45686.50236021506	46177.2222604736	46946.842631481486	47742.55182862523	48565.69927394636	49269.29196491228	50149.10075	51060.90258181818	52006.47485185186	52987.72909433962	54003.88876282052	55062.788542483664	56164.04431333335	57310.24929931973	58700.35763194445	59949.30141134753	61252.54709420291	62613.71480740742	64498.75124494951	65998.72220413436	67570.12035185186	70016.01842005421	71766.41888055556	73606.58346723647	75543.59882163744	78836.99887987989	81026.91551543212	83341.97024444446	87582.15693137256	90236.1616868687	95414.65125347224	98492.54322939066	101775.6280037037	108370.45062068965	112240.82385714284	120164.76288477368	124786.48453418804	129777.94391555557	139800.48030092593	145878.76205314012	157740.938949495	165252.4122328043	179179.42370000004	194129.80062573106	204914.7895493827	222265.5820065359	240579.44133333326	256618.07075555553	278449.36888888886	301961.45757264964	327611.95587962965	356037.8300606061	388130.3245000001	425332.12645679025	470019.7217222225	525847.9438571434	583531.2201666662	664418.9655999995	781973.4194166661	1007779.3017777769	1497754.109722221	464315.00044444413
901152.0	30256.69613777778	30562.31933108867	30874.179732426303	31192.470245131735	31517.391810185185	31849.153829239767	32187.974614657214	32534.081868578258	32472.17870048309	32829.01582905983	33193.782671604946	33566.746521847694	33948.186823232325	34338.395867177525	34737.679540051686	34704.3582261438	35117.505347883605	35540.60782195449	35974.02986856369	36418.15369410151	36873.38061527778	37340.13226863573	37364.05927207977	37849.3067950938	38347.32398976609	38858.62164296297	39383.738151651654	39923.24141400305	40032.08630246915	40595.91850391237	41175.86019682541	41772.61179388084	42386.91490849674	43019.55542951908	43252.83732828283	43918.2655948718	44604.48849479167	45312.49624867726	46043.3429623656	46435.46141530056	47209.385772222224	48009.54485310734	48837.29562643678	49694.090286549705	50300.18853373016	51214.73741616162	52163.15847942387	53147.36901677149	54006.72388461539	55065.67925490196	56166.99284000001	57313.258	58504.212826388895	59748.98331205675	61047.8742536232	62404.4936814815	64036.75378030304	65525.980612403095	67086.1230079365	69218.17206775068	70948.62636944445	72767.82191737891	74682.76459941523	77585.31770870872	79740.46542283952	82018.76443492065	85793.2046633987	88392.99874410775	91155.27995486114	96057.84953763439	99259.77785555556	105285.13241762453	109045.31571825396	116397.89140740741	120874.73338461539	125709.72272000002	135185.3582453704	141062.98251690823	152509.6148737374	159771.97748677252	173515.0328444445	188609.9196842106	199088.24855555553	216968.60069934637	236157.1808819444	251900.99294074072	274947.9329523809	299868.5511111111	327124.9123703704	357394.860959596	391641.61306666676	431255.9161111113	478498.6422638891	525847.9438571434	598869.7722037031	682175.5354444439	806745.7034444439	1016638.4382222213	1497754.109722221	464315.00044444413
981025.0	30986.659834444446	30941.386273849617	31257.114705215423	31579.353001145486	31908.30459490741	32244.181485380122	32587.204692671403	32937.604743130236	32887.71319323671	33249.11663492063	33618.55126419754	33996.287795255936	34382.60924747474	34777.81165261814	35182.20481136951	35146.35812287582	35564.76714814815	35993.25831860777	36432.20049322493	36881.98074622771	37343.00550555556	37815.70177777779	37818.85191310541	38310.00583405484	38814.08485818714	39331.605989629636	39863.11417867868	40409.18423592086	40477.730878086426	41047.83976369328	41634.237474603186	42237.632220611915	42858.773870915036	43498.45706301825	43671.366875420885	44343.23405811966	45036.097090277784	45750.95577425045	46488.874415770624	46798.15186338799	47578.12106111112	48384.529892655366	49218.74592528736	50082.23269590643	50581.48475595238	51501.14811515152	52454.87308024692	53444.587666666666	54169.43380555556	55231.5795664488	56336.21115777779	57485.92975283447	58507.28420833334	59752.1200425532	61051.07917391306	62407.76982222224	63822.777628787895	65307.02827131783	66861.95751587301	68492.73696747968	70440.42915833334	72246.594008547	74147.82016666667	76701.21769669671	78831.80707716051	81084.14442222225	84431.08103594773	86989.59864309766	89708.02360069448	94095.7728566308	97232.29861851851	102682.52881609196	106349.76198809523	113084.03111522635	117433.41692735044	122130.75360444447	130947.62783333335	136641.00295652176	147474.9362676768	154497.5522804233	167760.57636111113	182647.40299415213	192794.4809382716	210799.32199999996	230529.13824305552	245897.74745925926	269893.9210079365	296097.7739487179	324857.5970370371	356863.54076767684	393134.3470555556	435157.347851852	485162.9056250003	537165.3962539688	613489.2678333328	700237.4641999995	830523.7069999995	1016638.4382222213	1521507.5422222211	2752769.9143333314
1067978.0	31312.099228888896	31299.65639842874	31619.04064739229	31945.010138602527	32277.770660879632	32617.53666783626	32964.53173877069	33318.9890692951	33681.15199396135	33661.50814407814	34035.524901234574	34417.94652933833	34809.05955808081	35209.16369093232	35618.57257105944	36037.6146013072	36019.876354497355	36453.85076840696	36898.40992411924	37353.945849108364	37820.870172222225	38299.615364275676	38300.51846723646	38797.927797979806	39308.42684795322	39832.53920592593	40370.81676276276	40923.8416499239	40970.42290586421	41547.47111580595	42141.006417460325	42751.745640901776	43380.447782679745	44027.91715257049	44157.5245942761	44836.87112649573	45537.44723784723	46260.2638606702	47006.39714874553	47250.98711111112	48038.50356296297	48852.71548775894	49695.00368582376	50566.84585575049	50976.5582797619	51903.40479393939	52864.57895679013	53862.023842767296	54472.36819871795	55540.453849673206	56651.26292666668	57807.41114965986	58683.55328935186	59932.13952955084	61235.01212801934	62595.790175308655	63826.12822727274	65310.45679069767	66865.46766666666	68496.33273170733	70205.05539166667	72005.18501709402	73900.05830701756	76151.81530630631	78267.14350925927	80503.34760952383	83468.97219934642	85998.334993266	88685.78296180558	92601.83081362005	95688.5585074074	100585.13650191571	104177.46280555554	108035.88735390946	114530.51291025642	119111.73342666669	127219.53500462965	132750.81913526574	142851.95763636366	149654.43180952384	162222.42989444447	176590.080380117	186400.64040123453	204135.3327581699	223974.27962499997	238905.89826666666	263461.87227777776	290654.9918547009	320772.58844444447	354390.1058585859	392549.8948444445	436815.94117283967	489552.0163333336	546855.5911587306	626692.9622962958	718643.7266444438	852719.4193055549	1042631.225888888	1520132.4103888879	2752769.9143333314
1162638.0	31609.646238888894	31628.383059483735	31951.12166213152	32280.51466895763	32616.770030092597	32960.10445146199	33310.7438605201	33668.92390203107	34034.89046618358	34051.27454334554	34429.62203827161	34816.47172409489	35212.11344823232	35616.8503844189	36030.99980749354	36454.89392287582	36466.63382275133	36905.990856760385	37356.063915989165	37817.24989026063	38289.96551388889	38774.648621659646	39271.7595014245	39294.410568542575	39811.44228654971	40342.26151703704	40887.42721321321	41447.52895585997	42023.18908024692	42076.62592175275	42677.720577777785	43296.23826731079	43932.947653594776	44588.66329021559	44695.006806397316	45382.6222957265	46091.725769097226	46823.340463844805	47578.555632616495	47776.993823315126	48573.27705370371	49396.55293596986	50248.21764176245	51129.76531968811	51469.825246031745	52405.64025050506	53376.115069958854	54383.21158071279	55429.04257264958	55974.26007189542	57093.74527333334	58258.92374829932	59472.65132638889	60267.300985815615	61577.459702898566	62945.84769629631	64018.42177020203	65507.22227648579	67066.91804497354	68702.69653387535	70208.74105	72008.96517948718	73903.93794736844	75897.35718018019	78005.61710185187	80234.34901904764	82871.093127451	85382.33837373738	88050.53644791669	91546.61467025088	94598.1684925926	98988.16397318008	102523.4555436508	106320.62056378603	112191.11379059829	116678.75834222224	124074.72231944447	129469.27546376815	138784.9472777778	145393.75429100532	157137.15340000004	170760.4525204679	180247.14432716047	197365.38395424833	216893.79105555554	231353.37712592594	255970.60528571426	283728.17014529917	314876.24117592594	349933.7328484849	389829.1164444445	436166.54982716066	489552.0163333336	554471.8921428577	626692.9622962958	736187.1213999995	852719.4193055549	1075660.9379259248	1520132.4103888879	2833290.110666665
1265689.0	31891.196644444448	32213.329943883284	32254.741060090702	32587.264163802985	32926.71483217593	33273.31183040936	33627.28323286052	33988.86692353644	34358.311129227055	34735.87498778999	34791.22136543211	35182.1339650437	35581.93094191919	35990.91865389528	36409.41770801034	36837.76379869282	37276.308605820115	37333.325101740294	37788.60955420054	38255.13559807956	38733.32479305556	39223.62004360057	39726.486967236466	39781.78235209236	40305.22685672515	40842.62988148149	41394.55731231232	41961.60604261797	42544.406126543225	42615.0649827856	43223.851625396834	43850.28425764895	44495.14137908497	45159.24796683251	45843.478996633	45960.622160683764	46678.75688194445	47419.689530864205	48184.52323297492	48974.43344990894	49164.507487037044	49997.80422410546	50859.83533141763	51752.11314424951	52042.796843253964	52989.02951313132	53970.30783744856	54988.61553249476	56046.088908119666	56515.88654466231	57646.20427555557	58822.65742403628	60048.12945370371	60738.02688652483	62058.418775362334	63437.49474814816	64879.25599242425	65873.56154263565	67441.97967460318	69086.90600813008	70420.26394722222	72225.91174074075	74126.59362865498	75901.34167567568	78009.7122777778	80238.56120000001	82594.1828137255	85097.03683838385	87756.31923958336	90890.87633333332	93920.57221111111	97860.174302682	101355.18052777777	105109.07610288067	110409.87520085472	114826.27020888892	121540.37327314816	126824.73732850244	135354.24253030305	141799.68265079366	152663.44200555558	165407.5298947369	174596.8371111111	190849.9175228758	209700.72045138886	223680.76848148147	247878.61834920634	275660.65184615384	307372.18432407413	343501.35401010106	384927.1061333334	433143.4627160495	491417.9338194447	559488.0186666672	637998.1896851845	736187.1213999995	875296.8302499994	1075660.9379259248	1511668.9526666657	2833290.110666665
1377873.0	32190.641556666673	32515.79955218856	32542.03739229025	32877.52231386026	33219.996504629635	33569.68067836257	33926.80494089835	34291.60929510156	34664.34417874396	35045.27103785104	35121.82915432099	35516.45644818977	35920.052544191916	36332.92671136654	36755.40260335918	37187.81910457517	37630.53123677249	37725.420757697466	38185.48686449865	38656.91262825789	39140.12403611111	39635.56864416316	40143.71696011396	40242.41536940837	40771.920834795324	41315.54644592593	41873.86464114114	42447.47922526637	43037.02754783951	43143.62311424101	43759.9605873016	44394.16291465379	45047.01825163399	45719.361807628535	46412.07941077442	46548.76328888889	47276.08771527778	48026.50180599648	48801.12280286739	49601.141209471774	49790.67400740741	50634.58373634651	51507.593800766284	52411.23579727095	53347.15072222221	53634.00816767677	54627.23054115227	55657.93300419287	56728.27786965812	57145.03182788671	58287.93246444446	59477.48210657597	60716.59631712964	61325.74922931443	62658.917690821276	64051.338083950635	65507.05031313133	66388.0758992248	67968.74437301587	69626.51862601626	70814.07865833334	72629.82426495726	74541.13542982457	76130.01507807808	78244.73771913582	80480.30165396827	82598.51888235295	85101.50430303032	87760.92631250003	90587.16824731181	93606.74052222222	97159.2126321839	100629.18451190475	104356.19134567902	109151.73287606839	113517.80219111114	119610.69813425928	124811.16327053144	132589.49811616165	138903.28374074076	148889.66678333338	160698.360005848	169626.0466728395	184867.2392941176	202778.03736805552	216296.57319259256	239657.9662301587	266946.20437606843	298632.3728333333	335315.11017171724	377851.4894111112	427696.7845925927	490687.3685555558	561620.4957936513	646883.8741666661	752031.554755555	898304.6583055549	1107364.9426666657	1524957.6573333323	2919581.96322222
1500000.0	32566.866781111115	32895.825031425375	33231.496715419504	33186.228408934716	33531.91828819445	33884.88584912281	34245.363358156035	34613.59307168459	34989.827778985506	35374.33138095238	35434.66293827161	35832.80521847691	36239.99618686869	36656.54786717753	37082.786795865635	37519.054875817	37965.7102910053	38083.91113119144	38548.34907181572	39024.25461591221	39512.05779861111	40012.21042897328	40525.187485754985	41051.488621933626	41200.13056432749	41749.46563851852	42313.64760660661	42893.286614916295	43489.02670679014	44101.54820970267	44266.65690634921	44908.20265861513	45568.61740359478	46248.74602155888	46949.4845976431	47126.11140170941	47862.45689236112	48622.17843033511	49406.40711469535	50216.34821493626	50427.8268962963	51282.53582674199	52166.7174789272	53081.92304873294	54029.81453174602	54317.098917171716	55322.97111934157	56366.80076310272	57450.777700854705	57840.59704357298	58997.40898444445	60201.437739229026	61455.634358796306	62008.43879196219	63356.44833091789	64764.36940493828	66236.28689141416	67030.4700878553	68626.43366137566	70300.24911653118	71367.18159166667	73197.10932478632	75123.34904385966	76555.76071171171	78682.30962037039	80930.37560952382	82847.36934967322	85357.89569360271	88025.3299340278	90591.92393548385	93611.65473333333	96834.55916091954	100292.93627380952	104007.48946913582	108369.89101282052	112704.68665333335	118247.71061574075	123388.91542512081	130484.39796464649	136697.94072486775	145848.4479277778	156725.96503508778	165432.96309259257	179604.04941830062	196421.44174999997	209516.2045333333	231746.3284206349	258093.19440170942	289191.7214074075	325780.77036363643	368846.62118888897	419834.98823456804	487286.39555555576	560785.5640634926	652736.0217777772	765597.8276222215	920233.9017499994	1136959.2257407396	1524957.6573333323	2919581.96322222
