years	0.0	0.01	0.02	0.03	0.04	0.05	0.06	0.07	0.08	0.09	0.1	0.11	0.12	0.13	0.14	0.15	0.16	0.17	0.18	0.19	0.2	0.21	0.22	0.23	0.24	0.25	0.26	0.27	0.28	0.29	0.3	0.31	0.32	0.33	0.34	0.35	0.36	0.37	0.38	0.39	0.4	0.41	0.42	0.43	0.44	0.45	0.46	0.47	0.48	0.49	0.5	0.51	0.52	0.53	0.54	0.55	0.56	0.57	0.58	0.59	0.6	0.61	0.62	0.63	0.64	0.65	0.66	0.67	0.68	0.69	0.7	0.71	0.72	0.73	0.74	0.75	0.76	0.77	0.78	0.79	0.8	0.81	0.82	0.83	0.84	0.85	0.86	0.87	0.88	0.89	0.9	0.91	0.92	0.93	0.94	0.95	0.96	0.97	0.98	0.99
10000.0	6121.579966666668	6183.414107744108	6246.510170068028	6310.907182130586	6376.645798611113	6443.768385964913	6512.319113475178	6582.344050179213	6653.891268115943	6727.010952380953	6801.755518518519	6878.179737827716	6956.340871212123	7036.298812260537	7118.116240310079	7201.858784313727	7287.5951984127	7375.397550200805	7465.341422764228	7557.506131687243	7651.974958333335	7748.835400843882	7848.179444444445	7950.103852813854	8054.710482456142	8162.106622222223	8272.405360360362	8385.72598173516	8502.19439814815	8621.943615023476	8745.11423809524	8871.855024154593	9002.323480392159	9136.686517412938	9275.121161616164	9417.815333333336	9564.968697916669	9716.7935978836	9873.516075268819	10035.376994535522	10202.63327777778	10375.559265536724	10554.448218390804	10739.613976608189	10931.392797619048	11130.145393939394	11336.259197530866	11550.150880503144	11772.269166666667	12003.097973856211	12243.159933333336	12493.020340136056	12753.291597222225	13024.638226950356	13307.782536231889	13603.51103703704	13912.681742424247	14236.232480620156	14575.190396825397	14930.682845528456	15303.94991666667	15696.35888888889	16109.420964912284	16544.810720720725	17004.3887962963	17490.22847619048	18004.646960784317	18550.242323232327	19129.93739583334	19747.032150537634	20405.266555555554	21108.896436781608	21862.785595238096	22672.518395061732	23544.538333333334	24486.319866666672	25506.58319444445	26615.565072463778	27825.363484848494	29150.380793650802	30607.899833333347	32218.841929824575	34008.77759259259	36009.29392156863	38259.87479166667	40810.53311111111	43725.57119047619	47089.07666666667	51013.1663888889	55650.72696969699	61215.799666666695	68017.55518518522	76519.74958333338	87451.14238095246	102026.3327777777	122431.59933333324	153039.4991666666	204052.6655555554	306078.9983333332	612157.9966666664
10886.0	6121.579966666668	6183.414107744108	6246.510170068028	6310.907182130586	6376.645798611113	6443.768385964913	6512.319113475178	6582.344050179213	6653.891268115943	6727.010952380953	6801.755518518519	6878.179737827716	6956.340871212123	7036.298812260537	7118.116240310079	7201.858784313727	7287.5951984127	7375.397550200805	7465.341422764228	7557.506131687243	7651.974958333335	7748.835400843882	7848.179444444445	7950.103852813854	8054.710482456142	8162.106622222223	8272.405360360362	8385.72598173516	8502.19439814815	8621.943615023476	8745.11423809524	8871.855024154593	9002.323480392159	9136.686517412938	9275.121161616164	9417.815333333336	9564.968697916669	9716.7935978836	9873.516075268819	10035.376994535522	10202.63327777778	10375.559265536724	10554.448218390804	10739.613976608189	10931.392797619048	11130.145393939394	11336.259197530866	11550.150880503144	11772.269166666667	12003.097973856211	12243.159933333336	12493.020340136056	12753.291597222225	13024.638226950356	13307.782536231889	13603.51103703704	13912.681742424247	14236.232480620156	14575.190396825397	14930.682845528456	15303.94991666667	15696.35888888889	16109.420964912284	16544.810720720725	17004.3887962963	17490.22847619048	18004.646960784317	18550.242323232327	19129.93739583334	19747.032150537634	20405.266555555554	21108.896436781608	21862.785595238096	22672.518395061732	23544.538333333334	24486.319866666672	25506.58319444445	26615.565072463778	27825.363484848494	29150.380793650802	30607.899833333347	32218.841929824575	34008.77759259259	36009.29392156863	38259.87479166667	40810.53311111111	43725.57119047619	47089.07666666667	51013.1663888889	55650.72696969699	61215.799666666695	68017.55518518522	76519.74958333338	87451.14238095246	102026.3327777777	122431.59933333324	153039.4991666666	204052.6655555554	306078.9983333332	612157.9966666664
11851.0	6121.579966666668	6183.414107744108	6246.510170068028	6310.907182130586	6376.645798611113	6443.768385964913	6512.319113475178	6582.344050179213	6653.891268115943	6727.010952380953	6801.755518518519	6878.179737827716	6956.340871212123	7036.298812260537	7118.116240310079	7201.858784313727	7287.5951984127	7375.397550200805	7465.341422764228	7557.506131687243	7651.974958333335	7748.835400843882	7848.179444444445	7950.103852813854	8054.710482456142	8162.106622222223	8272.405360360362	8385.72598173516	8502.19439814815	8621.943615023476	8745.11423809524	8871.855024154593	9002.323480392159	9136.686517412938	9275.121161616164	9417.815333333336	9564.968697916669	9716.7935978836	9873.516075268819	10035.376994535522	10202.63327777778	10375.559265536724	10554.448218390804	10739.613976608189	10931.392797619048	11130.145393939394	11336.259197530866	11550.150880503144	11772.269166666667	12003.097973856211	12243.159933333336	12493.020340136056	12753.291597222225	13024.638226950356	13307.782536231889	13603.51103703704	13912.681742424247	14236.232480620156	14575.190396825397	14930.682845528456	15303.94991666667	15696.35888888889	16109.420964912284	16544.810720720725	17004.3887962963	17490.22847619048	18004.646960784317	18550.242323232327	19129.93739583334	19747.032150537634	20405.266555555554	21108.896436781608	21862.785595238096	22672.518395061732	23544.538333333334	24486.319866666672	25506.58319444445	26615.565072463778	27825.363484848494	29150.380793650802	30607.899833333347	32218.841929824575	34008.77759259259	36009.29392156863	38259.87479166667	40810.53311111111	43725.57119047619	47089.07666666667	51013.1663888889	55650.72696969699	61215.799666666695	68017.55518518522	76519.74958333338	87451.14238095246	102026.3327777777	122431.59933333324	153039.4991666666	204052.6655555554	306078.9983333332	612157.9966666664
12902.0	6121.579966666668	6183.414107744108	6246.510170068028	6310.907182130586	6376.645798611113	6443.768385964913	6512.319113475178	6582.344050179213	6653.891268115943	6727.010952380953	6801.755518518519	6878.179737827716	6956.340871212123	7036.298812260537	7118.116240310079	7201.858784313727	7287.5951984127	7375.397550200805	7465.341422764228	7557.506131687243	7651.974958333335	7748.835400843882	7848.179444444445	7950.103852813854	8054.710482456142	8162.106622222223	8272.405360360362	8385.72598173516	8502.19439814815	8621.943615023476	8745.11423809524	8871.855024154593	9002.323480392159	9136.686517412938	9275.121161616164	9417.815333333336	9564.968697916669	9716.7935978836	9873.516075268819	10035.376994535522	10202.63327777778	10375.559265536724	10554.448218390804	10739.613976608189	10931.392797619048	11130.145393939394	11336.259197530866	11550.150880503144	11772.269166666667	12003.097973856211	12243.159933333336	12493.020340136056	12753.291597222225	13024.638226950356	13307.782536231889	13603.51103703704	13912.681742424247	14236.232480620156	14575.190396825397	14930.682845528456	15303.94991666667	15696.35888888889	16109.420964912284	16544.810720720725	17004.3887962963	17490.22847619048	18004.646960784317	18550.242323232327	19129.93739583334	19747.032150537634	20405.266555555554	21108.896436781608	21862.785595238096	22672.518395061732	23544.538333333334	24486.319866666672	25506.58319444445	26615.565072463778	27825.363484848494	29150.380793650802	30607.899833333347	32218.841929824575	34008.77759259259	36009.29392156863	38259.87479166667	40810.53311111111	43725.57119047619	47089.07666666667	51013.1663888889	55650.72696969699	61215.799666666695	68017.55518518522	76519.74958333338	87451.14238095246	102026.3327777777	122431.59933333324	153039.4991666666	204052.6655555554	306078.9983333332	612157.9966666664
14046.0	40234.64518666667	40641.05574410774	41055.76039455782	41479.01565635739	41911.088736111116	42352.25809122807	42802.8140283688	43263.0593405018	6653.891268115943	6727.010952380953	6801.755518518519	6878.179737827716	6956.340871212123	7036.298812260537	7118.116240310079	7201.858784313727	7287.5951984127	7375.397550200805	7465.341422764228	7557.506131687243	7651.974958333335	7748.835400843882	7848.179444444445	7950.103852813854	8054.710482456142	8162.106622222223	8272.405360360362	8385.72598173516	8502.19439814815	8621.943615023476	8745.11423809524	8871.855024154593	9002.323480392159	9136.686517412938	9275.121161616164	9417.815333333336	9564.968697916669	9716.7935978836	9873.516075268819	10035.376994535522	10202.63327777778	10375.559265536724	10554.448218390804	10739.613976608189	10931.392797619048	11130.145393939394	11336.259197530866	11550.150880503144	11772.269166666667	12003.097973856211	12243.159933333336	12493.020340136056	12753.291597222225	13024.638226950356	13307.782536231889	13603.51103703704	13912.681742424247	14236.232480620156	14575.190396825397	14930.682845528456	15303.94991666667	15696.35888888889	16109.420964912284	16544.810720720725	17004.3887962963	17490.22847619048	18004.646960784317	18550.242323232327	19129.93739583334	19747.032150537634	20405.266555555554	21108.896436781608	21862.785595238096	22672.518395061732	23544.538333333334	24486.319866666672	25506.58319444445	26615.565072463778	27825.363484848494	29150.380793650802	30607.899833333347	32218.841929824575	34008.77759259259	36009.29392156863	38259.87479166667	40810.53311111111	43725.57119047619	47089.07666666667	51013.1663888889	55650.72696969699	61215.799666666695	68017.55518518522	76519.74958333338	87451.14238095246	102026.3327777777	122431.59933333324	153039.4991666666	204052.6655555554	306078.9983333332	612157.9966666664
15291.0	40234.64518666667	40641.05574410774	41055.76039455782	41479.01565635739	41911.088736111116	42352.25809122807	42802.8140283688	43263.0593405018	43733.30998550724	44213.89580952381	44705.16131851851	45207.46650187266	45721.18771212122	46246.71860536398	46784.47114728683	47334.87669019608	7287.5951984127	7375.397550200805	7465.341422764228	7557.506131687243	7651.974958333335	7748.835400843882	7848.179444444445	7950.103852813854	8054.710482456142	8162.106622222223	8272.405360360362	8385.72598173516	8502.19439814815	8621.943615023476	8745.11423809524	8871.855024154593	9002.323480392159	9136.686517412938	9275.121161616164	9417.815333333336	9564.968697916669	9716.7935978836	9873.516075268819	10035.376994535522	10202.63327777778	10375.559265536724	10554.448218390804	10739.613976608189	10931.392797619048	11130.145393939394	11336.259197530866	11550.150880503144	11772.269166666667	12003.097973856211	12243.159933333336	12493.020340136056	12753.291597222225	13024.638226950356	13307.782536231889	13603.51103703704	13912.681742424247	14236.232480620156	14575.190396825397	14930.682845528456	15303.94991666667	15696.35888888889	16109.420964912284	16544.810720720725	17004.3887962963	17490.22847619048	18004.646960784317	18550.242323232327	19129.93739583334	19747.032150537634	20405.266555555554	21108.896436781608	21862.785595238096	22672.518395061732	23544.538333333334	24486.319866666672	25506.58319444445	26615.565072463778	27825.363484848494	29150.380793650802	30607.899833333347	32218.841929824575	34008.77759259259	36009.29392156863	38259.87479166667	40810.53311111111	43725.57119047619	47089.07666666667	51013.1663888889	55650.72696969699	61215.799666666695	68017.55518518522	76519.74958333338	87451.14238095246	102026.3327777777	122431.59933333324	153039.4991666666	204052.6655555554	306078.9983333332	612157.9966666664
16646.0	41333.55035333334	41751.06096296296	42177.092197278915	42611.90758075602	43055.78161805557	43509.000371929826	42802.8140283688	43263.0593405018	43733.30998550724	44213.89580952381	44705.16131851851	45207.46650187266	45721.18771212122	46246.71860536398	46784.47114728683	47334.87669019608	47898.38712698413	48475.47612851406	49066.64047154471	49672.40146502058	50293.306483333334	50929.93061603375	51582.878444444446	7950.103852813854	8054.710482456142	8162.106622222223	8272.405360360362	8385.72598173516	8502.19439814815	8621.943615023476	8745.11423809524	8871.855024154593	9002.323480392159	9136.686517412938	9275.121161616164	9417.815333333336	9564.968697916669	9716.7935978836	9873.516075268819	10035.376994535522	10202.63327777778	10375.559265536724	10554.448218390804	10739.613976608189	10931.392797619048	11130.145393939394	11336.259197530866	11550.150880503144	11772.269166666667	12003.097973856211	12243.159933333336	12493.020340136056	12753.291597222225	13024.638226950356	13307.782536231889	13603.51103703704	13912.681742424247	14236.232480620156	14575.190396825397	14930.682845528456	15303.94991666667	15696.35888888889	16109.420964912284	16544.810720720725	17004.3887962963	17490.22847619048	18004.646960784317	18550.242323232327	19129.93739583334	19747.032150537634	20405.266555555554	21108.896436781608	21862.785595238096	22672.518395061732	23544.538333333334	24486.319866666672	25506.58319444445	26615.565072463778	27825.363484848494	29150.380793650802	30607.899833333347	32218.841929824575	34008.77759259259	36009.29392156863	38259.87479166667	40810.53311111111	43725.57119047619	47089.07666666667	51013.1663888889	55650.72696969699	61215.799666666695	68017.55518518522	76519.74958333338	87451.14238095246	102026.3327777777	122431.59933333324	153039.4991666666	204052.6655555554	306078.9983333332	612157.9966666664
18122.0	41333.55035333334	41751.06096296296	42177.092197278915	42611.90758075602	43055.78161805557	43509.000371929826	43971.86207801419	44444.67779928316	44927.772123188406	45421.48390476191	45926.167059259256	46442.191408239705	46969.94358333334	47509.82799233717	46784.47114728683	47334.87669019608	47898.38712698413	48475.47612851406	49066.64047154471	49672.40146502058	50293.306483333334	50929.93061603375	51582.878444444446	52252.78595670996	52940.322614035096	53646.19358222222	54371.14214414415	55115.95231050229	55881.451648148155	8621.943615023476	8745.11423809524	8871.855024154593	9002.323480392159	9136.686517412938	9275.121161616164	9417.815333333336	9564.968697916669	9716.7935978836	9873.516075268819	10035.376994535522	10202.63327777778	10375.559265536724	10554.448218390804	10739.613976608189	10931.392797619048	11130.145393939394	11336.259197530866	11550.150880503144	11772.269166666667	12003.097973856211	12243.159933333336	12493.020340136056	12753.291597222225	13024.638226950356	13307.782536231889	13603.51103703704	13912.681742424247	14236.232480620156	14575.190396825397	14930.682845528456	15303.94991666667	15696.35888888889	16109.420964912284	16544.810720720725	17004.3887962963	17490.22847619048	18004.646960784317	18550.242323232327	19129.93739583334	19747.032150537634	20405.266555555554	21108.896436781608	21862.785595238096	22672.518395061732	23544.538333333334	24486.319866666672	25506.58319444445	26615.565072463778	27825.363484848494	29150.380793650802	30607.899833333347	32218.841929824575	34008.77759259259	36009.29392156863	38259.87479166667	40810.53311111111	43725.57119047619	47089.07666666667	51013.1663888889	55650.72696969699	61215.799666666695	68017.55518518522	76519.74958333338	87451.14238095246	102026.3327777777	122431.59933333324	153039.4991666666	204052.6655555554	306078.9983333332	612157.9966666664
19728.0	42836.24765333334	43268.93702356902	43710.45678911565	44161.08005498283	44621.091305555565	43509.000371929826	43971.86207801419	44444.67779928316	44927.772123188406	45421.48390476191	45926.167059259256	46442.191408239705	46969.94358333334	47509.82799233717	48062.26785271319	48627.70629803922	49206.60756349207	49799.45825702813	50406.76872357724	51029.07451028807	51666.93794166667	50929.93061603375	51582.878444444446	52252.78595670996	52940.322614035096	53646.19358222222	54371.14214414415	55115.95231050229	55881.451648148155	56668.51434741785	57478.06455238096	58311.07998067634	59168.595862745104	60051.70923383085	60961.583616161624	9417.815333333336	9564.968697916669	9716.7935978836	9873.516075268819	10035.376994535522	10202.63327777778	10375.559265536724	10554.448218390804	10739.613976608189	10931.392797619048	11130.145393939394	11336.259197530866	11550.150880503144	11772.269166666667	12003.097973856211	12243.159933333336	12493.020340136056	12753.291597222225	13024.638226950356	13307.782536231889	13603.51103703704	13912.681742424247	14236.232480620156	14575.190396825397	14930.682845528456	15303.94991666667	15696.35888888889	16109.420964912284	16544.810720720725	17004.3887962963	17490.22847619048	18004.646960784317	18550.242323232327	19129.93739583334	19747.032150537634	20405.266555555554	21108.896436781608	21862.785595238096	22672.518395061732	23544.538333333334	24486.319866666672	25506.58319444445	26615.565072463778	27825.363484848494	29150.380793650802	30607.899833333347	32218.841929824575	34008.77759259259	36009.29392156863	38259.87479166667	40810.53311111111	43725.57119047619	47089.07666666667	51013.1663888889	55650.72696969699	61215.799666666695	68017.55518518522	76519.74958333338	87451.14238095246	102026.3327777777	122431.59933333324	153039.4991666666	204052.6655555554	306078.9983333332	612157.9966666664
21476.0	42836.24765333334	43268.93702356902	43710.45678911565	44161.08005498283	44621.091305555565	45090.787003508776	45570.476226950355	46060.48134767026	46561.138753623185	47072.79961904762	47595.83072592592	48130.61534082397	48677.554151515156	47509.82799233717	48062.26785271319	48627.70629803922	49206.60756349207	49799.45825702813	50406.76872357724	51029.07451028807	51666.93794166667	52320.94981434599	52991.731222222224	53679.93552380953	54386.25046491229	55111.40047111112	55856.14912612614	55115.95231050229	55881.451648148155	56668.51434741785	57478.06455238096	58311.07998067634	59168.595862745104	60051.70923383085	60961.583616161624	61899.45413333333	62866.63310416667	63864.51616931217	64894.58901075269	65958.43473224045	10202.63327777778	10375.559265536724	10554.448218390804	10739.613976608189	10931.392797619048	11130.145393939394	11336.259197530866	11550.150880503144	11772.269166666667	12003.097973856211	12243.159933333336	12493.020340136056	12753.291597222225	13024.638226950356	13307.782536231889	13603.51103703704	13912.681742424247	14236.232480620156	14575.190396825397	14930.682845528456	15303.94991666667	15696.35888888889	16109.420964912284	16544.810720720725	17004.3887962963	17490.22847619048	18004.646960784317	18550.242323232327	19129.93739583334	19747.032150537634	20405.266555555554	21108.896436781608	21862.785595238096	22672.518395061732	23544.538333333334	24486.319866666672	25506.58319444445	26615.565072463778	27825.363484848494	29150.380793650802	30607.899833333347	32218.841929824575	34008.77759259259	36009.29392156863	38259.87479166667	40810.53311111111	43725.57119047619	47089.07666666667	51013.1663888889	55650.72696969699	61215.799666666695	68017.55518518522	76519.74958333338	87451.14238095246	102026.3327777777	122431.59933333324	153039.4991666666	204052.6655555554	306078.9983333332	612157.9966666664
23380.0	43549.413700000005	43989.30676767677	44438.17724489796	44896.30278350516	45363.97260416667	45841.48810526316	45570.476226950355	46060.48134767026	46561.138753623185	47072.79961904762	47595.83072592592	48130.61534082397	48677.554151515156	49237.06626819923	49809.59029457365	50395.585474509804	50995.53292063493	51609.936931726916	52239.326406504064	52884.25636213992	51666.93794166667	52320.94981434599	52991.731222222224	53679.93552380953	54386.25046491229	55111.40047111112	55856.14912612614	56621.30185388128	57407.708824074085	58216.2681032864	59047.929076190485	59903.696164251225	60784.63287254903	60051.70923383085	60961.583616161624	61899.45413333333	62866.63310416667	63864.51616931217	64894.58901075269	65958.43473224045	67057.74197777778	68194.31387570621	69370.07790804596	70587.09681871346	71847.58069047618	11130.145393939394	11336.259197530866	11550.150880503144	11772.269166666667	12003.097973856211	12243.159933333336	12493.020340136056	12753.291597222225	13024.638226950356	13307.782536231889	13603.51103703704	13912.681742424247	14236.232480620156	14575.190396825397	14930.682845528456	15303.94991666667	15696.35888888889	16109.420964912284	16544.810720720725	17004.3887962963	17490.22847619048	18004.646960784317	18550.242323232327	19129.93739583334	19747.032150537634	20405.266555555554	21108.896436781608	21862.785595238096	22672.518395061732	23544.538333333334	24486.319866666672	25506.58319444445	26615.565072463778	27825.363484848494	29150.380793650802	30607.899833333347	32218.841929824575	34008.77759259259	36009.29392156863	38259.87479166667	40810.53311111111	43725.57119047619	47089.07666666667	51013.1663888889	55650.72696969699	61215.799666666695	68017.55518518522	76519.74958333338	87451.14238095246	102026.3327777777	122431.59933333324	153039.4991666666	204052.6655555554	306078.9983333332	612157.9966666664
25452.0	43549.413700000005	43989.30676767677	44438.17724489796	44896.30278350516	45363.97260416667	45841.48810526316	46329.1635106383	46827.326559139794	47336.31923913043	47856.49857142857	48388.23744444444	48931.925505617975	49487.970113636366	50056.79735632183	49809.59029457365	50395.585474509804	50995.53292063493	51609.936931726916	52239.326406504064	52884.25636213992	53545.30956666667	54223.09829535865	54918.26622222222	55631.49045887447	56363.483754385976	57114.996871111114	57886.82115315316	56621.30185388128	57407.708824074085	58216.2681032864	59047.929076190485	59903.696164251225	60784.63287254903	61691.86619900499	62626.59144444446	63590.07746666668	64583.672427083344	65608.8100846561	66667.01669892474	65958.43473224045	67057.74197777778	68194.31387570621	69370.07790804596	70587.09681871346	71847.58069047618	73153.90033939393	74508.60219753087	75914.42488050314	77374.31766666665	78891.46115032681	12243.159933333336	12493.020340136056	12753.291597222225	13024.638226950356	13307.782536231889	13603.51103703704	13912.681742424247	14236.232480620156	14575.190396825397	14930.682845528456	15303.94991666667	15696.35888888889	16109.420964912284	16544.810720720725	17004.3887962963	17490.22847619048	18004.646960784317	18550.242323232327	19129.93739583334	19747.032150537634	20405.266555555554	21108.896436781608	21862.785595238096	22672.518395061732	23544.538333333334	24486.319866666672	25506.58319444445	26615.565072463778	27825.363484848494	29150.380793650802	30607.899833333347	32218.841929824575	34008.77759259259	36009.29392156863	38259.87479166667	40810.53311111111	43725.57119047619	47089.07666666667	51013.1663888889	55650.72696969699	61215.799666666695	68017.55518518522	76519.74958333338	87451.14238095246	102026.3327777777	122431.59933333324	153039.4991666666	204052.6655555554	306078.9983333332	612157.9966666664
27709.0	44113.66639333333	44559.25898316498	45013.94529931973	45478.0065910653	45951.7358263889	46435.43830877193	46929.43233333333	47434.04988530467	47336.31923913043	47856.49857142857	48388.23744444444	48931.925505617975	49487.970113636366	50056.79735632183	50638.85313953489	51234.604352941176	51844.54011904762	52469.17313253013	53109.04109756098	53764.70827160494	54436.767125000006	54223.09829535865	54918.26622222222	55631.49045887447	56363.483754385976	57114.996871111114	57886.82115315316	58679.79130593608	59494.78840740742	60332.743173708936	61194.639504761915	62081.518338164264	62994.48184313726	61691.86619900499	62626.59144444446	63590.07746666668	64583.672427083344	65608.8100846561	66667.01669892474	67759.91861202187	68889.2505888889	70056.86500564973	71264.74198850575	72515.00061988305	71847.58069047618	73153.90033939393	74508.60219753087	75914.42488050314	77374.31766666665	78891.46115032681	80469.29037333334	82111.52078911565	83822.17747222223	85605.6280567376	13307.782536231889	13603.51103703704	13912.681742424247	14236.232480620156	14575.190396825397	14930.682845528456	15303.94991666667	15696.35888888889	16109.420964912284	16544.810720720725	17004.3887962963	17490.22847619048	18004.646960784317	18550.242323232327	19129.93739583334	19747.032150537634	20405.266555555554	21108.896436781608	21862.785595238096	22672.518395061732	23544.538333333334	24486.319866666672	25506.58319444445	26615.565072463778	27825.363484848494	29150.380793650802	30607.899833333347	32218.841929824575	34008.77759259259	36009.29392156863	38259.87479166667	40810.53311111111	43725.57119047619	47089.07666666667	51013.1663888889	55650.72696969699	61215.799666666695	68017.55518518522	76519.74958333338	87451.14238095246	102026.3327777777	122431.59933333324	153039.4991666666	204052.6655555554	306078.9983333332	612157.9966666664
30165.0	45100.48443333334	45556.044882154885	45013.94529931973	45478.0065910653	45951.7358263889	46435.43830877193	46929.43233333333	47434.04988530467	47949.63738405797	48476.556476190475	49015.18488148148	49565.91729588015	50129.16635606061	50705.36367049808	51294.960922480626	51234.604352941176	51844.54011904762	52469.17313253013	53109.04109756098	53764.70827160494	54436.767125000006	55125.840126582276	55832.581666666665	56557.68012987013	57301.86013157896	58065.884933333335	58850.55905405406	58679.79130593608	59494.78840740742	60332.743173708936	61194.639504761915	62081.518338164264	62994.48184313726	63934.69799004976	64903.405535353544	65901.91946666667	66931.63695833334	67994.04389417991	66667.01669892474	67759.91861202187	68889.2505888889	70056.86500564973	71264.74198850575	72515.00061988305	73809.9113452381	75151.90973333333	76543.6117654321	77987.8308553459	77374.31766666665	78891.46115032681	80469.29037333334	82111.52078911565	83822.17747222223	85605.6280567376	87466.61997101452	89410.32263703704	91442.37542424243	93568.94229457364	14575.190396825397	14930.682845528456	15303.94991666667	15696.35888888889	16109.420964912284	16544.810720720725	17004.3887962963	17490.22847619048	18004.646960784317	18550.242323232327	19129.93739583334	19747.032150537634	20405.266555555554	21108.896436781608	21862.785595238096	22672.518395061732	23544.538333333334	24486.319866666672	25506.58319444445	26615.565072463778	27825.363484848494	29150.380793650802	30607.899833333347	32218.841929824575	34008.77759259259	36009.29392156863	38259.87479166667	40810.53311111111	43725.57119047619	47089.07666666667	51013.1663888889	55650.72696969699	61215.799666666695	68017.55518518522	76519.74958333338	87451.14238095246	102026.3327777777	122431.59933333324	153039.4991666666	204052.6655555554	306078.9983333332	612157.9966666664
32838.0	45100.48443333334	45556.044882154885	46020.9024829932	46495.34477663231	46979.67128472223	47474.19414035088	47979.23875886525	48495.14455197134	49022.265688405794	49560.97190476191	49015.18488148148	49565.91729588015	50129.16635606061	50705.36367049808	51294.960922480626	51898.43105098039	52516.26951587302	53148.995654618484	53797.15413821138	54461.31653497942	55142.08299166667	55840.08404219409	55832.581666666665	56557.68012987013	57301.86013157896	58065.884933333335	58850.55905405406	59656.73109589041	60485.29680555557	61337.202394366206	62213.448142857145	63115.092318840594	64043.25544117648	63934.69799004976	64903.405535353544	65901.91946666667	66931.63695833334	67994.04389417991	69090.72202150538	70223.35680874318	71393.7460888889	72603.80958192091	73855.59940229885	72515.00061988305	73809.9113452381	75151.90973333333	76543.6117654321	77987.8308553459	79487.59683333333	81046.17716339871	82667.10070666668	84354.18439455783	86111.56323611113	85605.6280567376	87466.61997101452	89410.32263703704	91442.37542424243	93568.94229457364	95796.77425396825	98133.28094308943	100586.61296666667	15696.35888888889	16109.420964912284	16544.810720720725	17004.3887962963	17490.22847619048	18004.646960784317	18550.242323232327	19129.93739583334	19747.032150537634	20405.266555555554	21108.896436781608	21862.785595238096	22672.518395061732	23544.538333333334	24486.319866666672	25506.58319444445	26615.565072463778	27825.363484848494	29150.380793650802	30607.899833333347	32218.841929824575	34008.77759259259	36009.29392156863	38259.87479166667	40810.53311111111	43725.57119047619	47089.07666666667	51013.1663888889	55650.72696969699	61215.799666666695	68017.55518518522	76519.74958333338	87451.14238095246	102026.3327777777	122431.59933333324	153039.4991666666	204052.6655555554	306078.9983333332	612157.9966666664
35749.0	46169.429280000004	46635.78715151515	47111.66253061225	47597.349773195885	48093.15550000001	48599.39924210527	47979.23875886525	48495.14455197134	49022.265688405794	49560.97190476191	50111.64937037037	50674.701610486896	51250.55049242425	51839.63727969349	52442.423759689926	53059.393450980395	53691.0528968254	54337.93305220885	53797.15413821138	54461.31653497942	55142.08299166667	55840.08404219409	56555.98255555555	57290.47583549784	58044.297885964916	58818.22185777778	59613.0626936937	60429.67999086758	61268.98110185186	61337.202394366206	62213.448142857145	63115.092318840594	64043.25544117648	64999.124925373144	65983.96015151516	66999.098	68045.95890625	69126.0534920635	70240.98983870968	70223.35680874318	71393.7460888889	72603.80958192091	73855.59940229885	75151.31167251462	76493.29938095238	77884.08664242424	79326.38454320988	80823.10877987421	79487.59683333333	81046.17716339871	82667.10070666668	84354.18439455783	86111.56323611113	87943.72415602837	89855.54424637684	91852.33411851853	91442.37542424243	93568.94229457364	95796.77425396825	98133.28094308943	100586.61296666667	103165.75688888889	105880.64522807019	108742.2842882883	17004.3887962963	17490.22847619048	18004.646960784317	18550.242323232327	19129.93739583334	19747.032150537634	20405.266555555554	21108.896436781608	21862.785595238096	22672.518395061732	23544.538333333334	24486.319866666672	25506.58319444445	26615.565072463778	27825.363484848494	29150.380793650802	30607.899833333347	32218.841929824575	34008.77759259259	36009.29392156863	38259.87479166667	40810.53311111111	43725.57119047619	47089.07666666667	51013.1663888889	55650.72696969699	61215.799666666695	68017.55518518522	76519.74958333338	87451.14238095246	102026.3327777777	122431.59933333324	153039.4991666666	204052.6655555554	306078.9983333332	612157.9966666664
38918.0	47118.19675333334	47594.13813468013	47111.66253061225	47597.349773195885	48093.15550000001	48599.39924210527	49116.41412765958	49644.54761290323	50184.16226086956	50735.63657142857	51299.36586666667	51875.763235955055	52465.26054545455	53068.309517241374	52442.423759689926	53059.393450980395	53691.0528968254	54337.93305220885	55000.590772357726	55679.61041152263	56375.60554166667	57089.22080168776	57821.133888888886	58572.05770562771	58044.297885964916	58818.22185777778	59613.0626936937	60429.67999086758	61268.98110185186	62131.92449765259	63019.523419047626	63932.84984541064	64873.03881372549	65841.29312437812	65983.96015151516	66999.098	68045.95890625	69126.0534920635	70240.98983870968	71392.48147540985	72582.35616666668	73812.56559322034	75085.19603448274	76402.4801754386	76493.29938095238	77884.08664242424	79326.38454320988	80823.10877987421	82377.39933333333	83992.64245751635	85672.49530666668	87420.9135782313	86111.56323611113	87943.72415602837	89855.54424637684	91852.33411851853	93939.8871666667	96124.53570542636	98413.21512698413	100813.53744715448	100586.61296666667	103165.75688888889	105880.64522807019	108742.2842882883	111762.90329629631	114956.12910476192	118337.19172549021	18550.242323232327	19129.93739583334	19747.032150537634	20405.266555555554	21108.896436781608	21862.785595238096	22672.518395061732	23544.538333333334	24486.319866666672	25506.58319444445	26615.565072463778	27825.363484848494	29150.380793650802	30607.899833333347	32218.841929824575	34008.77759259259	36009.29392156863	38259.87479166667	40810.53311111111	43725.57119047619	47089.07666666667	51013.1663888889	55650.72696969699	61215.799666666695	68017.55518518522	76519.74958333338	87451.14238095246	102026.3327777777	122431.59933333324	153039.4991666666	204052.6655555554	306078.9983333332	612157.9966666664
42367.0	47118.19675333334	47594.13813468013	48079.79260544218	48575.46057044674	49081.45495138889	49598.10184561404	50125.741226950355	50664.72769175628	51215.43125362319	51778.23819047619	51299.36586666667	51875.763235955055	52465.26054545455	53068.309517241374	53685.38288372094	54316.97562352941	54963.60628571429	55625.81840963857	56304.18204878049	56999.29540740741	57711.78660000001	57089.22080168776	57821.133888888886	58572.05770562771	59342.7426754386	60133.97924444445	60946.6005855856	61781.48552511416	62639.561712962975	63521.80906103287	64429.263476190485	63932.84984541064	64873.03881372549	65841.29312437812	66838.88847474748	67867.17906666666	68927.60373958334	70021.69268783068	71151.07482795698	72317.48589071039	72582.35616666668	73812.56559322034	75085.19603448274	76402.4801754386	77766.81017857142	79180.75218181818	80647.0624074074	82168.70509433962	82377.39933333333	83992.64245751635	85672.49530666668	87420.9135782313	89242.18261111113	91140.95245390071	93122.2775072464	95191.66145185186	93939.8871666667	96124.53570542636	98413.21512698413	100813.53744715448	103333.87588333334	105983.46244444445	108772.50092982459	108742.2842882883	111762.90329629631	114956.12910476192	118337.19172549021	121923.16723232325	125733.26620833337	129789.17802150534	20405.266555555554	21108.896436781608	21862.785595238096	22672.518395061732	23544.538333333334	24486.319866666672	25506.58319444445	26615.565072463778	27825.363484848494	29150.380793650802	30607.899833333347	32218.841929824575	34008.77759259259	36009.29392156863	38259.87479166667	40810.53311111111	43725.57119047619	47089.07666666667	51013.1663888889	55650.72696969699	61215.799666666695	68017.55518518522	76519.74958333338	87451.14238095246	102026.3327777777	122431.59933333324	153039.4991666666	204052.6655555554	306078.9983333332	612157.9966666664
46123.0	47858.010200000004	48341.42444444444	48834.70428571429	49338.154845360834	49852.093958333346	50376.85284210527	50912.77680851064	50664.72769175628	51215.43125362319	51778.23819047619	52353.551948148146	52941.79410486892	53543.405401515156	54158.84684291187	54788.600875968994	55433.17265098039	56093.09137301587	55625.81840963857	56304.18204878049	56999.29540740741	57711.78660000001	58442.3155443038	59191.576	59960.29776623377	60749.24905263159	61559.23904	62391.120648648655	61781.48552511416	62639.561712962975	63521.80906103287	64429.263476190485	65363.02091787441	66324.2418137255	67314.15587064678	68334.06732323233	69385.36066666667	68927.60373958334	70021.69268783068	71151.07482795698	72317.48589071039	73522.77732222223	74768.92609039547	76058.04550574711	77392.39718128655	78774.40427380952	79180.75218181818	80647.0624074074	82168.70509433962	83748.8725	85391.00725490197	87098.82740000001	88876.35448979592	90727.94520833335	91140.95245390071	93122.2775072464	95191.66145185186	97355.10830303033	99619.18058914729	101991.06584126984	104478.65281300813	103333.87588333334	105983.46244444445	108772.50092982459	111712.29825225228	114815.41764814817	118095.85815238097	118337.19172549021	121923.16723232325	125733.26620833337	129789.17802150534	134115.48395555554	138740.15581609192	21862.785595238096	22672.518395061732	23544.538333333334	24486.319866666672	25506.58319444445	26615.565072463778	27825.363484848494	29150.380793650802	30607.899833333347	32218.841929824575	34008.77759259259	36009.29392156863	38259.87479166667	40810.53311111111	43725.57119047619	47089.07666666667	51013.1663888889	55650.72696969699	61215.799666666695	68017.55518518522	76519.74958333338	87451.14238095246	102026.3327777777	122431.59933333324	153039.4991666666	204052.6655555554	306078.9983333332	612157.9966666664
50211.0	48319.082239999996	48807.15377777777	49305.18595918368	49813.48684536083	49852.093958333346	50376.85284210527	50912.77680851064	51460.22602150538	52019.57630434783	52591.22	53175.56688888889	53773.04516853933	54384.1025	55009.20712643678	54788.600875968994	55433.17265098039	56093.09137301587	56768.91175100402	57461.215552845526	58170.61327572016	58897.74594166667	59643.28702953586	60407.94455555555	61192.46331601732	60749.24905263159	61559.23904	62391.120648648655	63245.79353424658	64124.20733333335	65027.365183098605	65956.32754285715	66912.2163478261	67896.21952941177	67314.15587064678	68334.06732323233	69385.36066666667	70469.50692708335	71588.07052910053	72742.71682795699	73935.22038251367	75167.47405555556	76441.49903954803	76058.04550574711	77392.39718128655	78774.40427380952	80206.66616969697	81691.97480246914	83233.33281761005	84833.97383333332	85391.00725490197	87098.82740000001	88876.35448979592	90727.94520833335	92658.3270212766	94672.6384782609	96776.4748888889	97355.10830303033	99619.18058914729	101991.06584126984	104478.65281300813	107090.61913333334	109836.53244444444	112726.96750877195	111712.29825225228	114815.41764814817	118095.85815238097	121569.26574509806	125253.18288888891	129167.34485416672	129789.17802150534	134115.48395555554	138740.15581609192	143695.16138095237	149017.20439506174	154748.6353333333	24486.319866666672	25506.58319444445	26615.565072463778	27825.363484848494	29150.380793650802	30607.899833333347	32218.841929824575	34008.77759259259	36009.29392156863	38259.87479166667	40810.53311111111	43725.57119047619	47089.07666666667	51013.1663888889	55650.72696969699	61215.799666666695	68017.55518518522	76519.74958333338	87451.14238095246	102026.3327777777	122431.59933333324	153039.4991666666	204052.6655555554	306078.9983333332	612157.9966666664
54661.0	48545.00898	48807.15377777777	49305.18595918368	49813.48684536083	50332.37733333334	50862.191831578944	51403.2789787234	51956.00240860216	52520.74156521739	53097.89257142857	53687.86915555555	54291.10364044944	54384.1025	55009.20712643678	55648.84906976745	56303.54141176471	56973.82166666667	57660.25325301206	58363.42707317073	59083.96320987654	59822.51275000001	59643.28702953586	60407.94455555555	61192.46331601732	61997.62730701755	62824.26233777778	63673.23885585586	64545.475004566215	65441.9399351852	66363.65739906105	65956.32754285715	66912.2163478261	67896.21952941177	68909.59594029852	69953.68072727273	71029.8912	72139.73325	73284.80838095238	74466.82141935483	73935.22038251367	75167.47405555556	76441.49903954803	77759.45591954023	79123.6569005848	80536.57934523809	82000.88078787879	81691.97480246914	83233.33281761005	84833.97383333332	86497.38508496733	88227.33278666667	90027.89059863945	91903.4716527778	92658.3270212766	94672.6384782609	96776.4748888889	98975.94022727275	101277.70627906977	103689.08023809524	106218.08219512196	107090.61913333334	109836.53244444444	112726.96750877195	115773.64230630633	118989.57681481483	122389.27900952383	121569.26574509806	125253.18288888891	129167.34485416672	133334.03339784945	137778.50117777774	142529.4839770115	143695.16138095237	149017.20439506174	154748.6353333333	160938.58074666667	167644.35494444447	26615.565072463778	27825.363484848494	29150.380793650802	30607.899833333347	32218.841929824575	34008.77759259259	36009.29392156863	38259.87479166667	40810.53311111111	43725.57119047619	47089.07666666667	51013.1663888889	55650.72696969699	61215.799666666695	68017.55518518522	76519.74958333338	87451.14238095246	102026.3327777777	122431.59933333324	153039.4991666666	204052.6655555554	306078.9983333332	612157.9966666664
59506.0	48545.00898	49035.362606060604	49535.723448979596	50046.40101030928	50567.71768750001	51100.00945263158	51643.626574468086	52198.93438709678	52766.314108695646	53097.89257142857	53687.86915555555	54291.10364044944	54908.048	55539.17498850574	56184.97934883721	56845.979105882354	57522.71695238095	58215.76173493976	58925.710048780486	59083.96320987654	59822.51275000001	60579.75974683544	61356.42333333333	62153.26000000001	62971.06605263159	63810.68026666667	64672.98675675676	65558.91808219178	65441.9399351852	66363.65739906105	67311.70964761905	68287.2416714976	69291.46581372549	70325.66679601991	71391.2072020202	72489.53346666667	72139.73325	73284.80838095238	74466.82141935483	75687.58898360658	76949.0488	78253.2699661017	79602.46427586206	80998.99873684211	80536.57934523809	82000.88078787879	83519.41561728396	85095.25364779873	86731.70083333334	88432.32241830067	90200.96886666668	90027.89059863945	91903.4716527778	93858.86466666666	95899.27476811597	98030.36976296298	100258.33271212124	101277.70627906977	103689.08023809524	106218.08219512196	108873.53425000001	111665.16333333333	114603.72026315791	115773.64230630633	118989.57681481483	122389.27900952383	125988.96368627452	129806.81107070709	133863.27391666672	133334.03339784945	137778.50117777774	142529.4839770115	147619.8226904762	153087.2235308642	154748.6353333333	160938.58074666667	167644.35494444447	174933.23994202903	182884.75084848487	29150.380793650802	30607.899833333347	32218.841929824575	34008.77759259259	36009.29392156863	38259.87479166667	40810.53311111111	43725.57119047619	47089.07666666667	51013.1663888889	55650.72696969699	61215.799666666695	68017.55518518522	76519.74958333338	87451.14238095246	102026.3327777777	122431.59933333324	153039.4991666666	204052.6655555554	306078.9983333332	612157.9966666664
64781.0	48690.441366666666	49182.264006734	49684.12384353741	50196.33130584193	50719.20975694445	51253.09617543859	51798.34187943262	52198.93438709678	52766.314108695646	53346.163714285714	53938.89886666666	54544.95391011236	55164.78293181818	55798.86089655172	56447.68486046512	57111.77527058824	57791.67735714286	58215.76173493976	58925.710048780486	59653.18795061728	60398.8528	61163.395240506325	61947.54133333333	62752.05485714286	63577.739789473686	63810.68026666667	64672.98675675676	65558.91808219178	66469.45861111113	67405.6481690141	68368.58600000001	69359.43507246378	70379.42676470589	71429.86597014926	71391.2072020202	72489.53346666667	73622.18242708335	74790.7884973545	75997.0915376344	77242.94549726776	78530.32792222223	78253.2699661017	79602.46427586206	80998.99873684211	82445.40942857142	83944.41687272728	85498.94311111112	87112.13071698112	86731.70083333334	88432.32241830067	90200.96886666668	92041.8049659864	93959.34256944446	95958.4775177305	98044.53137681162	98030.36976296298	100258.33271212124	102589.92184496124	105032.53903174603	107594.30827642276	110284.16598333334	111665.16333333333	114603.72026315791	117701.11810810812	120970.59361111114	124426.89628571429	125988.96368627452	129806.81107070709	133863.27391666672	138181.44404301074	142787.49217777775	142529.4839770115	147619.8226904762	153087.2235308642	158975.19366666666	165334.20141333336	167644.35494444447	174933.23994202903	182884.75084848487	191593.54850793653	201173.2259333334	32218.841929824575	34008.77759259259	36009.29392156863	38259.87479166667	40810.53311111111	43725.57119047619	47089.07666666667	51013.1663888889	55650.72696969699	61215.799666666695	68017.55518518522	76519.74958333338	87451.14238095246	102026.3327777777	122431.59933333324	153039.4991666666	204052.6655555554	306078.9983333332	612157.9966666664
70522.0	48914.11148000001	49408.19341414142	49912.35865306123	50426.9190515464	50952.19945833334	51253.09617543859	51798.34187943262	52355.31329749104	52924.39278985507	53505.97952380952	54100.4904074074	54708.36108614232	55330.047007575755	55966.02455938697	56616.79228682171	57111.77527058824	57791.67735714286	58487.962626506036	59201.23046341463	59932.10985185185	60681.261225	61449.3784556962	62237.191	62752.05485714286	63577.739789473686	64425.44298666667	65296.05708108108	66190.52361643835	67109.83644444445	68055.04540845071	69027.26034285715	70027.65542028987	70379.42676470589	71429.86597014926	72512.13666666667	73627.708	74778.14093750001	75965.09555555556	77190.33903225807	77242.94549726776	78530.32792222223	79861.35042937852	81238.2702643678	82663.5030760234	84139.63705952381	85669.44864242424	85498.94311111112	87112.13071698112	88787.364	90528.29270588237	92338.85856000001	94223.3250612245	96186.31100000002	95958.4775177305	98044.53137681162	100223.29874074075	102501.10098484851	104884.84751937985	107382.10579365079	107594.30827642276	110284.16598333334	113111.9651111111	116088.59577192983	119226.1253873874	120970.59361111114	124426.89628571429	128086.51088235296	131967.92030303032	136091.91781250003	138181.44404301074	142787.49217777775	147711.1988045977	152986.59876190475	158652.76908641975	158975.19366666666	165334.20141333336	172223.12647222227	179711.08849275368	182884.75084848487	191593.54850793653	201173.2259333334	211761.2904561404	34008.77759259259	36009.29392156863	38259.87479166667	40810.53311111111	43725.57119047619	47089.07666666667	51013.1663888889	55650.72696969699	61215.799666666695	68017.55518518522	76519.74958333338	87451.14238095246	102026.3327777777	122431.59933333324	153039.4991666666	204052.6655555554	306078.9983333332	612157.9966666664
76773.0	49223.845493333334	49721.05605387205	50228.41376870748	50426.9190515464	50952.19945833334	51488.538400000005	52036.28880851064	52595.818795698935	53167.51247826087	53751.77085714286	54349.01275555555	54959.67582022472	55584.217590909095	55966.02455938697	56616.79228682171	57282.872196078424	57964.81115079365	58663.182369477916	59378.58703252032	60111.65600823045	60863.05170833333	61633.47008438818	62237.191	63045.46620779221	63875.011815789476	64726.67864	65601.36348648649	66500.01230136986	67423.62358333335	68373.25208450705	69027.26034285715	70027.65542028987	71057.47388235295	72118.03319402985	73210.73066666667	74337.0496	75498.566	75965.09555555556	77190.33903225807	78455.75442622953	79763.35033333335	81115.27152542373	82513.81068965516	83961.42140350878	84139.63705952381	85669.44864242424	87255.91991358025	88902.25802515722	90611.91683333332	92388.62108496732	94236.39350666667	94223.3250612245	96186.31100000002	98232.82825531915	100368.32452173915	102598.73173333335	102501.10098484851	104884.84751937985	107382.10579365079	110001.18154471545	112751.21108333334	115642.26777777777	116088.59577192983	119226.1253873874	122537.96220370372	126039.04683809525	129746.07762745098	131967.92030303032	136091.91781250003	140481.97967741932	145164.7123333333	150170.39206896548	152986.59876190475	158652.76908641975	164754.79866666667	171344.99061333336	172223.12647222227	179711.08849275368	187879.7743333334	196826.4302539683	201173.2259333334	211761.2904561404	223525.80659259253	236674.38345098036	38259.87479166667	40810.53311111111	43725.57119047619	47089.07666666667	51013.1663888889	55650.72696969699	61215.799666666695	68017.55518518522	76519.74958333338	87451.14238095246	102026.3327777777	122431.59933333324	153039.4991666666	204052.6655555554	306078.9983333332	612157.9966666664
83578.0	49588.84285333333	50089.74025589225	50228.41376870748	50746.23246735396	51274.83905555557	51814.574203508775	52365.79307801419	52928.86612186381	53504.17988405797	54092.137904761905	54693.161659259255	54959.67582022472	55584.217590909095	56223.11664367816	56876.8738139535	57546.01350588236	58231.0850952381	58932.66443373495	59651.355463414635	60387.791950617284	60863.05170833333	61633.47008438818	62423.64277777777	63234.339437229435	64066.370219298246	64920.58848888888	65797.89373873874	66699.23474885845	67423.62358333335	68373.25208450705	69350.01282857143	70355.08547826088	71389.7190882353	72455.2372835821	73553.04390909092	74337.0496	75498.566	76696.95593650793	77934.00361290322	79211.61022950821	80531.80373333333	81896.74955932202	82513.81068965516	83961.42140350878	85460.7325	87014.564	88625.94481481482	90298.13245283018	92034.635	92388.62108496732	94236.39350666667	96159.58521088435	98162.90990277778	100251.48245390071	102430.8625072464	102598.73173333335	104930.52109090911	107370.76576744186	109927.21257142856	112608.36409756097	112751.21108333334	115642.26777777777	118685.4853508772	121893.2011711712	125279.12342592595	126039.04683809525	129746.07762745098	133677.77694949496	137855.2074791667	142302.14965591393	145164.7123333333	150170.39206896548	155533.62035714285	161294.1248148148	164754.79866666667	171344.99061333336	178484.36522222226	186244.5550144928	187879.7743333334	196826.4302539683	206667.75176666674	217545.0018596492	223525.80659259253	236674.38345098036	251466.53241666665	40810.53311111111	43725.57119047619	47089.07666666667	51013.1663888889	55650.72696969699	61215.799666666695	68017.55518518522	76519.74958333338	87451.14238095246	102026.3327777777	122431.59933333324	153039.4991666666	204052.6655555554	306078.9983333332	612157.9966666664
90986.0	49588.84285333333	50089.74025589225	50600.86005442177	51122.51840549828	51655.044638888896	52198.78195087719	52754.08814184397	53321.3364014337	53900.91614492753	54493.2339047619	54693.161659259255	55307.69156554307	55936.188060606066	56579.132750957855	57237.02964341086	57910.4064627451	58599.81606349207	59305.837943775114	59651.355463414635	60387.791950617284	61142.639350000005	61916.59681012658	62710.399333333335	63524.82010389611	64360.67300000001	65218.81530666667	65797.89373873874	66699.23474885845	67625.61300925926	68578.0864319249	69557.77338095238	70565.8570531401	71603.59024509804	72672.30054726369	73553.04390909092	74684.6292	75851.57653125	77055.56980952382	78298.40158064516	79581.98193442624	80908.34830000001	81896.74955932202	83308.7624827586	84770.31971929825	86284.07542857142	87852.8768	89479.78192592593	90298.13245283018	92034.635	93839.23568627452	95716.02040000001	97669.40857142858	99704.18791666669	100251.48245390071	102430.8625072464	104707.1038962963	107086.81080303033	109577.20175193797	109927.21257142856	112608.36409756097	115423.57320000001	118383.152	121498.49810526318	121893.2011711712	125279.12342592595	128858.52695238097	132648.483627451	136668.13464646466	137855.2074791667	142302.14965591393	147045.5546444444	152116.09101149422	155533.62035714285	161294.1248148148	167497.745	174197.65480000002	178484.36522222226	186244.5550144928	194710.21660606065	203982.13168253974	206667.75176666674	217545.0018596492	229630.83529629625	236674.38345098036	251466.53241666665	268230.9679111111	43725.57119047619	47089.07666666667	51013.1663888889	55650.72696969699	61215.799666666695	68017.55518518522	76519.74958333338	87451.14238095246	102026.3327777777	122431.59933333324	153039.4991666666	204052.6655555554	306078.9983333332	612157.9966666664
99051.0	50030.301446666665	50535.65802693602	51051.328006802716	51577.63035738832	52114.897340277785	52663.47520701754	53223.72494326241	53796.023060931904	53900.91614492753	54493.2339047619	55098.71428148147	55717.8009588015	56350.95778787878	56998.66994636015	57661.445178294576	58339.81512156862	59034.33673015873	59305.837943775114	60029.0798699187	60770.17962139918	61529.80686666667	62308.6651814346	63107.49422222222	63927.072069264075	64768.21775438597	65218.81530666667	66100.15064864866	67005.63216438357	67936.26594444446	68893.11476056339	69877.30211428572	70890.01663768117	71603.59024509804	72672.30054726369	73773.39601010102	74908.37133333333	76078.81463541667	77286.41486772486	78532.96994623655	79581.98193442624	80908.34830000001	82279.67623728813	83698.29134482756	85166.68242105262	86687.51603571427	88263.65269090909	89479.78192592593	91168.07969811319	92921.31199999999	94743.29850980392	96638.16447999999	97669.40857142858	99704.18791666669	101825.55361702129	104039.15260869569	106351.1337777778	108768.20500000002	109577.20175193797	112186.18274603173	114922.43110569105	117795.49188333334	120815.8891111111	121498.49810526318	124782.24129729731	128248.4146666667	131912.6550857143	132648.483627451	136668.13464646466	140939.01385416673	145485.43365591395	150334.9481111111	152116.09101149422	157548.80854761903	163383.94960493827	169667.94766666665	174197.65480000002	181455.8904166667	189345.2769565218	194710.21660606065	203982.13168253974	214181.23826666674	225453.93501754393	229630.83529629625	243138.53149019607	258334.68970833332	268230.9679111111	287390.32276190474	47089.07666666667	51013.1663888889	55650.72696969699	61215.799666666695	68017.55518518522	76519.74958333338	87451.14238095246	102026.3327777777	122431.59933333324	153039.4991666666	204052.6655555554	306078.9983333332	612157.9966666664
107830.0	50609.58231333334	51120.79021548822	51642.4309319728	52174.82712714778	52718.314909722234	53273.24454035088	53839.98118439717	53796.023060931904	54380.76244202898	54978.35323809523	55589.22382962962	56213.82185018726	56852.61528030303	57506.09361685823	58174.76912403101	58859.178172549015	59034.33673015873	59745.593799196795	60474.19860162601	61220.79364609053	61986.05356666667	62770.68715611813	63575.439555555546	64401.09461471861	64768.21775438597	65631.79399111112	66518.71012612614	67429.92533333333	68366.45207407408	69329.35984976527	70319.77927619049	70890.01663768117	71932.51688235295	73006.13653731345	74112.29012121214	75252.4792	76428.29918750002	77641.4467936508	78532.96994623655	79820.39568306011	81150.73561111111	82526.1718079096	83949.03683908044	85421.82695906432	86687.51603571427	88263.65269090909	89898.16477777777	91594.35656603772	93355.78649999999	95186.29211764707	96638.16447999999	98610.37191836735	100664.75466666667	102806.5579574468	105041.4831304348	106351.1337777778	108768.20500000002	111297.69813953488	113947.64333333333	116726.85414634146	117795.49188333334	120815.8891111111	123995.2546140351	127346.47771171172	130883.8798703704	131912.6550857143	135792.43905882354	139907.36145454546	144279.46650000004	145485.43365591395	150334.9481111111	155518.91183908045	161073.15869047618	163383.94960493827	169667.94766666665	176454.66557333333	183806.9433055556	189345.2769565218	197951.8804545455	207378.1604761905	214181.23826666674	225453.93501754393	237979.15362962958	243138.53149019607	258334.68970833332	275557.0023555555	287390.32276190474	309497.2706666666	335288.70988888893	55650.72696969699	61215.799666666695	68017.55518518522	76519.74958333338	87451.14238095246	102026.3327777777	122431.59933333324	153039.4991666666	204052.6655555554	306078.9983333332	612157.9966666664
117388.0	51348.36347333333	51867.03381144781	52396.2892585034	52936.45718900344	53487.87861805556	54050.90891929824	53839.98118439717	54418.905713261665	55010.41555797102	55614.92561904762	56232.86923703704	56864.69922846443	57510.888992424254	58171.93369348659	58848.351527131796	58859.178172549015	59559.88267460317	60277.47162248997	61012.56273983739	61765.80425514403	62537.876808333334	63329.4955021097	64141.4121111111	64401.09461471861	65248.47743859649	66118.45713777778	67011.9498018018	67929.92171689497	68873.39285185185	69843.44063849766	70319.77927619049	71338.90651207732	72388.00807843138	73468.42610945275	74581.5840808081	75728.99306666668	76912.25858333334	77641.4467936508	78893.72819354839	80187.06800000001	81523.51913333335	82905.27369491526	84334.67496551723	85421.82695906432	86947.21672619047	88528.0752121212	90167.48401234567	91868.75729559746	93635.46416666666	95186.29211764707	97090.01796	99071.44689795919	101135.43537500002	103287.25314893617	105041.4831304348	107375.73831111111	109816.09600000002	112369.9586976744	115045.43390476189	116726.85414634146	119645.02550000002	122712.84666666666	125942.13210526318	129345.97351351353	130883.8798703704	134623.4192952381	138582.93162745098	142782.4144040404	144279.46650000004	148933.64283870964	153898.09759999998	159204.92855172412	161073.15869047618	167038.83123456792	173463.40166666667	176454.66557333333	183806.9433055556	191798.54953623193	200516.66542424247	207378.1604761905	217747.06850000008	229207.44052631586	237979.15362962958	251977.927372549	258334.68970833332	275557.0023555555	295239.6453809524	309497.2706666666	335288.70988888893	55650.72696969699	61215.799666666695	68017.55518518522	76519.74958333338	87451.14238095246	102026.3327777777	122431.59933333324	153039.4991666666	204052.6655555554	306078.9983333332	612157.9966666664
127792.0	52161.22920666667	52688.11030976431	53225.74408843538	53774.463099656365	54334.613756944455	54050.90891929824	54625.91858865248	55213.29405734767	55813.43855797101	56426.77304761905	57053.73719259258	57694.790419475656	58350.41303787879	59021.10744061302	58848.351527131796	59540.68507450981	60249.50275396826	60975.40037751006	61719.002821138216	62480.965818930046	63261.97789166668	64062.76242194093	64141.4121111111	64974.41746320346	65829.34400877194	66707.06859555555	67608.51546846847	68534.65951598174	69486.52978703704	69843.44063849766	70841.20407619048	71867.88819323672	72924.76890196078	74013.19828855722	75134.61038383839	76290.52746666667	76912.25858333334	78133.08808465609	79393.2991827957	80694.82867759564	82039.7424888889	83430.24659887006	84334.67496551723	85814.23066666667	87346.62764285714	88934.74814545455	90581.68792592593	92290.77637735849	93635.46416666666	95471.45366013072	97380.88273333333	99368.24768707482	101438.4195138889	103287.25314893617	105532.62821739132	107877.79773333334	110329.56586363638	112895.36972093022	115045.43390476189	117851.42009756097	120797.7056	123895.08266666665	125942.13210526318	129345.97351351353	132938.91722222226	136737.17200000002	140758.85352941178	142782.4144040404	147244.36485416672	151994.18307526878	153898.09759999998	159204.92855172412	164890.81885714285	170997.88622222224	173463.40166666667	180401.93773333335	187918.68513888892	191798.54953623193	200516.66542424247	210065.0780634921	217747.06850000008	229207.44052631586	241941.18722222216	251977.927372549	267726.5478333333	285574.9843555555	295239.6453809524	317950.3873333333	335288.70988888893	365769.50169696973	61215.799666666695	68017.55518518522	76519.74958333338	87451.14238095246	102026.3327777777	122431.59933333324	153039.4991666666	204052.6655555554	306078.9983333332	612157.9966666664
139119.0	52869.954020000005	53403.99395959596	53948.9326734694	54505.107237113414	55072.868770833345	54906.55705964912	55490.66936879433	56087.34323297492	56696.98826811594	57320.0320952381	57956.92134074074	58608.12270411985	59274.124098484855	59021.10744061302	59707.3993875969	60409.83938039216	61129.00413492064	61865.49816064258	62619.95545528455	63393.04132510288	64185.454341666664	64062.76242194093	64884.0798888889	65726.7302770563	66591.5556754386	67479.44308444446	68391.32745045047	69328.1949497717	69486.52978703704	70465.21330516432	71471.85920952381	72507.68325603865	73573.97271568628	74672.09171144279	75803.48704040404	76290.52746666667	77482.56695833334	78712.44897354498	79982.00460215053	81293.18500546449	82648.07142222223	83430.24659887006	84868.69912643677	86357.62367251462	87899.7240952381	89497.9008969697	91155.26943209876	92290.77637735849	94065.599	95910.02250980394	97828.22296000001	99824.71730612246	101438.4195138889	103596.68375886524	105848.78557971017	108200.98081481481	110660.09401515152	112895.36972093022	115583.3547142857	118402.46092682926	121362.52245	123895.08266666665	127155.47957894737	130592.11416216216	134219.6728888889	138054.5206857143	140758.85352941178	145024.27333333335	149556.28187500004	151994.18307526878	157060.6558444444	162476.5405287356	168279.27411904762	170997.88622222224	177574.728	184677.71712000002	187918.68513888892	196089.06275362324	205002.20196969702	210065.0780634921	220568.33196666674	232177.19154385972	241941.18722222216	256173.02176470586	272183.835625	285574.9843555555	305973.1975238095	317950.3873333333	344446.25294444454	365769.50169696973	402346.4518666668	68017.55518518522	76519.74958333338	87451.14238095246	102026.3327777777	122431.59933333324	153039.4991666666	204052.6655555554	306078.9983333332	612157.9966666664
151450.0	53308.17171333334	53846.63809427609	54396.09358503402	54956.87805498282	55072.868770833345	55652.583178947374	56244.63193617022	56849.412924731194	57467.34132608696	58098.85057142858	58744.393355555556	59404.44271910113	59274.124098484855	59955.4358697318	60652.592100775204	61366.15200784314	62096.701436507945	62844.85446586347	63611.2551300813	64396.57926748972	64185.454341666664	64997.92844725738	65831.23522222221	66686.18632900433	67563.63614912282	68464.4846311111	69389.68036936938	69328.1949497717	70291.08654629631	71281.10184976528	72299.40330476192	73347.22074396137	74425.85634313727	75536.69001990052	75803.48704040404	76969.69453333333	78172.34601041667	79413.1768994709	80694.03459139784	82016.88761748634	82648.07142222223	84048.88619209039	85498.00491954021	86997.96991812864	88551.50509523808	90161.53246060605	91155.26943209876	92875.18017610062	94661.24133333332	96517.34410457517	98447.69098666667	99824.71730612246	101904.39891666669	104072.57761702128	106335.02495652177	108698.02551111112	110660.09401515152	113233.5845736434	115929.62230158728	118757.17406504064	121362.52245	124474.382	127750.02363157895	131202.72697297297	134847.2471666667	138054.5206857143	142114.9477647059	146421.46133333334	149556.28187500004	154380.6780645161	159526.70066666664	165027.62137931032	168279.27411904762	174511.8398271605	181223.83366666664	184677.71712000002	192372.62200000003	200736.6490434783	205002.20196969702	214764.21158730163	225502.42216666674	232177.19154385972	245075.92440740735	259492.15525490194	272183.835625	290329.4246666666	305973.1975238095	329509.59733333334	344446.25294444454	375759.5486666668	402346.4518666668	447051.61318518536	76519.74958333338	87451.14238095246	102026.3327777777	122431.59933333324	153039.4991666666	204052.6655555554	306078.9983333332	612157.9966666664
164874.0	53388.47401333333	53927.75152861952	54478.03470748299	54956.87805498282	55529.345534722226	56113.86496140351	56710.820971631205	57320.61474551972	57943.6649057971	58580.408476190474	59231.3019037037	59896.82214981273	60079.49320454546	60770.06209195402	61476.690720930244	62199.945905882356	62940.42145238096	63698.73978313254	64475.55368292683	65271.54817283951	65201.53650833334	66026.8724135021	66873.37077777777	67741.85611255412	68633.19632456142	69548.3056088889	70488.1475765766	70340.22393607306	71317.17149074074	72321.6386948357	73354.80496190477	74417.9180772947	75512.2992254902	75536.69001990052	76681.18532323233	77860.89586666667	79077.47236458336	80332.67033862435	81628.35856989249	82016.88761748634	83383.83574444444	84797.12109604519	86259.14042528733	87772.45867836257	89339.82401190476	90161.53246060605	91831.19046913579	93563.85444025155	95363.15933333331	97233.02520261439	98447.69098666667	100456.82753741497	102549.67811111113	104731.58615602838	107008.35976811597	108698.02551111112	111168.4351818182	113753.74762790698	116462.17019047619	119302.71092682927	121726.10341666666	124847.28555555554	128132.74043859649	131595.78747747748	134847.2471666667	138700.02565714286	142779.4381764706	147106.08781818184	150997.13200000004	155868.00722580642	161063.6074666666	165027.62137931032	170921.465	177251.88962962964	181223.83366666664	188472.78701333335	196325.81980555557	200736.6490434783	209861.04218181822	219854.4251428572	225502.42216666674	237370.97070175447	250558.24685185179	259492.15525490194	275710.4149583333	290329.4246666666	311067.2407142857	329509.59733333334	356968.7304444445	375759.5486666668	413335.5035333335	447051.61318518536	502933.0648333336	87451.14238095246	102026.3327777777	122431.59933333324	153039.4991666666	204052.6655555554	306078.9983333332	612157.9966666664
179488.0	53107.523993333336	53643.96362962963	54191.35101360545	55039.66393127148	55612.993763888895	56198.393698245614	56796.24895035461	57406.961304659504	58030.950014492744	58668.652761904756	59320.526681481475	59896.82214981273	60577.467856060604	61273.760590038306	61986.246178294576	62715.496133333334	63462.10918253969	64226.71290763053	65009.96550406504	65271.54817283951	66087.442525	66923.99243037975	67781.99233333334	68662.27794805195	69565.72897368422	70493.27202666667	70488.1475765766	71453.73863926942	72446.15167592594	73466.52000938969	74516.04172380954	75595.98435748793	76707.69000980393	76639.3484676617	77800.55071717172	78997.48226666667	80231.81792708334	81505.33884656084	82819.9410860215	82966.52838251369	84349.30385555558	85778.95307344633	87257.90054022988	88788.7409005848	89339.82401190476	90964.18444848484	92648.70638271605	94396.79518238992	96212.11816666665	98098.6302875817	99177.68570666666	101201.72010884354	103310.08927777779	105508.17628368794	107008.35976811597	109386.32331851852	111872.37612121215	114474.0592868217	117199.63212698413	119302.71092682927	122285.27870000001	125420.79866666667	128721.34600000002	131595.78747747748	135251.22601851853	139115.54676190476	143207.18049019607	147106.08781818184	151703.15306250003	156596.8031612903	161063.6074666666	166617.5249655172	172568.15085714284	177251.88962962964	184069.27	191432.04080000002	196325.81980555557	204861.7250144928	214173.62160606065	219854.4251428572	230847.14640000009	242996.9962105264	250558.24685185179	265296.96725490195	275710.4149583333	294091.1092888888	311067.2407142857	334995.49	356968.7304444445	389420.4332121213	413335.5035333335	459261.6705925928	502933.0648333336	87451.14238095246	102026.3327777777	122431.59933333324	153039.4991666666	204052.6655555554	306078.9983333332	612157.9966666664
195397.0	52518.976553333334	53049.47126599326	53590.792401360544	54750.0247353952	55320.337493055566	55902.65683508772	56497.365950354615	57104.864508960585	57725.569557971015	58359.916476190476	59008.35999259259	59987.04945318352	60668.72046969697	61366.06208429118	62079.62094573644	62809.969427450975	63557.70715873016	64323.46266666667	65107.895138211374	65812.55767078188	66635.21464166667	67478.69837130801	68343.80988888888	69231.39183549784	70142.3312017544	71077.56228444444	71445.88381081082	72424.59454794522	73430.49169444446	74464.723971831	75528.50574285716	76623.12176811596	76707.69000980393	77852.58090547264	79032.16546464647	80248.04493333334	81501.92063541668	82795.60191534393	82819.9410860215	84177.64503825137	85580.60578888889	87031.12453107344	88531.66116091952	90084.8481988304	90374.2541309524	92017.4223878788	93721.44872839507	95489.77794968554	97326.11983333335	98098.6302875817	100060.60289333333	102102.65601360543	104229.79468055557	106447.44988652482	107801.83228985508	110197.42856296296	112701.91557575758	115322.89035658914	117199.63212698413	120058.1597398374	123059.61373333335	126214.98844444445	128721.34600000002	132200.30129729732	135872.53188888892	139754.60422857144	143207.18049019607	147546.79202020203	152157.62927083336	156596.8031612903	161816.69659999997	167396.58268965513	173375.03207142855	178959.56385185185	185842.62399999998	193276.32895999998	199408.37583333338	208078.30521739137	214173.62160606065	224372.36549206352	235590.98376666673	242996.9962105264	256496.82933333327	265296.96725490195	281878.02770833333	294091.1092888888	315097.61709523806	334995.49	362911.7808333334	389420.4332121213	428362.4765333335	459261.6705925928	502933.0648333336	574780.64552381	102026.3327777777	122431.59933333324	153039.4991666666	204052.6655555554	306078.9983333332	612157.9966666664
212716.0	51699.26892000001	52221.48375757576	53590.792401360544	54143.274797250866	54707.26724305556	55283.133214035086	55871.251652482264	56472.01779928316	57085.844079710136	57713.16104761905	58354.41839259258	59671.375273408245	60349.459083333335	61043.13102681992	61752.934875969	62479.43999215686	63223.242849206355	63984.96866666668	65107.895138211374	65911.6963127572	66735.59251666667	67580.34685232067	68446.76155555555	69335.68053679654	70247.99212280702	71077.56228444444	72038.06988288289	73024.89275799086	74039.12737962964	75081.93199061033	76154.53101904763	77258.21987439615	77749.93238235296	78910.37913432837	80105.99093939396	81338.39080000001	82609.30315625001	83920.56193650795	84131.01484946237	85510.21181420767	86935.38201111113	88408.86306214689	89933.15380459769	90084.8481988304	91693.50620238094	93360.66086060605	95089.56198765432	96883.70466666664	97326.11983333335	99234.47512418302	101219.16462666668	103284.8618639456	105436.62981944447	106447.44988652482	108761.52488405799	111178.44765925925	113705.23056060607	116349.538248062	118068.67346031744	120948.39720325203	123972.10713333334	127150.87911111109	129536.43550877195	133037.42025225228	136732.90414814817	139754.60422857144	143865.0337647059	148224.58024242427	152856.59837500006	157065.93989247308	162301.47122222217	167898.07367816087	173375.03207142855	179796.32955555554	186711.57299999997	193276.32895999998	201329.50933333335	210082.9662608696	217536.41000000003	227895.2866666667	235590.98376666673	247990.50922807027	256496.82933333327	271584.878117647	288558.93299999996	300669.8962222222	322146.31738095236	339335.8953333333	362911.7808333334	395903.760909091	428362.4765333335	475958.30725925945	516669.379416667	574780.64552381	102026.3327777777	122431.59933333324	153039.4991666666	204052.6655555554	306078.9983333332	612157.9966666664
231570.0	50736.43354	51248.92276767676	52754.35604081633	53298.21538144331	53853.40512500001	54420.283073684215	54999.22225531915	55590.6117419355	56194.85752173913	56812.38342857143	58354.41839259258	59010.08601498127	59680.65517424242	60366.63971647509	61068.5773875969	61787.031239215685	62522.591134920636	63275.875365461856	64765.273162601625	65564.844436214	66384.40499166667	67224.7139156118	68086.56922222223	68970.81038095239	69878.32104385966	71184.63201777778	72146.5865045045	73134.8959086758	74150.65835185186	75195.03382159625	76269.2485904762	77258.21987439615	78394.37016666667	79564.43539303483	80769.95714141415	82012.57186666667	83294.01830208334	83920.56193650795	85274.11938709678	86672.05577049182	88116.59003333336	89610.09155932204	91155.09313793102	91510.92843274854	93145.0521547619	94838.59855757577	96594.86890123457	98417.41359748426	98746.85283333332	100683.06563398693	102696.72694666666	104792.5785170068	106975.75723611112	107679.96236879434	110020.83111594207	112465.7384740741	115021.77798484852	116349.538248062	119119.76534920633	122025.12547967478	125075.75361666667	127150.87911111109	130496.95487719298	134023.8996036036	137746.7857037037	140639.55855238097	144776.01615686275	149163.1681616162	152856.59837500006	157787.45638709675	163047.03826666664	167898.07367816087	173894.43345238094	180334.96802469133	186711.57299999997	194180.03592	202270.87075000003	210082.9662608696	219632.19200000004	230090.86780952383	239290.0510000001	251884.2642105264	261767.75974074067	277165.8632549019	288558.93299999996	307796.19519999996	322146.31738095236	346926.80333333334	367613.8866111112	395903.760909091	435494.13700000016	475958.30725925945	516669.379416667	590479.2907619053	670577.4197777772	122431.59933333324	153039.4991666666	204052.6655555554	306078.9983333332	612157.9966666664
252095.0	49709.668406666664	50211.786269360266	51771.870959183674	52305.60158762887	52850.45160416667	53406.77214736842	53974.92929787234	54555.30488172043	55148.29732608695	55754.322571428565	57443.63213333333	58089.066202247195	58749.16922727274	59424.447034482764	60115.428976744195	60822.669317647065	61546.74871428572	62288.27580722893	64047.532382113815	64838.24265843621	65648.72069166666	66479.71715611813	67332.02122222222	68206.46305627706	69103.91651754387	70810.03199111111	71766.92431531532	72750.03286757991	73760.44999074076	74799.32956807513	75867.89141904764	77374.60001932368	78512.46178431372	79684.2895721393	80891.62729292929	82136.11386666667	83419.49064583334	84616.14557671957	85980.92211827956	87390.445431694	88846.95285555556	90352.83341242938	91155.09313793102	92754.30529824561	94410.63217857144	96127.18912727274	97907.32225925926	99754.63022641509	100310.05616666666	102276.92001307191	104322.45841333334	106451.48817687076	106975.75723611112	109251.83717730496	111626.87711594204	114107.47438518518	116700.82607575759	117696.70305426358	120499.00550793651	123438.00564227643	126523.95578333335	128282.8242222222	131658.68801754387	135217.03093693694	137746.7857037037	141682.40815238096	145849.53780392156	150269.22076767677	153824.51716666672	158786.59836559137	164079.48497777776	168669.34993103446	174693.2552857143	181163.37585185186	187270.92833333332	194761.76546666666	202270.87075000003	211065.25643478264	220659.13172727276	230090.86780952383	241595.41120000006	251884.2642105264	265877.8344444444	277165.8632549019	294488.7297083333	307796.19519999996	329781.6377142857	346926.80333333334	375837.37027777784	401033.33084848494	435494.13700000016	483882.3744444446	535453.095666667	590479.2907619053	670577.4197777772	122431.59933333324	153039.4991666666	204052.6655555554	306078.9983333332	612157.9966666664
274439.0	48684.51172	49176.27446464646	50724.15143537415	51247.08083161512	51780.90459027779	52325.966743859644	52882.62596453901	53451.25635125449	54032.24826811594	54626.009238095234	56373.81504444444	57007.22869662921	57655.038113636365	58317.73970114942	58995.85295348837	59689.9218117647	60400.51611904762	62288.27580722893	63047.88892682927	63826.25792592593	64624.08615000001	65442.11255696203	66281.114	67141.9076883117	69103.91651754387	70025.3020711111	70971.58993693694	71943.8034977169	72943.02299074075	73970.3895117371	75027.10936190476	76967.4260772947	78099.29999019609	79264.96118407961	80465.94544444446	81703.88306666668	82980.50623958335	84743.60954497354	86110.44195698923	87522.0885464481	88980.79002222222	90488.9390056497	91910.64088505745	93523.10826900584	95193.16377380952	96923.94856969696	98718.83650617284	99754.63022641509	101672.9885	103666.57650980394	105739.90804000001	107897.8653469388	108669.22751388891	110981.33873758867	113393.97653623192	115913.8426814815	116700.82607575759	119414.79877519379	122258.00826984126	125239.9109105691	126523.95578333335	129768.1597777778	133183.1113508772	136782.65490090093	138973.05957407408	142943.71841904763	147147.94543137256	150269.22076767677	154965.1339166667	159964.00920430102	164079.48497777776	169737.39825287354	175799.4481904762	181163.37585185186	188131.198	195656.44592000003	202876.8390277778	211697.57115942033	220659.13172727276	231166.70942857146	242725.04490000007	254310.9591578948	268439.34577777766	281517.7070588235	299112.56375	314121.3116888888	336558.54823809525	355149.456	375837.37027777784	410004.40393939405	441136.6639333335	483882.3744444446	535453.095666667	611946.3950476196	688892.5058888884	804692.9037333326	153039.4991666666	204052.6655555554	306078.9983333332	612157.9966666664
298764.0	47704.99170666667	48186.860309764306	49678.07318367347	50190.218268041244	50713.03304166668	51246.854442105265	51792.03374468085	52348.93733333334	52917.94752173913	53499.46342857143	55232.96489629629	55853.56000749063	56488.2595530303	57137.5498927203	57801.94000775194	58481.96283137255	59178.17667460317	61128.2331807229	61873.699439024385	62637.572271604935	63420.541925	64223.3335949367	65046.70966666666	65891.47212987013	68025.35384210528	68932.35856000001	69863.87691891893	70820.91632876714	71804.54016666669	72815.87171830988	73856.09845714287	76114.45877294686	77233.78904901962	78386.53216915423	79574.2068989899	80798.42546666667	82980.50623958335	84297.65713227514	85657.29676344086	87061.5147431694	88512.53998888891	90012.75253107345	92049.09312643675	93663.98949707602	95336.56073809523	97069.95275151514	98867.5444691358	100581.45606289306	102515.71483333332	104525.8268888889	106616.34342666667	108792.18717006803	110145.73754166669	112489.26387234044	114934.68265217394	117488.78671111113	118548.24819696973	121305.1842015504	124193.40287301588	127222.5102601626	128370.90868333333	131662.47044444442	135127.27229824563	136782.65490090093	140582.17309259262	144598.80660952383	148851.71268627455	151606.97408080808	156344.69202083338	161388.06918279565	165296.1428444444	170996.00983908042	177103.01019047617	182310.53886419753	189322.48266666665	195656.44592000003	203808.79783333337	212670.04991304353	221320.18803030305	231859.24460317462	242725.04490000007	255500.047263158	268439.34577777766	284229.89552941173	299112.56375	319053.4013333333	336558.54823809525	362447.6673333333	384745.24400000006	410004.40393939405	451004.8443333335	490151.848814815	544367.6712500002	611946.3950476196	688892.5058888884	804692.9037333326	153039.4991666666	204052.6655555554	306078.9983333332	612157.9966666664
325245.0	46793.43456666667	47266.095521885516	48678.5629659864	49180.403821305845	49692.699694444455	50215.78074385965	50749.99117730497	51295.690007168465	51853.25185507246	52423.06780952381	54093.901911111105	54701.698561797755	55323.30877272727	55959.20887356321	56609.897348837214	57275.89614117647	57957.75204761905	59891.16675502009	60621.54683739837	61369.96099588477	62137.08550833334	62923.63089451476	63730.34411111111	64558.01091774892	66758.46518421052	67648.57805333333	68562.74802702703	69501.96375342466	70467.26880555556	71459.76554929579	73856.09845714287	74926.47669565219	76028.33664705884	77163.08794029852	78332.22563636366	79537.3368	82060.90086458334	83363.45484656084	84708.02669892472	86096.68287431695	87531.62758888889	89015.21449717514	91564.69654022987	93171.0947251462	94834.86427380952	96559.13453333333	98347.26665432099	100732.96983647796	102670.14233333332	104683.28237908497	106776.94802666667	108792.18717006803	111058.69106944445	113421.64194326241	115887.32981159423	118462.60380740742	120158.98640909094	122953.38144186047	125880.8429047619	127222.5102601626	130403.07301666668	133746.74155555555	137266.39264912283	138779.36073873876	142634.3429814815	146709.60992380953	148851.71268627455	153362.37064646467	158154.94472916675	163256.71713978492	166767.67148888882	172518.28085057467	177103.01019047617	183662.38093827158	190726.31866666663	196895.38197333334	205099.35622222227	214016.71953623195	222336.8703636364	232924.34038095243	243452.2068333334	256265.48087719304	269694.4943333333	285558.87635294115	301994.26399999997	322127.2149333332	341842.93	362447.6673333333	392651.63961111114	419722.08436363644	451004.8443333335	490151.848814815	551420.829916667	622134.481428572	713937.4608888883	826671.007066666	1005866.129666666	204052.6655555554	306078.9983333332	612157.9966666664
354073.0	45956.49014666667	46420.69711784512	47748.40261904762	48240.65419243987	48743.16100694445	49256.2469122807	49780.24953900709	50315.52103942653	50862.428876811595	51421.35666666667	53005.54634074074	53601.11427715356	54210.21784848485	54833.32380076628	55470.92058914729	56123.51965490196	56791.65679365079	58656.03821686748	59371.35575609756	60104.33545679012	60855.639650000005	61625.96420253164	62416.04066666666	63226.6385974026	65407.45842982457	66279.55787555556	67175.22757657658	68095.43617351598	69041.20612037038	70013.6174741784	72480.61934285714	73531.06310144928	74612.40226470589	75726.02020895523	76873.38415151516	78056.0516	80780.10768750001	82062.33161904763	83385.91761290323	84752.89986885247	86165.44820000001	89015.21449717514	90549.95957471261	92138.55535672513	93783.88670238094	95489.04827878787	98347.26665432099	100202.87545911949	102129.85383333333	104132.39998692811	106215.04798666667	108956.06941496598	111225.98752777779	113592.49790070922	116061.90002898553	118462.60380740742	121154.93571212122	123972.49235658914	126924.21836507934	128951.10736585366	132174.88505	135563.98466666669	139131.45794736844	140976.2951531532	144892.30335185188	149032.08344761908	151024.5984509804	155601.10143434344	160463.6358541667	163256.71713978492	168698.60771111108	174515.80108045976	178679.6480238095	185297.4127654321	192424.2363333333	198355.3714133333	206620.17855555558	214016.71953623195	223744.7522424243	232924.34038095243	244570.55740000008	256265.48087719304	270502.45203703694	285558.87635294115	303406.30612499994	322127.2149333332	345136.3017142857	368138.54	392651.63961111114	428347.2432121213	461694.29280000017	501116.4937037039	551420.829916667	622134.481428572	713937.4608888883	826671.007066666	1005866.129666666	204052.6655555554	306078.9983333332	612157.9966666664
385457.0	45195.57484	45652.0957979798	46894.37770068028	47377.8248934708	47871.343902777786	48375.25278596492	48889.88313475178	49415.58080286739	49952.70668115942	50501.63752380953	51992.70507407407	52576.89277153558	53174.35746212121	53785.55697318007	54410.970426356595	55051.09949019608	55706.469722222224	57475.893622489966	58176.819154471545	58895.051489711936	59631.23963333334	60386.06545147679	61160.245777777774	61954.53468398269	64058.568052631585	64912.68229333333	65789.8807027027	66691.11194520548	67617.3773888889	68569.73481690141	71013.81200952381	72042.99769082127	73102.45353921568	74193.53493532339	75317.6794040404	76476.41293333334	79275.67740625	80534.02149206349	81832.95732258064	83174.48121311476	84560.72256666668	87625.87952542373	89136.67055172414	90700.4717894737	92320.12307142858	93998.67076363637	97257.36398765432	99092.40859119495	100998.03183333333	102978.38539869282	105037.95310666667	108382.7020272109	110640.67498611113	112994.73190070923	115451.13911594206	118641.05336296296	121337.44093939396	124159.24189147286	127115.4143174603	130019.93100813008	133270.42928333333	136687.61977777776	140284.6624035088	142891.76762162164	146860.9833888889	151057.01148571432	153415.38001960787	158064.33092929295	163003.8412708334	165639.88217204297	171161.21157777772	177063.32232183905	180748.5082619048	187442.89745679015	192424.2363333333	200121.20578666666	208459.58936111114	215603.66457971017	225403.83115151516	234399.26425396831	246119.22746666675	257442.6920000001	271745.0637777777	286414.3609803921	304315.2585416666	323633.39319999993	345136.3017142857	371685.24799999996	398816.75166666677	428347.2432121213	471181.96753333346	512993.6586666669	563756.055416667	630195.2341904767	725823.5616666661	856724.9530666659	1005866.129666666	204052.6655555554	306078.9983333332	612157.9966666664
419622.0	44512.297093333334	44961.916255892254	46117.933510204086	46593.37612371134	47078.72379166667	47574.289305263155	48080.39876595745	48597.39230107528	49125.624826086954	49665.466857142856	51062.76682962963	51636.50578277154	52223.28425757576	52823.55189272031	53437.77924031008	54066.458996078436	54710.10731746032	56377.63200803214	57065.16410569105	57769.67230452675	58491.793208333336	59232.195654008436	59991.582777777774	60770.694242424244	62769.72592982457	63606.65560888889	64466.20500900901	65349.303707762556	66256.93292592594	67190.12916431925	69549.30245714287	70557.26336231884	71594.87017647059	72663.45032835822	73764.4116969697	74899.2488	77671.35688541667	78904.23556613756	80176.88452688171	81491.25968306011	82849.44734444444	85993.95515254236	87476.60955172412	89011.2869122807	90600.77417857142	92248.06098181817	95739.3868888889	97545.79041509434	99421.671	101371.11552941178	103398.53784000002	107181.58480272109	109414.53448611112	111742.50330496453	114171.68815942032	118016.71998518519	120698.91816666668	123505.86975193798	126446.4856984127	130215.79027642275	133471.18503333334	136893.5231111111	140284.6624035088	144076.13976576578	148078.2547592593	152309.06203809526	155499.8647647059	160211.98187878792	165218.60631250005	168262.0296989247	173870.7640222222	179866.30760919538	183387.0124047619	190179.12397530864	194652.2396666667	202438.32925333336	210873.25963888894	217523.04976811598	227410.46112121214	236137.34692063494	247944.21426666674	259072.87101754395	273465.8082962962	287730.06752941175	304315.2585416666	324602.94244444434	346750.0641428571	373423.14599999995	402659.0186666667	435072.82000000007	471181.96753333346	512993.6586666669	563756.055416667	630195.2341904767	725823.5616666661	856724.9530666659	1033338.7588333327	204052.6655555554	306078.9983333332	612157.9966666664
456815.0	43912.41850666667	44355.978289562285	45420.711319727896	45888.966075601376	46366.976138888895	46855.04957192983	47353.50754609929	47862.68504659499	48382.9316231884	48914.61219047619	50217.305377777775	50781.54476404494	51358.60777272727	51948.93659770115	52552.994000000006	53171.264517647054	53804.255761904766	55369.2652369478	56044.50017886179	56736.40758847737	57445.61268333334	58172.77233755274	58918.57711111111	59683.75343722945	61570.308640350886	62391.24608888889	63234.37103603604	64100.59529680366	64990.881342592606	65906.24586854462	68149.98815238096	69137.66914009662	70154.39956862746	71201.48015920399	72280.29046464647	73392.29493333334	76069.5495625	77277.00273015874	78523.406	79810.67495081968	81140.85286666667	84253.67526553672	85706.32483908044	87209.9445730994	88767.26501190476	90381.21528484848	93956.3584074074	95729.11988679244	97570.0645	99483.20301960784	101472.86708	105508.71208163266	107706.81025000002	109998.4445106383	112389.7150434783	116708.83678518518	119361.31034848485	122137.15477519379	125045.18226984126	129530.54632520325	132768.80998333334	136173.13844444446	140495.98424561403	144293.173009009	148301.31670370372	152309.06203809526	156788.74033333335	161539.9142828283	165218.60631250005	170548.23877419354	176233.18006666662	179866.30760919538	186290.1043095238	193189.73780246914	197493.70566666665	205393.45389333332	210873.25963888894	220041.66223188414	227410.46112121214	238239.5306984127	250151.5072333334	260993.90975438603	273465.8082962962	289552.03231372545	305713.19675	326094.0765333333	347788.8669047619	373423.14599999995	404541.74150000006	439264.3840000001	478580.1020000002	523535.5194814817	577117.8660000003	644292.6347619053	735227.7732222215	870988.2739999992	1033338.7588333327	1341154.8395555543	306078.9983333332	612157.9966666664
497305.0	43404.07734	43842.50236363636	44808.59031292517	45270.534542955334	45742.10261111112	46223.598428070174	46715.33883687943	47217.654308243735	47730.88968115942	48255.40495238095	49458.107881481475	50013.8169588015	50582.155787878786	51163.55987739463	51758.484992248064	52367.40834509804	52990.82987301587	54452.49980722892	55116.55468292683	55797.00597530864	56494.468550000005	57209.58840506329	57943.04466666666	58695.55174025974	60469.06598245615	61275.32019555556	62103.36506306307	62954.09609132421	63828.45853703705	64727.450910798136	66847.76366666667	67816.57183574881	68813.8743627451	69840.94711442787	70899.14328282829	71989.89933333333	74539.04954166667	75722.20905820106	76943.53501075269	78204.90443715848	79508.31951111111	82516.12155932203	83938.8133103448	85411.42407017543	86936.62807142857	88517.29403636363	92054.94149382715	93791.82718238993	95595.51616666665	97469.93805228759	101472.86708	103543.74191836735	105700.90320833334	107949.85859574468	110296.59465217394	114887.26426666668	117498.33845454549	120230.85795348838	125045.18226984126	128095.06476422763	131297.44138333332	134664.04244444444	139756.64208771932	143533.84863063064	147520.89998148152	152538.4971809524	157024.92356862745	161783.25458585858	166588.0366041667	171961.8442365591	177693.90571111106	182310.18627586204	188821.26435714288	195814.64451851853	200620.11233333332	208644.91682666668	213951.51447222225	223253.7542318841	230043.55596969704	240998.01101587308	250151.5072333334	263317.3760350878	275493.5714074073	291699.07560784306	307649.0343333333	326094.0765333333	349386.5105714286	374541.85666666663	404541.74150000006	441318.2634545455	483190.8224000001	531755.6688888891	588977.459416667	659563.275428572	751674.740555555	870988.2739999992	1070906.1913333326	1341154.8395555543	306078.9983333332	612157.9966666664
541383.0	42995.651920000004	43429.951434343435	44289.8748367347	44746.47148453609	45212.58056250001	45688.50246315789	46174.55036170213	46671.05090322581	47178.34493478261	47696.78828571428	48791.57611851851	49339.796074906364	49900.47557575758	50474.04426053639	51060.95175193799	51661.668831372546	52276.6886984127	53629.27360642571	54283.28913821138	54953.45320164609	55640.371366666666	56344.6798649789	57067.04755555555	57808.17804329005	59467.861631578955	60260.76645333333	61075.10113513514	61911.74635616438	62771.63172222223	63655.73921126762	65652.1287809524	66603.60890821257	67583.07374509805	68591.77633830847	69631.0456767677	70702.29253333334	73114.74151041667	74275.29296296297	75473.28155913978	76710.54846994537	77989.05761111111	80855.91814689265	82249.9857011494	83692.96790643275	85187.48519047619	86736.34855757575	90156.50318518518	91857.56928301885	93624.06099999999	95459.8269019608	99419.33681333333	101448.3028707483	103561.80918055557	105765.25192907802	108064.4965362319	112747.6300888889	115310.07622727274	117991.70590697673	123093.49742857143	126095.77785365854	129248.17230000002	132562.228	138207.83303508774	141943.1798738739	145886.0459814815	151735.78283809527	156198.59998039217	160931.8908888889	166838.9812916667	172220.88391397844	177961.5800444444	183821.2817701149	190386.32754761903	195814.64451851853	203345.977	211479.81608000002	217338.45502777782	226787.95307246383	233401.65215151518	244516.01653968258	253047.91156666676	266366.22270175454	277946.11914814805	294295.89086274506	309930.2678333333	328158.9699555555	351598.8963809524	376262.396	405753.6780555556	441318.2634545455	483190.8224000001	536878.6915555557	598225.1275000003	659563.275428572	751674.740555555	882273.3278666659	1070906.1913333326	1377785.0117777768	306078.9983333332	612157.9966666664
589369.0	42694.96842	43126.23072727273	43566.29430612245	44325.41435051547	44787.13741666667	45258.580968421054	45740.05523404256	46231.88378494624	46734.40426086957	47247.969142857146	48226.7526	48768.626224719104	49322.81515909091	49889.74406896551	50469.85737209303	51063.6204	51671.52064285715	52294.06908433736	53551.72988617886	54212.86235390946	54890.523133333336	55585.33988185653	56297.972444444444	57029.11494372295	58568.81196491229	59349.72945777778	60151.75282882884	60975.74944292237	61822.63485185186	62693.37618779344	64565.106914285716	65500.83310144929	66464.08064705883	67456.08185074627	68478.1436969697	69531.6536	71807.01585416668	72946.80975661376	74123.37120430107	75338.50843715848	76594.15024444446	79310.90604519774	80678.3354597701	82093.74485380117	83559.70458333332	85078.97193939393	88342.5772345679	90009.4183144654	91740.36866666666	93539.19942483661	97369.02344	99356.14636734694	101426.06608333335	103584.0674893617	105835.89504347829	110465.9297925926	112976.51910606062	115603.88001550386	120801.03223809523	123747.39887804877	126841.08385	130093.41933333332	136050.70768421056	139727.75383783787	143609.08033333338	150054.21872380952	154467.57809803923	159148.4137979798	165961.01247916673	171314.59352688168	177025.07997777773	184098.1862528735	190673.12147619046	197437.67301234568	205031.42966666663	213232.68685333335	220291.47508333338	229869.36530434788	237096.49639393945	248386.8057460318	256741.81736666674	270254.5445964913	281164.34618518513	294295.89086274506	312689.38404166664	330592.2856888888	351598.8963809524	378644.9653333333	407617.59566666675	442640.3760606061	485450.08980000013	536878.6915555557	598225.1275000003	673117.096476191	769490.4879999993	882273.3278666659	1088735.3424999993	1377785.0117777768	306078.9983333332	612157.9966666664
641607.0	42505.02767333334	42934.371387205385	43372.477217687076	44015.43136082475	44473.92543750001	44942.072021052634	45420.17917021277	45908.568193548395	46407.57436956521	46917.54771428571	47438.8538	48309.721258426966	48858.69536363637	49420.289563218386	49994.94409302326	50583.119905882355	51185.29990476191	51801.99026506025	52931.80163414634	53585.280666666666	54255.096675	54941.870050632904	55646.253	56368.93161038961	57779.49803508772	58549.891342222225	59341.10609009009	60153.9979543379	60989.47014814815	61848.47676995306	63588.99584761905	64510.57549758455	65459.26043137255	66436.26431840796	67442.8743838384	68480.45706666667	70618.0856875	71739.00768253968	72896.0884516129	74091.10629508198	75325.95806666667	77892.35618079096	79235.32783908045	80625.42130994152	82065.16097619048	83557.25481212122	86654.50845679012	88289.49918238992	89987.37416666666	91751.83248366014	95409.98341333334	97357.1259319728	99385.39938888891	101499.98235460994	105835.89504347829	108187.80382222222	110646.61754545456	113219.79469767441	118356.35334920633	121243.09367479674	124274.17101666667	127460.68822222222	133516.93036842105	137125.49605405406	140934.53761111113	147712.19691428574	152056.67329411767	156664.4512727273	164121.8017291667	169416.0533978494	175063.25517777773	183129.39308045973	189669.72854761904	197735.0889382716	205340.28466666664	213553.89605333333	222117.3821388889	231774.65962318846	240317.97281818188	251761.6858095239	260806.14603333344	274532.7852982457	285268.68596296286	297703.42537254904	316309.8894583333	333535.34297777765	354206.02038095234	381452.63733333326	410198.71244444454	444673.7407272728	486904.4136666668	539388.9886666669	603988.5280000003	683685.8600000006	785303.2792222216	902009.6886666659	1088735.3424999993	1427874.9217777767	306078.9983333332	612157.9966666664
698476.0	42424.00517333334	42852.53047811448	43289.80119727892	43819.61615807561	44276.070493055566	44742.13439298246	45218.11454609929	45704.33083154123	46201.11703623188	46708.82161904762	47227.808525925924	47971.87462921348	48517.00956818182	49074.67634482758	49645.31211627907	50229.3746117647	50827.34335714286	51439.72098795181	52433.721853658535	53081.05175308642	53744.564900000005	54424.87584810126	55122.630666666664	55838.508987012996	57110.628078947375	57872.10312	58654.158567567574	59457.640191780825	60283.44075000001	61132.50329577466	62732.02643809524	63641.1862415459	64577.08603921569	65540.92314427861	66533.96743434345	67557.56693333334	69550.46420833335	70654.43983068783	71794.02756989247	72970.97884153006	74187.16182222223	76602.66922033898	77923.40489655171	79290.48217543859	80706.38364285714	82173.77243636364	85104.61138271606	86710.35876729559	88377.86566666666	90110.76499346406	93586.86913333334	95496.80523809524	97486.3220138889	99560.49907801418	103706.50371014496	106011.09268148149	108420.43569696971	110941.84117829456	115915.50409523808	118742.71151219512	121711.27930000001	124832.08133333332	130814.91685964914	134350.45515315316	138082.41224074076	144961.23868571428	149224.80452941178	153746.76830303032	161560.21537500006	166771.83522580643	172330.89639999997	181099.91914942523	187567.7734047619	196694.53330864199	204259.70766666665	213553.89605333333	222451.97505555558	232123.80005797106	242309.87142424245	253848.43673015878	264349.7701000001	274532.7852982457	289784.60670370364	302049.1969019607	320927.2717083333	337397.21542222216	357359.296047619	381452.63733333326	413240.35711111117	447489.5044848486	489141.11480000016	541004.9040740742	606812.6122500002	690272.603428572	785303.2792222216	923388.5855999992	1102841.6598333325	1427874.9217777767	2011732.259333332	612157.9966666664
760385.0	42444.482860000004	42873.21501010101	43310.696795918375	43736.08780756014	44191.672055555566	44656.847550877195	45131.92039716312	45617.2098637993	46113.04910144928	46619.785904761906	47137.78352592592	47758.4580599251	48301.167810606064	48856.353647509575	49424.45078294574	50005.91490980392	50601.223420634924	51210.87671485945	52067.034658536584	52709.837555555554	53368.710525	54044.26382278481	54737.138999999996	55448.010935064936	56177.5900263158	57327.535893333334	58102.23232432433	58898.1533150685	59716.18322222224	60557.256225352125	61422.35988571429	62904.45991304349	63829.5255	64782.20498507463	65763.75354545456	66775.5036	68613.15391666668	69702.2515978836	70826.48146236558	71987.57132240437	73187.36417777778	75444.57134463277	76745.33981609193	78091.7492865497	79486.2448095238	80931.44926060605	83695.50896296297	85274.66950943395	86914.567	88618.77419607843	91912.98029333334	93788.75540136055	95742.68780555557	97779.76626950355	101724.85775362322	103985.41014814815	106348.71492424243	108821.94085271317	113583.31358730157	116353.63830894309	119262.47926666668	122320.49155555555	128117.13610526317	131579.7614054054	135234.7547777778	142027.62401904762	146204.90707843137	150635.3588080808	158551.35481250004	163665.91464516125	169121.44513333327	178273.34110344827	184640.24614285716	194514.72797530863	201996.06366666665	212430.09597333334	221281.34997222226	232123.80005797106	242674.8818787879	253848.43673015878	266540.8585666667	278262.91589473694	293721.9667777777	306830.7600392157	326007.68254166667	342322.42315555544	361497.0165238096	384848.4726666666	413240.35711111117	450807.6623030303	492238.4549333335	543490.1275555558	608630.5170833336	690272.603428572	797633.5033333327	923388.5855999992	1127512.1108333326	1451647.1233333321	2011732.259333332	612157.9966666664
827782.0	42552.60888666667	42982.433218855214	43421.02947619048	43868.668955326466	44213.002979166675	44678.40301052632	45153.70517021277	45639.22888172044	46135.30745652174	46642.28885714286	47160.53651111111	47667.42154307116	48209.09678787879	48763.22433716475	49330.238573643415	49910.59432156863	50504.76806349207	51113.259244979934	51835.39960162601	52475.34280658436	53131.28459166667	53803.83249789029	54493.625222222225	55201.33464069264	55927.667991228074	56926.62456	57695.903270270275	58486.25810958904	59298.56725000001	60133.75833802818	60992.81202857143	62312.539014492766	63228.89988235295	64172.61480597016	65144.92715151516	66147.15680000001	67818.87084375	68895.36085714286	70006.5763548387	71154.22514754099	72340.12890000001	74427.82797740113	75711.06639080458	77039.33071345028	78415.03304761904	79840.76092121212	82430.17980246914	83985.46621383647	85600.57133333333	87279.01390849674	90391.14968	92235.86702040817	94157.44758333334	96160.7975319149	98251.24965217394	102125.53365925928	104446.56851515154	106875.55848062015	111412.93944444443	114130.3282113821	116983.58641666667	119983.16555555555	125539.45185964914	128932.41001801802	132513.86585185188	139098.60491428574	143189.74035294118	147528.8233939394	155342.71377083336	160353.7690537634	169121.44513333327	174953.21910344824	181201.54835714283	191478.7737777778	198843.342	210075.90621333334	218829.06897222225	230902.27823188412	241397.83633333337	254230.82863492068	266942.37006666674	280569.32480701763	296156.5095185184	310999.72952941176	326007.68254166667	347741.5280444444	366774.0248095238	389304.4793333334	416919.1787222223	450807.6623030303	495888.42853333347	543490.1275555558	608630.5170833336	693500.1282857149	805318.0373333326	942363.9350666658	1127512.1108333326	1451647.1233333321	2066677.5176666654	612157.9966666664
901152.0	42729.970140000005	43161.586	43602.01034693878	44051.515608247435	44325.63425694445	44792.219880701756	45268.73285815603	45755.4934265233	46252.83574637681	46761.10866666667	47280.67654074074	47811.92009737828	48232.36688636364	48786.76190804598	49354.049837209306	49934.685717647066	50529.14626190477	51137.93115662652	51761.56446341464	52375.31502880659	53030.00646666667	53701.27237130802	54389.750222222225	55096.11061471862	55821.0594385965	56673.37023111111	57439.226585585595	58226.06530593608	59034.760657407416	59866.23615962442	60721.46810476191	61876.765826086965	62786.71826470589	63723.83346268657	64689.34609090909	65684.5668	67180.70612500001	68247.06653968255	69347.82567741936	70484.67527868853	71659.41986666668	72873.98630508475	74834.61610344826	76147.50410526316	77507.28096428572	78916.50425454545	81319.29353086419	82853.61982389935	84446.95866666666	86102.78138562092	87824.83701333334	90841.42263945579	92733.95227777779	94707.01509219858	96765.86324637683	100434.61075555556	102717.21554545456	105105.988	109420.21463492063	112089.00035772358	114891.22536666668	117837.15422222222	123140.61728070177	126468.74207207208	129981.76268518521	136299.97630476192	140308.79913725491	144560.58092929295	152139.09912500004	157046.81199999998	165698.89468888883	171412.64967816087	177534.53002380952	187912.7168148148	195140.129	206797.07568000004	215413.62050000005	228343.37631884063	238722.6206969697	252892.97139682545	265537.61996666674	280991.9684912281	296602.6334074073	313577.48066666664	330437.212625	352466.36013333325	372580.2086190476	394987.4113333333	421746.5192777779	454820.9222424243	495888.42853333347	546931.6165925928	611426.3935000004	695577.7338095243	805318.0373333326	957160.2039999992	1154235.7319999991	1470455.546444443	2066677.5176666654	612157.9966666664
981025.0	42958.92172	43392.85022222222	43835.63440816327	44287.54816494846	44510.38556250001	44978.91593684211	45457.4150425532	45946.20445161292	46445.6197173913	46956.01114285715	47477.7446	48011.20240449438	48355.23737121212	48911.044697318	49479.777775193805	50061.892807843135	50657.867722222225	51268.20347791165	51893.42547154471	52400.596123456795	53055.60357500001	53727.193493670886	54416.00366666667	55122.70501298702	55848.0037631579	56565.34023111111	57329.73672072073	58115.075579908684	58922.22940740742	59752.11996244133	60605.721676190486	61601.489381642525	62507.39363725491	63440.33981094528	64401.55708080809	65392.35026666667	66414.10573958335	67769.79114285714	68862.85229032258	69991.75150819673	71158.2807	72364.35325423729	74130.43434482758	75430.96828070175	76777.94985714286	78173.91258181818	80377.921	81894.4855471698	83469.3795	85106.03400000001	86808.15468	89617.18062585033	91484.20522222224	93430.67767375887	95461.77936231886	98916.21576296297	101164.31157575759	103516.96998449611	107608.51152380952	110233.10936585366	112988.93710000001	115886.08933333332	120938.1319649123	124206.73012612615	127656.9170740741	133695.52733333333	137627.7487254902	141798.28656565657	149078.09908333336	153887.07002150535	162281.70573333328	167877.6266206896	173873.25614285714	184109.8829876543	191191.0323333333	202945.73416	211401.8064166667	224779.4300869566	234996.67690909098	250090.36453968257	262594.8827666667	279513.2841754387	295041.79996296286	314049.84713725484	333176.0732083333	355387.8114222221	377642.52871428576	401240.22466666665	427903.0289444445	460087.1119393941	500303.0144666668	550987.1428148149	615298.068666667	698773.0211428577	809083.4829999993	966381.6447999991	1177954.9188333326	1470455.546444443	2141812.382666665	612157.9966666664
1067978.0	43223.28313333334	43659.88195286195	44105.390952380956	44560.08570446736	45024.253263888895	45219.9176	45700.98055319149	46192.38894623657	46694.48013043478	47207.60628571429	47732.13524444444	48268.45137078652	48556.784250000004	49114.90820689655	49686.01179069768	50270.553105882354	50869.01207142858	51481.891734939774	52109.71968292683	52534.085045267486	53190.76110833333	53864.061881856534	54554.626777777776	55263.12842424243	55990.2748508772	56592.643813333336	57357.409270270284	58143.12720547946	58950.6706388889	59780.9617746479	60634.975514285725	61484.065468599045	62388.242901960795	63319.41070646767	64278.79571717173	65267.700266666674	66287.50808333335	67468.2978941799	68556.49624731182	69680.37323497269	70841.7127888889	72042.41978531073	73612.01451724136	74903.45336842105	76241.01503571428	77627.2153090909	79621.57762962964	81123.87154716981	82683.946	84305.19984313726	85991.30384000001	88579.7496734694	90425.16112500001	92349.10072340426	94356.68986956523	97583.15223703704	99800.95115151517	102121.90350387596	105981.65974603174	108566.57827642276	111280.74273333333	114134.0951111111	118935.72326315791	122150.20227027028	125543.26344444446	131304.2575619048	135166.1474901961	139262.0913535354	146229.48302083337	150946.56311827953	159016.63902222217	164499.9714022988	170374.97038095238	180313.00637037036	187248.12199999997	198838.67362666666	207123.61836111115	220593.18930434788	230620.1524545455	246186.9948571429	258496.3446000001	276415.66607017553	291772.0919629629	312397.1999607843	333677.9625833333	355923.1600888888	380772.65509523806	406691.954	434676.91005555564	466803.30430303037	506095.8231333335	555892.2382962964	619860.5356666669	703197.7927619054	811507.3561111103	966381.6447999991	1177954.9188333326	1503349.48111111	2141812.382666665	612157.9966666664
1162638.0	43512.87555333333	43952.399548821544	44400.89342176871	44858.634591065296	45325.91203472223	45498.192771929826	45982.21609929078	46476.64853046596	46981.82949275362	47498.113333333335	48025.87014814815	48565.48666666667	48816.9565	49378.070942528735	49952.23455813954	50539.907905882355	51141.57347619048	51757.7370120482	52388.92892682927	52753.04955555556	53412.46267500001	54088.56979746836	54782.013	55493.467714285725	56223.64492105264	56973.29352000001	57503.52552252253	58291.24505022831	59100.845675925935	59933.25195305165	60789.44126666667	61670.44766183576	62418.357147058836	63349.97441791046	64309.82251515153	65299.20440000001	66319.50446875	67339.69075132276	68425.81479569893	69547.5494644809	70706.6752888889	71905.0935141243	73284.53047126436	74570.22398830409	75901.83513095239	77281.86849696969	78713.01420987655	80556.54418867923	82105.7085	83715.62435294119	85389.93684	87746.22840816327	89574.27483333334	91480.11046808511	93468.80852173915	96453.50520000001	98645.63031818184	100939.71474418604	104553.37739682538	107103.45977235772	109781.04626666667	112595.94488888889	117137.62392982458	120303.50565765768	123645.26970370371	129130.21382857143	132928.16129411766	136956.2873939394	143614.03170833338	148246.74240860212	155978.11522222217	161356.6709195402	167119.40916666665	176685.1544691358	183480.73733333332	194738.04688	202852.1321666667	216128.9930724638	225953.03821212123	241602.0644761905	253682.16770000005	272101.4153684212	287218.16066666663	308935.1561960784	331922.0249583333	355923.1600888888	381346.2429523809	410062.85933333327	440582.95016666676	474192.9927878789	513483.6347333335	562328.6923703706	625378.7680833336	703197.7927619054	815235.1913333327	970900.1795999991	1196450.2549999992	1538980.9759999986	2177470.6849999987	612157.9966666664
1265689.0	43822.3695	44265.0196969697	44716.703571428574	45177.70051546393	45648.30156250001	45803.02689824562	46290.29314184397	46788.03822939069	47296.603862318836	47816.34676190476	48347.6395037037	48890.8714082397	49446.449492424246	49681.93463601532	50259.6315503876	50850.92133333333	51456.28944444445	52076.24473895584	52711.32089430894	53362.07794238683	53698.65215	54378.38192405063	55075.54066666667	55790.80742857143	56524.897000000004	57278.562293333336	57743.2028918919	58534.205671232885	59347.180750000014	60183.05653521128	61042.8144857143	61927.49295652175	62577.366009803925	63511.356547263684	64473.64982828283	65465.55213333333	66488.45138541667	67372.19501587302	68458.84332258065	69581.11944262296	70740.80476666668	71939.80145762712	73144.83650574712	74428.079251462	75757.1520952381	77134.55486060606	78562.97254320988	80198.16542138364	81740.43783333333	83343.19151633988	85010.05534666668	87132.5886122449	88947.85087500002	90840.35834042553	92815.14873913045	95545.89315555556	97717.39072727275	99989.8881860465	102370.5998095238	105863.60326829267	108510.19335	111292.506	115558.99607017545	118682.21218018018	121978.9402962963	127177.9916952381	130918.5208627451	134885.7487676768	141236.17137500003	145792.17690322577	153188.30048888887	158470.6556781609	164130.32195238097	173309.01691358024	179974.74833333332	190819.96682666667	198770.79877777782	211671.79008695658	221293.23509090912	236712.70669841272	248548.3420333334	267033.8607368422	287218.16066666663	304113.3465882353	328243.6034583333	354050.15995555546	379339.4570952381	410680.5693333333	444234.7642777778	480635.94563636376	521612.2920666669	570537.3719259261	632619.7789166671	708412.0407619053	820397.4248888883	973808.8273333324	1207977.0559999992	1538980.9759999986	2177470.6849999987	612157.9966666664
1377873.0	44147.85188666667	44593.789784511784	45048.82845578231	45513.2493676976	45987.345715277785	46471.42303859649	46619.5420212766	47120.82741935485	47633.01032608696	48156.450000000004	48691.52166666667	49238.61741573034	49798.14715909091	50014.79948659003	50596.36692248062	51191.61829803922	51801.042325396826	52425.15126907631	53064.48238211382	53719.59944855967	54029.103916666674	54713.01662447257	55414.46555555556	56134.13393939394	56872.740964912286	57631.04417777778	58052.59691891893	58847.83797260274	59665.16905555557	60505.52354929579	61369.888171428574	62259.306840579724	62838.191382352954	63776.0748358209	64742.37900000001	65738.41560000001	66765.57834375	67543.82362962964	68633.24013978495	69758.37522404372	70921.01481111112	72123.06590960451	73180.14286206895	74464.00501754387	75793.71939285715	77171.78701818181	78600.89418518519	80045.2927798742	81584.62533333333	83184.32386928106	84848.01034666668	86744.95443537415	88552.14098611113	90436.22909219858	92402.23407246379	94877.70760000001	97034.01913636365	99290.62423255813	101654.68671428571	104867.44370731707	107489.12980000001	110245.26133333333	114221.25615789475	117308.31713513515	120566.88150000002	125464.05287619049	129154.17207843138	133067.9348686869	139100.92841666672	143588.0551397849	150651.9161333333	155846.80979310343	161412.76728571428	170209.22276543212	176755.73133333333	187173.73826666668	194972.6440277778	207413.0074202899	216840.87139393942	231831.00819047622	243422.55860000008	261629.83371929833	281869.07522222213	298449.6090588235	323120.43075	350126.51035555545	375135.5468095238	408519.4153333333	444903.95011111116	484619.7428484849	528699.5402000002	579569.2134074076	632619.7789166671	714718.5920952386	820397.4248888883	978282.2295999991	1213625.224499999	1570606.5584444432	2205683.319666665	4023464.518666664
1500000.0	44482.28876	44931.6048080808	45390.09057142858	45858.02964948454	46335.71745833334	46823.46185263158	46965.79987943263	47470.808480286745	47986.79552898551	48514.12295238095	49053.16876296296	49604.32796254682	50168.013507575764	50370.53965517241	50956.24360465117	51555.72882352942	52169.4875	52798.03554216868	53441.914024390244	54101.69074074074	54391.09444166667	55079.589308016875	55785.737888888885	56510.22799134199	57253.78362280702	58017.167404444444	58801.18318018019	59209.976894977175	60032.33768518519	60877.86356807513	61747.54733333334	62642.43932367151	63174.88488235295	64117.7936119403	65089.27533333334	66090.64880000001	67123.3151875	68188.76463492063	68919.30667741936	70049.1313770492	71216.61690000001	72423.67820338983	73672.36231034482	74653.69980116958	75986.80158333333	77368.37979393938	78801.12756790123	80083.92992452829	81624.0055	83224.47619607844	84888.96572000001	86579.60239455783	88383.34411111113	90263.84079432624	92226.09820289857	94455.61705185186	96602.33562121214	98848.90156589147	101202.44684126983	104134.06931707317	106737.42105	109474.27799999999	113146.45242105264	116204.46464864866	119432.36644444447	124011.64954285715	127659.051	131527.50709090912	137226.30783333338	141652.96292473114	148374.3236444444	153490.67963218386	158972.4896190476	167391.01792592593	173829.134	183825.96058666668	191485.37561111114	203449.71550724644	212697.42984848487	227166.6271746032	238524.9585333334	256234.2722105264	276164.8244814814	292409.8141568627	317102.70962499996	344661.79279999994	369280.4922857143	403992.1273333333	442562.6999444445	485349.7637575758	533081.7171333334	587443.9335555558	641854.5434166669	722994.0330476197	826480.7142222214	984476.9098666658	1213625.224499999	1595267.0066666654	2255024.2216666653	4023464.518666664
