years	0.0	0.01	0.02	0.03	0.04	0.05	0.06	0.07	0.08	0.09	0.1	0.11	0.12	0.13	0.14	0.15	0.16	0.17	0.18	0.19	0.2	0.21	0.22	0.23	0.24	0.25	0.26	0.27	0.28	0.29	0.3	0.31	0.32	0.33	0.34	0.35	0.36	0.37	0.38	0.39	0.4	0.41	0.42	0.43	0.44	0.45	0.46	0.47	0.48	0.49	0.5	0.51	0.52	0.53	0.54	0.55	0.56	0.57	0.58	0.59	0.6	0.61	0.62	0.63	0.64	0.65	0.66	0.67	0.68	0.69	0.7	0.71	0.72	0.73	0.74	0.75	0.76	0.77	0.78	0.79	0.8	0.81	0.82	0.83	0.84	0.85	0.86	0.87	0.88	0.89	0.9	0.91	0.92	0.93	0.94	0.95	0.96	0.97	0.98	0.99
10000.0	8790.553776666668	8879.34724915825	8969.952833333335	9062.426573883164	9156.826850694446	9253.214501754386	9351.652953900712	9452.20836200717	9554.949757246379	9659.949205128205	9767.281974074074	9877.026715355807	9989.265655303034	10104.084800766286	10221.574158914731	10341.827972549021	10464.944972222225	10591.028646586348	10720.187532520325	10852.535526748972	10988.192220833334	11127.283261603376	11269.94073931624	11416.303606060608	11566.518127192983	11720.738368888891	11879.126725225227	12041.854488584477	12209.102467592595	12381.061657276998	12557.93396666667	12739.933009661838	12927.284965686276	13120.229517412938	13319.020873737376	13523.928887179489	13735.240276041668	13953.259962962964	14178.312543010756	14410.743896174867	14650.922961111113	14899.243689265537	15156.127201149426	15422.024169590646	15697.417458333333	15982.82504848485	16278.80329012346	16585.95052201258	16904.91110897436	17236.37995424837	17581.107553333335	17939.90566666667	18313.653701388892	18703.305907801423	19109.899514492758	19534.563948148152	19978.531310606068	20443.14831782946	20929.889944444447	21440.37506504065	21976.38444166667	22539.88147863248	23133.036254385966	23758.253450450455	24418.20493518519	25115.86793333334	25854.569931372553	26638.041747474752	27470.480552083343	28356.625086021504	29301.84592222222	30312.25440229885	31394.834916666667	32557.60658024692	33809.82221794872	35162.21510666667	36627.307402777784	38219.799028985515	39957.062621212135	41859.7798888889	43952.76888333335	46266.07250877195	48836.409870370364	51709.13986274509	54940.961104166665	58603.69184444444	62789.66983333333	67619.64443589744	73254.61480555557	79914.12524242427	87905.5377666667	97672.81974074077	109881.92220833339	125579.33966666678	146509.229611111	175811.0755333332	219763.8444166665	293018.459222222	439527.688833333	879055.377666666
10886.0	8790.553776666668	8879.34724915825	8969.952833333335	9062.426573883164	9156.826850694446	9253.214501754386	9351.652953900712	9452.20836200717	9554.949757246379	9659.949205128205	9767.281974074074	9877.026715355807	9989.265655303034	10104.084800766286	10221.574158914731	10341.827972549021	10464.944972222225	10591.028646586348	10720.187532520325	10852.535526748972	10988.192220833334	11127.283261603376	11269.94073931624	11416.303606060608	11566.518127192983	11720.738368888891	11879.126725225227	12041.854488584477	12209.102467592595	12381.061657276998	12557.93396666667	12739.933009661838	12927.284965686276	13120.229517412938	13319.020873737376	13523.928887179489	13735.240276041668	13953.259962962964	14178.312543010756	14410.743896174867	14650.922961111113	14899.243689265537	15156.127201149426	15422.024169590646	15697.417458333333	15982.82504848485	16278.80329012346	16585.95052201258	16904.91110897436	17236.37995424837	17581.107553333335	17939.90566666667	18313.653701388892	18703.305907801423	19109.899514492758	19534.563948148152	19978.531310606068	20443.14831782946	20929.889944444447	21440.37506504065	21976.38444166667	22539.88147863248	23133.036254385966	23758.253450450455	24418.20493518519	25115.86793333334	25854.569931372553	26638.041747474752	27470.480552083343	28356.625086021504	29301.84592222222	30312.25440229885	31394.834916666667	32557.60658024692	33809.82221794872	35162.21510666667	36627.307402777784	38219.799028985515	39957.062621212135	41859.7798888889	43952.76888333335	46266.07250877195	48836.409870370364	51709.13986274509	54940.961104166665	58603.69184444444	62789.66983333333	67619.64443589744	73254.61480555557	79914.12524242427	87905.5377666667	97672.81974074077	109881.92220833339	125579.33966666678	146509.229611111	175811.0755333332	219763.8444166665	293018.459222222	439527.688833333	879055.377666666
11851.0	8790.553776666668	8879.34724915825	8969.952833333335	9062.426573883164	9156.826850694446	9253.214501754386	9351.652953900712	9452.20836200717	9554.949757246379	9659.949205128205	9767.281974074074	9877.026715355807	9989.265655303034	10104.084800766286	10221.574158914731	10341.827972549021	10464.944972222225	10591.028646586348	10720.187532520325	10852.535526748972	10988.192220833334	11127.283261603376	11269.94073931624	11416.303606060608	11566.518127192983	11720.738368888891	11879.126725225227	12041.854488584477	12209.102467592595	12381.061657276998	12557.93396666667	12739.933009661838	12927.284965686276	13120.229517412938	13319.020873737376	13523.928887179489	13735.240276041668	13953.259962962964	14178.312543010756	14410.743896174867	14650.922961111113	14899.243689265537	15156.127201149426	15422.024169590646	15697.417458333333	15982.82504848485	16278.80329012346	16585.95052201258	16904.91110897436	17236.37995424837	17581.107553333335	17939.90566666667	18313.653701388892	18703.305907801423	19109.899514492758	19534.563948148152	19978.531310606068	20443.14831782946	20929.889944444447	21440.37506504065	21976.38444166667	22539.88147863248	23133.036254385966	23758.253450450455	24418.20493518519	25115.86793333334	25854.569931372553	26638.041747474752	27470.480552083343	28356.625086021504	29301.84592222222	30312.25440229885	31394.834916666667	32557.60658024692	33809.82221794872	35162.21510666667	36627.307402777784	38219.799028985515	39957.062621212135	41859.7798888889	43952.76888333335	46266.07250877195	48836.409870370364	51709.13986274509	54940.961104166665	58603.69184444444	62789.66983333333	67619.64443589744	73254.61480555557	79914.12524242427	87905.5377666667	97672.81974074077	109881.92220833339	125579.33966666678	146509.229611111	175811.0755333332	219763.8444166665	293018.459222222	439527.688833333	879055.377666666
12902.0	8790.553776666668	8879.34724915825	8969.952833333335	9062.426573883164	9156.826850694446	9253.214501754386	9351.652953900712	9452.20836200717	9554.949757246379	9659.949205128205	9767.281974074074	9877.026715355807	9989.265655303034	10104.084800766286	10221.574158914731	10341.827972549021	10464.944972222225	10591.028646586348	10720.187532520325	10852.535526748972	10988.192220833334	11127.283261603376	11269.94073931624	11416.303606060608	11566.518127192983	11720.738368888891	11879.126725225227	12041.854488584477	12209.102467592595	12381.061657276998	12557.93396666667	12739.933009661838	12927.284965686276	13120.229517412938	13319.020873737376	13523.928887179489	13735.240276041668	13953.259962962964	14178.312543010756	14410.743896174867	14650.922961111113	14899.243689265537	15156.127201149426	15422.024169590646	15697.417458333333	15982.82504848485	16278.80329012346	16585.95052201258	16904.91110897436	17236.37995424837	17581.107553333335	17939.90566666667	18313.653701388892	18703.305907801423	19109.899514492758	19534.563948148152	19978.531310606068	20443.14831782946	20929.889944444447	21440.37506504065	21976.38444166667	22539.88147863248	23133.036254385966	23758.253450450455	24418.20493518519	25115.86793333334	25854.569931372553	26638.041747474752	27470.480552083343	28356.625086021504	29301.84592222222	30312.25440229885	31394.834916666667	32557.60658024692	33809.82221794872	35162.21510666667	36627.307402777784	38219.799028985515	39957.062621212135	41859.7798888889	43952.76888333335	46266.07250877195	48836.409870370364	51709.13986274509	54940.961104166665	58603.69184444444	62789.66983333333	67619.64443589744	73254.61480555557	79914.12524242427	87905.5377666667	97672.81974074077	109881.92220833339	125579.33966666678	146509.229611111	175811.0755333332	219763.8444166665	293018.459222222	439527.688833333	879055.377666666
14046.0	8790.553776666668	8879.34724915825	8969.952833333335	9062.426573883164	9156.826850694446	9253.214501754386	9351.652953900712	9452.20836200717	9554.949757246379	9659.949205128205	9767.281974074074	9877.026715355807	9989.265655303034	10104.084800766286	10221.574158914731	10341.827972549021	10464.944972222225	10591.028646586348	10720.187532520325	10852.535526748972	10988.192220833334	11127.283261603376	11269.94073931624	11416.303606060608	11566.518127192983	11720.738368888891	11879.126725225227	12041.854488584477	12209.102467592595	12381.061657276998	12557.93396666667	12739.933009661838	12927.284965686276	13120.229517412938	13319.020873737376	13523.928887179489	13735.240276041668	13953.259962962964	14178.312543010756	14410.743896174867	14650.922961111113	14899.243689265537	15156.127201149426	15422.024169590646	15697.417458333333	15982.82504848485	16278.80329012346	16585.95052201258	16904.91110897436	17236.37995424837	17581.107553333335	17939.90566666667	18313.653701388892	18703.305907801423	19109.899514492758	19534.563948148152	19978.531310606068	20443.14831782946	20929.889944444447	21440.37506504065	21976.38444166667	22539.88147863248	23133.036254385966	23758.253450450455	24418.20493518519	25115.86793333334	25854.569931372553	26638.041747474752	27470.480552083343	28356.625086021504	29301.84592222222	30312.25440229885	31394.834916666667	32557.60658024692	33809.82221794872	35162.21510666667	36627.307402777784	38219.799028985515	39957.062621212135	41859.7798888889	43952.76888333335	46266.07250877195	48836.409870370364	51709.13986274509	54940.961104166665	58603.69184444444	62789.66983333333	67619.64443589744	73254.61480555557	79914.12524242427	87905.5377666667	97672.81974074077	109881.92220833339	125579.33966666678	146509.229611111	175811.0755333332	219763.8444166665	293018.459222222	439527.688833333	879055.377666666
15291.0	8790.553776666668	8879.34724915825	8969.952833333335	9062.426573883164	9156.826850694446	9253.214501754386	9351.652953900712	9452.20836200717	9554.949757246379	9659.949205128205	9767.281974074074	9877.026715355807	9989.265655303034	10104.084800766286	10221.574158914731	10341.827972549021	10464.944972222225	10591.028646586348	10720.187532520325	10852.535526748972	10988.192220833334	11127.283261603376	11269.94073931624	11416.303606060608	11566.518127192983	11720.738368888891	11879.126725225227	12041.854488584477	12209.102467592595	12381.061657276998	12557.93396666667	12739.933009661838	12927.284965686276	13120.229517412938	13319.020873737376	13523.928887179489	13735.240276041668	13953.259962962964	14178.312543010756	14410.743896174867	14650.922961111113	14899.243689265537	15156.127201149426	15422.024169590646	15697.417458333333	15982.82504848485	16278.80329012346	16585.95052201258	16904.91110897436	17236.37995424837	17581.107553333335	17939.90566666667	18313.653701388892	18703.305907801423	19109.899514492758	19534.563948148152	19978.531310606068	20443.14831782946	20929.889944444447	21440.37506504065	21976.38444166667	22539.88147863248	23133.036254385966	23758.253450450455	24418.20493518519	25115.86793333334	25854.569931372553	26638.041747474752	27470.480552083343	28356.625086021504	29301.84592222222	30312.25440229885	31394.834916666667	32557.60658024692	33809.82221794872	35162.21510666667	36627.307402777784	38219.799028985515	39957.062621212135	41859.7798888889	43952.76888333335	46266.07250877195	48836.409870370364	51709.13986274509	54940.961104166665	58603.69184444444	62789.66983333333	67619.64443589744	73254.61480555557	79914.12524242427	87905.5377666667	97672.81974074077	109881.92220833339	125579.33966666678	146509.229611111	175811.0755333332	219763.8444166665	293018.459222222	439527.688833333	879055.377666666
16646.0	8790.553776666668	8879.34724915825	8969.952833333335	9062.426573883164	9156.826850694446	9253.214501754386	9351.652953900712	9452.20836200717	9554.949757246379	9659.949205128205	9767.281974074074	9877.026715355807	9989.265655303034	10104.084800766286	10221.574158914731	10341.827972549021	10464.944972222225	10591.028646586348	10720.187532520325	10852.535526748972	10988.192220833334	11127.283261603376	11269.94073931624	11416.303606060608	11566.518127192983	11720.738368888891	11879.126725225227	12041.854488584477	12209.102467592595	12381.061657276998	12557.93396666667	12739.933009661838	12927.284965686276	13120.229517412938	13319.020873737376	13523.928887179489	13735.240276041668	13953.259962962964	14178.312543010756	14410.743896174867	14650.922961111113	14899.243689265537	15156.127201149426	15422.024169590646	15697.417458333333	15982.82504848485	16278.80329012346	16585.95052201258	16904.91110897436	17236.37995424837	17581.107553333335	17939.90566666667	18313.653701388892	18703.305907801423	19109.899514492758	19534.563948148152	19978.531310606068	20443.14831782946	20929.889944444447	21440.37506504065	21976.38444166667	22539.88147863248	23133.036254385966	23758.253450450455	24418.20493518519	25115.86793333334	25854.569931372553	26638.041747474752	27470.480552083343	28356.625086021504	29301.84592222222	30312.25440229885	31394.834916666667	32557.60658024692	33809.82221794872	35162.21510666667	36627.307402777784	38219.799028985515	39957.062621212135	41859.7798888889	43952.76888333335	46266.07250877195	48836.409870370364	51709.13986274509	54940.961104166665	58603.69184444444	62789.66983333333	67619.64443589744	73254.61480555557	79914.12524242427	87905.5377666667	97672.81974074077	109881.92220833339	125579.33966666678	146509.229611111	175811.0755333332	219763.8444166665	293018.459222222	439527.688833333	879055.377666666
18122.0	8790.553776666668	8879.34724915825	8969.952833333335	9062.426573883164	9156.826850694446	9253.214501754386	9351.652953900712	9452.20836200717	9554.949757246379	9659.949205128205	9767.281974074074	9877.026715355807	9989.265655303034	10104.084800766286	10221.574158914731	10341.827972549021	10464.944972222225	10591.028646586348	10720.187532520325	10852.535526748972	10988.192220833334	11127.283261603376	11269.94073931624	11416.303606060608	11566.518127192983	11720.738368888891	11879.126725225227	12041.854488584477	12209.102467592595	12381.061657276998	12557.93396666667	12739.933009661838	12927.284965686276	13120.229517412938	13319.020873737376	13523.928887179489	13735.240276041668	13953.259962962964	14178.312543010756	14410.743896174867	14650.922961111113	14899.243689265537	15156.127201149426	15422.024169590646	15697.417458333333	15982.82504848485	16278.80329012346	16585.95052201258	16904.91110897436	17236.37995424837	17581.107553333335	17939.90566666667	18313.653701388892	18703.305907801423	19109.899514492758	19534.563948148152	19978.531310606068	20443.14831782946	20929.889944444447	21440.37506504065	21976.38444166667	22539.88147863248	23133.036254385966	23758.253450450455	24418.20493518519	25115.86793333334	25854.569931372553	26638.041747474752	27470.480552083343	28356.625086021504	29301.84592222222	30312.25440229885	31394.834916666667	32557.60658024692	33809.82221794872	35162.21510666667	36627.307402777784	38219.799028985515	39957.062621212135	41859.7798888889	43952.76888333335	46266.07250877195	48836.409870370364	51709.13986274509	54940.961104166665	58603.69184444444	62789.66983333333	67619.64443589744	73254.61480555557	79914.12524242427	87905.5377666667	97672.81974074077	109881.92220833339	125579.33966666678	146509.229611111	175811.0755333332	219763.8444166665	293018.459222222	439527.688833333	879055.377666666
19728.0	8790.553776666668	8879.34724915825	8969.952833333335	9062.426573883164	9156.826850694446	9253.214501754386	9351.652953900712	9452.20836200717	9554.949757246379	9659.949205128205	9767.281974074074	9877.026715355807	9989.265655303034	10104.084800766286	10221.574158914731	10341.827972549021	10464.944972222225	10591.028646586348	10720.187532520325	10852.535526748972	10988.192220833334	11127.283261603376	11269.94073931624	11416.303606060608	11566.518127192983	11720.738368888891	11879.126725225227	12041.854488584477	12209.102467592595	12381.061657276998	12557.93396666667	12739.933009661838	12927.284965686276	13120.229517412938	13319.020873737376	13523.928887179489	13735.240276041668	13953.259962962964	14178.312543010756	14410.743896174867	14650.922961111113	14899.243689265537	15156.127201149426	15422.024169590646	15697.417458333333	15982.82504848485	16278.80329012346	16585.95052201258	16904.91110897436	17236.37995424837	17581.107553333335	17939.90566666667	18313.653701388892	18703.305907801423	19109.899514492758	19534.563948148152	19978.531310606068	20443.14831782946	20929.889944444447	21440.37506504065	21976.38444166667	22539.88147863248	23133.036254385966	23758.253450450455	24418.20493518519	25115.86793333334	25854.569931372553	26638.041747474752	27470.480552083343	28356.625086021504	29301.84592222222	30312.25440229885	31394.834916666667	32557.60658024692	33809.82221794872	35162.21510666667	36627.307402777784	38219.799028985515	39957.062621212135	41859.7798888889	43952.76888333335	46266.07250877195	48836.409870370364	51709.13986274509	54940.961104166665	58603.69184444444	62789.66983333333	67619.64443589744	73254.61480555557	79914.12524242427	87905.5377666667	97672.81974074077	109881.92220833339	125579.33966666678	146509.229611111	175811.0755333332	219763.8444166665	293018.459222222	439527.688833333	879055.377666666
21476.0	70966.71711000001	71683.55263636365	72415.01745918368	73161.56403092785	73923.66365625002	74701.80748421054	75496.50756382981	9452.20836200717	9554.949757246379	9659.949205128205	9767.281974074074	9877.026715355807	9989.265655303034	10104.084800766286	10221.574158914731	10341.827972549021	10464.944972222225	10591.028646586348	10720.187532520325	10852.535526748972	10988.192220833334	11127.283261603376	11269.94073931624	11416.303606060608	11566.518127192983	11720.738368888891	11879.126725225227	12041.854488584477	12209.102467592595	12381.061657276998	12557.93396666667	12739.933009661838	12927.284965686276	13120.229517412938	13319.020873737376	13523.928887179489	13735.240276041668	13953.259962962964	14178.312543010756	14410.743896174867	14650.922961111113	14899.243689265537	15156.127201149426	15422.024169590646	15697.417458333333	15982.82504848485	16278.80329012346	16585.95052201258	16904.91110897436	17236.37995424837	17581.107553333335	17939.90566666667	18313.653701388892	18703.305907801423	19109.899514492758	19534.563948148152	19978.531310606068	20443.14831782946	20929.889944444447	21440.37506504065	21976.38444166667	22539.88147863248	23133.036254385966	23758.253450450455	24418.20493518519	25115.86793333334	25854.569931372553	26638.041747474752	27470.480552083343	28356.625086021504	29301.84592222222	30312.25440229885	31394.834916666667	32557.60658024692	33809.82221794872	35162.21510666667	36627.307402777784	38219.799028985515	39957.062621212135	41859.7798888889	43952.76888333335	46266.07250877195	48836.409870370364	51709.13986274509	54940.961104166665	58603.69184444444	62789.66983333333	67619.64443589744	73254.61480555557	79914.12524242427	87905.5377666667	97672.81974074077	109881.92220833339	125579.33966666678	146509.229611111	175811.0755333332	219763.8444166665	293018.459222222	439527.688833333	879055.377666666
23380.0	70966.71711000001	71683.55263636365	72415.01745918368	73161.56403092785	73923.66365625002	74701.80748421054	75496.50756382981	76308.29796774195	77137.73598913045	77985.40341758242	78851.9079	79737.88439325844	80643.99671590912	81570.93920689657	82519.43850000002	10341.827972549021	10464.944972222225	10591.028646586348	10720.187532520325	10852.535526748972	10988.192220833334	11127.283261603376	11269.94073931624	11416.303606060608	11566.518127192983	11720.738368888891	11879.126725225227	12041.854488584477	12209.102467592595	12381.061657276998	12557.93396666667	12739.933009661838	12927.284965686276	13120.229517412938	13319.020873737376	13523.928887179489	13735.240276041668	13953.259962962964	14178.312543010756	14410.743896174867	14650.922961111113	14899.243689265537	15156.127201149426	15422.024169590646	15697.417458333333	15982.82504848485	16278.80329012346	16585.95052201258	16904.91110897436	17236.37995424837	17581.107553333335	17939.90566666667	18313.653701388892	18703.305907801423	19109.899514492758	19534.563948148152	19978.531310606068	20443.14831782946	20929.889944444447	21440.37506504065	21976.38444166667	22539.88147863248	23133.036254385966	23758.253450450455	24418.20493518519	25115.86793333334	25854.569931372553	26638.041747474752	27470.480552083343	28356.625086021504	29301.84592222222	30312.25440229885	31394.834916666667	32557.60658024692	33809.82221794872	35162.21510666667	36627.307402777784	38219.799028985515	39957.062621212135	41859.7798888889	43952.76888333335	46266.07250877195	48836.409870370364	51709.13986274509	54940.961104166665	58603.69184444444	62789.66983333333	67619.64443589744	73254.61480555557	79914.12524242427	87905.5377666667	97672.81974074077	109881.92220833339	125579.33966666678	146509.229611111	175811.0755333332	219763.8444166665	293018.459222222	439527.688833333	879055.377666666
25452.0	71367.50383333334	72088.38771043772	72823.98350340137	73574.74621993129	73923.66365625002	74701.80748421054	75496.50756382981	76308.29796774195	77137.73598913045	77985.40341758242	78851.9079	79737.88439325844	80643.99671590912	81570.93920689657	82519.43850000002	83490.25542352942	84484.18703571432	85502.06880722893	86544.77696341464	87613.231	88708.39638750002	89831.28748101267	11269.94073931624	11416.303606060608	11566.518127192983	11720.738368888891	11879.126725225227	12041.854488584477	12209.102467592595	12381.061657276998	12557.93396666667	12739.933009661838	12927.284965686276	13120.229517412938	13319.020873737376	13523.928887179489	13735.240276041668	13953.259962962964	14178.312543010756	14410.743896174867	14650.922961111113	14899.243689265537	15156.127201149426	15422.024169590646	15697.417458333333	15982.82504848485	16278.80329012346	16585.95052201258	16904.91110897436	17236.37995424837	17581.107553333335	17939.90566666667	18313.653701388892	18703.305907801423	19109.899514492758	19534.563948148152	19978.531310606068	20443.14831782946	20929.889944444447	21440.37506504065	21976.38444166667	22539.88147863248	23133.036254385966	23758.253450450455	24418.20493518519	25115.86793333334	25854.569931372553	26638.041747474752	27470.480552083343	28356.625086021504	29301.84592222222	30312.25440229885	31394.834916666667	32557.60658024692	33809.82221794872	35162.21510666667	36627.307402777784	38219.799028985515	39957.062621212135	41859.7798888889	43952.76888333335	46266.07250877195	48836.409870370364	51709.13986274509	54940.961104166665	58603.69184444444	62789.66983333333	67619.64443589744	73254.61480555557	79914.12524242427	87905.5377666667	97672.81974074077	109881.92220833339	125579.33966666678	146509.229611111	175811.0755333332	219763.8444166665	293018.459222222	439527.688833333	879055.377666666
27709.0	71367.50383333334	72088.38771043772	72823.98350340137	73574.74621993129	74341.14982638891	75123.68824561404	75922.87641843973	76739.25143369178	77573.37373188407	78425.82838827839	79297.22648148148	80188.20655430712	80643.99671590912	81570.93920689657	82519.43850000002	83490.25542352942	84484.18703571432	85502.06880722893	86544.77696341464	87613.231	88708.39638750002	89831.28748101267	90982.97065384616	92164.5676753247	93377.25935526317	94622.28948000002	95900.96906756758	97214.68097260276	12209.102467592595	12381.061657276998	12557.93396666667	12739.933009661838	12927.284965686276	13120.229517412938	13319.020873737376	13523.928887179489	13735.240276041668	13953.259962962964	14178.312543010756	14410.743896174867	14650.922961111113	14899.243689265537	15156.127201149426	15422.024169590646	15697.417458333333	15982.82504848485	16278.80329012346	16585.95052201258	16904.91110897436	17236.37995424837	17581.107553333335	17939.90566666667	18313.653701388892	18703.305907801423	19109.899514492758	19534.563948148152	19978.531310606068	20443.14831782946	20929.889944444447	21440.37506504065	21976.38444166667	22539.88147863248	23133.036254385966	23758.253450450455	24418.20493518519	25115.86793333334	25854.569931372553	26638.041747474752	27470.480552083343	28356.625086021504	29301.84592222222	30312.25440229885	31394.834916666667	32557.60658024692	33809.82221794872	35162.21510666667	36627.307402777784	38219.799028985515	39957.062621212135	41859.7798888889	43952.76888333335	46266.07250877195	48836.409870370364	51709.13986274509	54940.961104166665	58603.69184444444	62789.66983333333	67619.64443589744	73254.61480555557	79914.12524242427	87905.5377666667	97672.81974074077	109881.92220833339	125579.33966666678	146509.229611111	175811.0755333332	219763.8444166665	293018.459222222	439527.688833333	879055.377666666
30165.0	72816.09211666667	73551.60819865321	74302.13481292517	75068.13620274916	74341.14982638891	75123.68824561404	75922.87641843973	76739.25143369178	77573.37373188407	78425.82838827839	79297.22648148148	80188.20655430712	81099.43617424245	82031.61360153258	82985.46957364342	83961.76921568629	84961.31408730161	85984.94437751005	87033.54126016262	87613.231	88708.39638750002	89831.28748101267	90982.97065384616	92164.5676753247	93377.25935526317	94622.28948000002	95900.96906756758	97214.68097260276	98564.88487500002	99953.12269014087	101381.02444285718	102850.31465217394	104362.81927941178	105920.4732985075	13319.020873737376	13523.928887179489	13735.240276041668	13953.259962962964	14178.312543010756	14410.743896174867	14650.922961111113	14899.243689265537	15156.127201149426	15422.024169590646	15697.417458333333	15982.82504848485	16278.80329012346	16585.95052201258	16904.91110897436	17236.37995424837	17581.107553333335	17939.90566666667	18313.653701388892	18703.305907801423	19109.899514492758	19534.563948148152	19978.531310606068	20443.14831782946	20929.889944444447	21440.37506504065	21976.38444166667	22539.88147863248	23133.036254385966	23758.253450450455	24418.20493518519	25115.86793333334	25854.569931372553	26638.041747474752	27470.480552083343	28356.625086021504	29301.84592222222	30312.25440229885	31394.834916666667	32557.60658024692	33809.82221794872	35162.21510666667	36627.307402777784	38219.799028985515	39957.062621212135	41859.7798888889	43952.76888333335	46266.07250877195	48836.409870370364	51709.13986274509	54940.961104166665	58603.69184444444	62789.66983333333	67619.64443589744	73254.61480555557	79914.12524242427	87905.5377666667	97672.81974074077	109881.92220833339	125579.33966666678	146509.229611111	175811.0755333332	219763.8444166665	293018.459222222	439527.688833333	879055.377666666
32838.0	72816.09211666667	73551.60819865321	74302.13481292517	75068.13620274916	75850.09595486113	76648.51801754387	77463.92778368796	78296.87324372762	79147.92621376812	80017.68364468864	80906.76901851852	81815.83383895132	81099.43617424245	82031.61360153258	82985.46957364342	83961.76921568629	84961.31408730161	85984.94437751005	87033.54126016262	88108.02942386831	89209.37979166668	90338.61244725739	91496.79978632479	92685.06991341992	93904.61030701754	95156.6717777778	95900.96906756758	97214.68097260276	98564.88487500002	99953.12269014087	101381.02444285718	102850.31465217394	104362.81927941178	105920.4732985075	107525.32895454548	109179.5647846154	110885.49548437502	112645.58271428573	114462.44695161293	14410.743896174867	14650.922961111113	14899.243689265537	15156.127201149426	15422.024169590646	15697.417458333333	15982.82504848485	16278.80329012346	16585.95052201258	16904.91110897436	17236.37995424837	17581.107553333335	17939.90566666667	18313.653701388892	18703.305907801423	19109.899514492758	19534.563948148152	19978.531310606068	20443.14831782946	20929.889944444447	21440.37506504065	21976.38444166667	22539.88147863248	23133.036254385966	23758.253450450455	24418.20493518519	25115.86793333334	25854.569931372553	26638.041747474752	27470.480552083343	28356.625086021504	29301.84592222222	30312.25440229885	31394.834916666667	32557.60658024692	33809.82221794872	35162.21510666667	36627.307402777784	38219.799028985515	39957.062621212135	41859.7798888889	43952.76888333335	46266.07250877195	48836.409870370364	51709.13986274509	54940.961104166665	58603.69184444444	62789.66983333333	67619.64443589744	73254.61480555557	79914.12524242427	87905.5377666667	97672.81974074077	109881.92220833339	125579.33966666678	146509.229611111	175811.0755333332	219763.8444166665	293018.459222222	439527.688833333	879055.377666666
35749.0	74109.52141666667	74858.10244107746	75621.96062925171	76401.5684707904	75850.09595486113	76648.51801754387	77463.92778368796	78296.87324372762	79147.92621376812	80017.68364468864	80906.76901851852	81815.83383895132	82745.55922348487	83696.657605364	84669.87455426359	85665.9907254902	86685.82394841273	87730.23146586347	88800.11233739839	88108.02942386831	89209.37979166668	90338.61244725739	91496.79978632479	92685.06991341992	93904.61030701754	95156.6717777778	96442.57274774776	97763.70388127856	99121.53310185186	100517.61103286388	101953.57690476193	103431.16497584543	104362.81927941178	105920.4732985075	107525.32895454548	109179.5647846154	110885.49548437502	112645.58271428573	114462.44695161293	116338.88050819674	118277.86185000002	120282.57137288136	122356.40881034483	124503.01247368423	15697.417458333333	15982.82504848485	16278.80329012346	16585.95052201258	16904.91110897436	17236.37995424837	17581.107553333335	17939.90566666667	18313.653701388892	18703.305907801423	19109.899514492758	19534.563948148152	19978.531310606068	20443.14831782946	20929.889944444447	21440.37506504065	21976.38444166667	22539.88147863248	23133.036254385966	23758.253450450455	24418.20493518519	25115.86793333334	25854.569931372553	26638.041747474752	27470.480552083343	28356.625086021504	29301.84592222222	30312.25440229885	31394.834916666667	32557.60658024692	33809.82221794872	35162.21510666667	36627.307402777784	38219.799028985515	39957.062621212135	41859.7798888889	43952.76888333335	46266.07250877195	48836.409870370364	51709.13986274509	54940.961104166665	58603.69184444444	62789.66983333333	67619.64443589744	73254.61480555557	79914.12524242427	87905.5377666667	97672.81974074077	109881.92220833339	125579.33966666678	146509.229611111	175811.0755333332	219763.8444166665	293018.459222222	439527.688833333	879055.377666666
38918.0	74109.52141666667	74858.10244107746	75621.96062925171	76401.5684707904	77197.41814236113	78010.02254385965	78839.91640070925	79687.65743727601	80553.8276268116	81439.03452380953	82343.91268518519	83269.12518726593	82745.55922348487	83696.657605364	84669.87455426359	85665.9907254902	86685.82394841273	87730.23146586347	88800.11233739839	89896.41002057614	91020.11514583335	92172.26850210971	93353.96425213676	94566.35339826842	95810.64752192983	95156.6717777778	96442.57274774776	97763.70388127856	99121.53310185186	100517.61103286388	101953.57690476193	103431.16497584543	104952.21151960787	106518.66243781097	108132.58156565658	109796.15974358976	111511.72473958334	113281.75211640212	114462.44695161293	116338.88050819674	118277.86185000002	120282.57137288136	122356.40881034483	124503.01247368423	126726.28055357143	129030.39474545457	131419.84650000004	133899.46624528302	136474.45598076924	17236.37995424837	17581.107553333335	17939.90566666667	18313.653701388892	18703.305907801423	19109.899514492758	19534.563948148152	19978.531310606068	20443.14831782946	20929.889944444447	21440.37506504065	21976.38444166667	22539.88147863248	23133.036254385966	23758.253450450455	24418.20493518519	25115.86793333334	25854.569931372553	26638.041747474752	27470.480552083343	28356.625086021504	29301.84592222222	30312.25440229885	31394.834916666667	32557.60658024692	33809.82221794872	35162.21510666667	36627.307402777784	38219.799028985515	39957.062621212135	41859.7798888889	43952.76888333335	46266.07250877195	48836.409870370364	51709.13986274509	54940.961104166665	58603.69184444444	62789.66983333333	67619.64443589744	73254.61480555557	79914.12524242427	87905.5377666667	97672.81974074077	109881.92220833339	125579.33966666678	146509.229611111	175811.0755333332	219763.8444166665	293018.459222222	439527.688833333	879055.377666666
42367.0	74650.72045333334	75404.76813468015	76174.20454421769	76959.50562199314	77761.16713888891	78579.7057403509	78839.91640070925	79687.65743727601	80553.8276268116	81439.03452380953	82343.91268518519	83269.12518726593	84215.36524621214	85183.35795019158	86173.86211240312	87187.67225490198	88225.620734127	89288.58002008034	90377.46514227643	89896.41002057614	91020.11514583335	92172.26850210971	93353.96425213676	94566.35339826842	95810.64752192983	97088.12282222224	98400.124481982	99748.07139269408	101133.46127314816	102557.8762206573	104022.98873809526	105530.56828502417	104952.21151960787	106518.66243781097	108132.58156565658	109796.15974358976	111511.72473958334	113281.75211640212	115108.87715053765	116995.90792349729	118945.83972222224	120961.8709039548	123047.42040229886	124503.01247368423	126726.28055357143	129030.39474545457	131419.84650000004	133899.46624528302	136474.45598076924	139150.42570588237	141933.43422000002	144830.03491836737	147847.32731250004	18703.305907801423	19109.899514492758	19534.563948148152	19978.531310606068	20443.14831782946	20929.889944444447	21440.37506504065	21976.38444166667	22539.88147863248	23133.036254385966	23758.253450450455	24418.20493518519	25115.86793333334	25854.569931372553	26638.041747474752	27470.480552083343	28356.625086021504	29301.84592222222	30312.25440229885	31394.834916666667	32557.60658024692	33809.82221794872	35162.21510666667	36627.307402777784	38219.799028985515	39957.062621212135	41859.7798888889	43952.76888333335	46266.07250877195	48836.409870370364	51709.13986274509	54940.961104166665	58603.69184444444	62789.66983333333	67619.64443589744	73254.61480555557	79914.12524242427	87905.5377666667	97672.81974074077	109881.92220833339	125579.33966666678	146509.229611111	175811.0755333332	219763.8444166665	293018.459222222	439527.688833333	879055.377666666
46123.0	75142.98906333334	75404.76813468015	76174.20454421769	76959.50562199314	77761.16713888891	78579.7057403509	79415.66005673762	80269.59188530468	81142.08744927538	82033.75873992675	82945.24494814815	83877.21399250938	84830.36415151518	85805.42580842914	86173.86211240312	87187.67225490198	88225.620734127	89288.58002008034	90377.46514227643	91493.23631687243	92636.90177083334	93809.52078059073	95012.20694444445	96246.13170995672	97512.52817982457	98812.69522222223	98400.124481982	99748.07139269408	101133.46127314816	102557.8762206573	104022.98873809526	105530.56828502417	107082.48840686276	108680.73450248758	110327.41229797983	112024.75710256411	113775.14393229167	113281.75211640212	115108.87715053765	116995.90792349729	118945.83972222224	120961.8709039548	123047.42040229886	125206.14707602341	127441.97113095238	129759.0978787879	132162.0441358025	133899.46624528302	136474.45598076924	139150.42570588237	141933.43422000002	144830.03491836737	147847.32731250004	150993.01512765963	154275.4719782609	157703.81580000004	161287.99343181823	20443.14831782946	20929.889944444447	21440.37506504065	21976.38444166667	22539.88147863248	23133.036254385966	23758.253450450455	24418.20493518519	25115.86793333334	25854.569931372553	26638.041747474752	27470.480552083343	28356.625086021504	29301.84592222222	30312.25440229885	31394.834916666667	32557.60658024692	33809.82221794872	35162.21510666667	36627.307402777784	38219.799028985515	39957.062621212135	41859.7798888889	43952.76888333335	46266.07250877195	48836.409870370364	51709.13986274509	54940.961104166665	58603.69184444444	62789.66983333333	67619.64443589744	73254.61480555557	79914.12524242427	87905.5377666667	97672.81974074077	109881.92220833339	125579.33966666678	146509.229611111	175811.0755333332	219763.8444166665	293018.459222222	439527.688833333	879055.377666666
50211.0	75142.98906333334	75902.00915488217	76676.51945238096	77466.99903436427	78273.94694097224	79097.88322456142	79939.35006737591	80798.91297132618	81677.16202536233	82033.75873992675	82945.24494814815	83877.21399250938	84830.36415151518	85805.42580842914	86803.16331782947	87824.37700392159	88869.90530158734	89940.62705220886	91037.46396747969	92161.38327572017	93313.40056666668	93809.52078059073	95012.20694444445	96246.13170995672	97512.52817982457	98812.69522222223	100148.00191441442	101519.89235159819	102929.89085648149	104379.607629108	105870.7448809524	107405.10350241548	107082.48840686276	108680.73450248758	110327.41229797983	112024.75710256411	113775.14393229167	115581.09859788361	117445.30986559142	119370.64281420768	121360.1535277778	123417.10528248588	123047.42040229886	125206.14707602341	127441.97113095238	129759.0978787879	132162.0441358025	134655.6676100629	137245.19967948718	139936.2820261438	142735.00766666667	145647.96700680273	147847.32731250004	150993.01512765963	154275.4719782609	157703.81580000004	161287.99343181823	165038.877	168968.3740714286	173089.55392682928	177416.79277500004	22539.88147863248	23133.036254385966	23758.253450450455	24418.20493518519	25115.86793333334	25854.569931372553	26638.041747474752	27470.480552083343	28356.625086021504	29301.84592222222	30312.25440229885	31394.834916666667	32557.60658024692	33809.82221794872	35162.21510666667	36627.307402777784	38219.799028985515	39957.062621212135	41859.7798888889	43952.76888333335	46266.07250877195	48836.409870370364	51709.13986274509	54940.961104166665	58603.69184444444	62789.66983333333	67619.64443589744	73254.61480555557	79914.12524242427	87905.5377666667	97672.81974074077	109881.92220833339	125579.33966666678	146509.229611111	175811.0755333332	219763.8444166665	293018.459222222	439527.688833333	879055.377666666
54661.0	74636.08635333333	75389.98621548823	76159.27178911565	76944.41892096221	77745.92328472223	79097.88322456142	79939.35006737591	80798.91297132618	81677.16202536233	82574.71325641026	83492.21007037036	84430.32479026218	85389.76029924245	86371.25179693488	87375.56867829458	88403.51654509806	89455.93936111113	89940.62705220886	91037.46396747969	92161.38327572017	93313.40056666668	94494.58285232069	95706.05186324788	96948.98760173163	98224.6321754386	99534.2939377778	100879.35196396397	102261.2608949772	102929.89085648149	104379.607629108	105870.7448809524	107405.10350241548	108984.59031862747	110611.2259950249	112287.15366161619	114014.64833333335	115796.12721354168	117634.16097883598	117445.30986559142	119370.64281420768	121360.1535277778	123417.10528248588	125544.98640804598	127747.53002923979	130028.73592261905	132392.89475757576	134844.61503086422	134655.6676100629	137245.19967948718	139936.2820261438	142735.00766666667	145647.96700680273	148682.29965277782	151845.75283687946	155146.74746376814	158594.452962963	161287.99343181823	165038.877	168968.3740714286	173089.55392682928	177416.79277500004	181965.94130769232	186754.51871052635	191801.93813513516	24418.20493518519	25115.86793333334	25854.569931372553	26638.041747474752	27470.480552083343	28356.625086021504	29301.84592222222	30312.25440229885	31394.834916666667	32557.60658024692	33809.82221794872	35162.21510666667	36627.307402777784	38219.799028985515	39957.062621212135	41859.7798888889	43952.76888333335	46266.07250877195	48836.409870370364	51709.13986274509	54940.961104166665	58603.69184444444	62789.66983333333	67619.64443589744	73254.61480555557	79914.12524242427	87905.5377666667	97672.81974074077	109881.92220833339	125579.33966666678	146509.229611111	175811.0755333332	219763.8444166665	293018.459222222	439527.688833333	879055.377666666
59506.0	72742.09610333333	75389.98621548823	76159.27178911565	76944.41892096221	77745.92328472223	78564.30142456142	79400.09186524825	80253.85629390682	81126.18081884058	82017.6773113553	82928.98483703703	83860.77118352061	85389.76029924245	86371.25179693488	87375.56867829458	88403.51654509806	89455.93936111113	90533.72176305222	91637.79154065042	92769.12230041152	93928.73632916667	95117.70767510548	96337.16546581197	96948.98760173163	98224.6321754386	99534.2939377778	100879.35196396397	102261.2608949772	103681.5561851852	105141.85979342725	106643.88636190479	108189.44993236718	109780.47125490198	110611.2259950249	112287.15366161619	114014.64833333335	115796.12721354168	117634.16097883598	119531.486155914	121491.01871584702	123515.8690277778	125609.35833333334	127775.03692528736	127747.53002923979	130028.73592261905	132392.89475757576	134844.61503086422	137388.85305031444	140030.94637820512	142776.65120915035	145632.18423333333	145647.96700680273	148682.29965277782	151845.75283687946	155146.74746376814	158594.452962963	162198.8723484849	165970.93914728682	169922.6281746032	173089.55392682928	177416.79277500004	181965.94130769232	186754.51871052635	191801.93813513516	197129.76975000004	202762.04888571435	208725.63855882356	26638.041747474752	27470.480552083343	28356.625086021504	29301.84592222222	30312.25440229885	31394.834916666667	32557.60658024692	33809.82221794872	35162.21510666667	36627.307402777784	38219.799028985515	39957.062621212135	41859.7798888889	43952.76888333335	46266.07250877195	48836.409870370364	51709.13986274509	54940.961104166665	58603.69184444444	62789.66983333333	67619.64443589744	73254.61480555557	79914.12524242427	87905.5377666667	97672.81974074077	109881.92220833339	125579.33966666678	146509.229611111	175811.0755333332	219763.8444166665	293018.459222222	439527.688833333	879055.377666666
64781.0	72742.09610333333	73476.86475084176	74226.62867687075	74991.85165292097	75773.01677430556	76570.62747719299	77385.2086205674	78217.30763799285	79067.49576449276	82017.6773113553	82928.98483703703	83860.77118352061	84813.73449242426	85788.60500383143	86786.14692248064	87807.16041568629	88852.48375396828	89922.99560642571	91019.61750406504	92143.3164855967	93928.73632916667	95117.70767510548	96337.16546581197	97588.2974848485	98872.35403070175	100190.65208444446	101544.57981531533	102935.60145662102	104365.26258796296	105835.19586384979	106643.88636190479	108189.44993236718	109780.47125490198	111418.9857512438	113107.15220202022	114847.26223589745	116641.75070833335	118493.20706878309	120404.38782795702	121491.01871584702	123515.8690277778	125609.35833333334	127775.03692528736	130016.7042397661	132338.43110119048	134744.5843939394	137239.85447530868	139829.2856918239	140030.94637820512	142776.65120915035	145632.18423333333	148604.26962585034	151700.19190972226	154927.85556737593	158295.85242753624	158594.452962963	162198.8723484849	165970.93914728682	169922.6281746032	174067.08252032523	178418.75958333336	182993.59957264957	187809.2206140351	191801.93813513516	197129.76975000004	202762.04888571435	208725.63855882356	215050.65790909095	221770.99096875006	28356.625086021504	29301.84592222222	30312.25440229885	31394.834916666667	32557.60658024692	33809.82221794872	35162.21510666667	36627.307402777784	38219.799028985515	39957.062621212135	41859.7798888889	43952.76888333335	46266.07250877195	48836.409870370364	51709.13986274509	54940.961104166665	58603.69184444444	62789.66983333333	67619.64443589744	73254.61480555557	79914.12524242427	87905.5377666667	97672.81974074077	109881.92220833339	125579.33966666678	146509.229611111	175811.0755333332	219763.8444166665	293018.459222222	439527.688833333	879055.377666666
70522.0	71283.48909	72003.52433333333	72738.2541734694	73488.13308247423	74253.63446875001	76570.62747719299	77385.2086205674	78217.30763799285	79067.49576449276	79936.36934432235	80824.55122592593	81732.69225093634	82661.472844697	83611.6047164751	84583.83267829458	85578.93659215687	88852.48375396828	89922.99560642571	91019.61750406504	92143.3164855967	93295.10794166668	94476.0586751055	95687.2901965812	96929.98227705629	98205.37678070176	99514.78180444446	101544.57981531533	102935.60145662102	104365.26258796296	105835.19586384979	107347.12723333335	108902.88270048311	110504.39568137257	112153.71501990053	113853.01373232325	114847.26223589745	116641.75070833335	118493.20706878309	120404.38782795702	122378.23025136614	124417.86742222225	126526.6448361582	128708.13871264369	130966.17623391816	132338.43110119048	134744.5843939394	137239.85447530868	139829.2856918239	142518.31041666667	145312.7870915033	148219.04283333334	151243.92125850343	151700.19190972226	154927.85556737593	158295.85242753624	161813.53803703707	165491.11844696975	169339.74910852715	173371.64789682542	174067.08252032523	178418.75958333336	182993.59957264957	187809.2206140351	192885.14549549553	198243.06620370373	203907.15380952385	208725.63855882356	215050.65790909095	221770.99096875006	228924.8939032258	236555.7237	244712.81762068966	31394.834916666667	32557.60658024692	33809.82221794872	35162.21510666667	36627.307402777784	38219.799028985515	39957.062621212135	41859.7798888889	43952.76888333335	46266.07250877195	48836.409870370364	51709.13986274509	54940.961104166665	58603.69184444444	62789.66983333333	67619.64443589744	73254.61480555557	79914.12524242427	87905.5377666667	97672.81974074077	109881.92220833339	125579.33966666678	146509.229611111	175811.0755333332	219763.8444166665	293018.459222222	439527.688833333	879055.377666666
76773.0	70598.46311666668	71311.57890572392	72738.2541734694	73488.13308247423	74253.63446875001	75035.25167368421	75833.49903191491	76648.91300000002	77482.05335869566	78333.5044945055	79203.87676666667	80093.80796629214	81003.96487500002	83611.6047164751	84583.83267829458	85578.93659215687	86597.73345634923	87641.07964257029	88709.87329674797	89805.05691769547	90927.62012916668	92078.60266244726	93259.09756837608	96929.98227705629	98205.37678070176	99514.78180444446	100859.57615315316	102241.21418264841	103661.2310462963	105121.24838497654	106622.98050476193	108168.24109178747	110504.39568137257	112153.71501990053	113853.01373232325	115604.59855897437	117410.92041145834	119274.58581481483	121198.36945698927	123185.22797267762	125238.31510555558	126526.6448361582	128708.13871264369	130966.17623391816	133304.85795238096	135728.58264242427	138242.0749135803	140850.41594968553	143559.0777948718	145312.7870915033	148219.04283333334	151243.92125850343	154394.83628472226	157679.8328014185	161107.6552536232	164687.8253703704	165491.11844696975	169339.74910852715	173371.64789682542	177600.22467479677	182040.2302916667	186707.92850427353	187809.2206140351	192885.14549549553	198243.06620370373	203907.15380952385	209904.42303921573	216265.16313131317	223023.44947916674	228924.8939032258	236555.7237	244712.81762068966	253452.56110714286	262839.6930000001	33809.82221794872	35162.21510666667	36627.307402777784	38219.799028985515	39957.062621212135	41859.7798888889	43952.76888333335	46266.07250877195	48836.409870370364	51709.13986274509	54940.961104166665	58603.69184444444	62789.66983333333	67619.64443589744	73254.61480555557	79914.12524242427	87905.5377666667	97672.81974074077	109881.92220833339	125579.33966666678	146509.229611111	175811.0755333332	219763.8444166665	293018.459222222	439527.688833333	879055.377666666
83578.0	70598.46311666668	71311.57890572392	72039.2480782313	72781.92073883163	73540.06574652779	74314.1717017544	75104.74799645392	75912.32593189966	76737.4599094203	77580.7286996337	79203.87676666667	80093.80796629214	81003.96487500002	81935.0449310345	82887.77801162792	83862.92834117648	84861.29653571431	85883.72179518074	86931.08425609756	88004.30751851852	90927.62012916668	92078.60266244726	93259.09756837608	94470.25467965369	95713.28434649123	96989.46147111112	98300.12986936937	99646.70699086759	101030.6890324074	105121.24838497654	106622.98050476193	108168.24109178747	109758.95051960785	111397.1438109453	113084.97932323234	114824.74823589744	116618.88492708333	118469.97833862434	121198.36945698927	123185.22797267762	125238.31510555558	127360.99841242937	129556.8776954023	131829.80537426902	134183.90904166666	136623.61647878788	138242.0749135803	140850.41594968553	143559.0777948718	146373.96167320263	149301.44090666668	152348.40908843538	155522.33427777782	157679.8328014185	161107.6552536232	164687.8253703704	168430.73049242428	172347.7242248062	176451.24146825398	177600.22467479677	182040.2302916667	186707.92850427353	191621.29504385966	196800.248963964	202266.92254629632	208045.9774761905	209904.42303921573	216265.16313131317	223023.44947916674	230217.75430107524	237891.67944444442	244712.81762068966	253452.56110714286	262839.6930000001	272948.9119615385	283866.86844000005	36627.307402777784	38219.799028985515	39957.062621212135	41859.7798888889	43952.76888333335	46266.07250877195	48836.409870370364	51709.13986274509	54940.961104166665	58603.69184444444	62789.66983333333	67619.64443589744	73254.61480555557	79914.12524242427	87905.5377666667	97672.81974074077	109881.92220833339	125579.33966666678	146509.229611111	175811.0755333332	219763.8444166665	293018.459222222	439527.688833333	879055.377666666
90986.0	69978.31498666666	70685.16665319866	71406.44386394558	72142.59276975946	72894.07811111111	73661.38419649123	74445.01594326242	75245.49998566309	76737.4599094203	77580.7286996337	78442.7367962963	79324.11586142323	80225.52626893941	81147.65875478929	82091.23618217056	83057.01543137257	84045.78942460321	85058.38929718877	86931.08425609756	88004.30751851852	89104.3613625	90232.26467088607	91389.08857692308	92575.95985714287	93794.06459210526	95044.65212000001	96329.03931081081	99646.70699086759	101030.6890324074	102453.65648356809	103917.28014761907	105423.32768599036	106973.67074019609	108570.2926915423	110215.29712626264	114824.74823589744	116618.88492708333	118469.97833862434	120380.78444086024	122354.23992349728	124393.47725555557	126501.84127683616	128682.90750574712	131829.80537426902	134183.90904166666	136623.61647878788	139153.6834506173	141779.22464779872	144505.74819871795	147339.1942418301	149301.44090666668	152348.40908843538	155522.33427777782	158831.32011347523	162284.17489855076	165890.48989629632	169660.72830303037	172347.7242248062	176451.24146825398	180754.93028455286	185273.80354166668	190024.4138888889	195025.05635964914	196800.248963964	202266.92254629632	208045.9774761905	214164.97681372552	220654.82459595965	223023.44947916674	230217.75430107524	237891.67944444442	246094.8408045977	254883.94226190477	264324.088271605	272948.9119615385	283866.86844000005	295694.6546250001	308550.9439565218	39957.062621212135	41859.7798888889	43952.76888333335	46266.07250877195	48836.409870370364	51709.13986274509	54940.961104166665	58603.69184444444	62789.66983333333	67619.64443589744	73254.61480555557	79914.12524242427	87905.5377666667	97672.81974074077	109881.92220833339	125579.33966666678	146509.229611111	175811.0755333332	219763.8444166665	293018.459222222	439527.688833333	879055.377666666
99051.0	69484.95820000001	70186.82646464647	70903.01857142858	71633.97752577321	72380.16479166668	73142.0612631579	74445.01594326242	75245.49998566309	76063.38585507247	76899.24723809524	77753.68331851851	78627.32020973784	79520.8124848485	80434.84481226055	81370.13370542637	83057.01543137257	84045.78942460321	85058.38929718877	86095.68672764229	87158.59644032922	88248.07889583334	89365.14318565401	90510.85014957265	91686.31573593075	92892.714627193	95044.65212000001	96329.03931081081	97648.61519178083	99004.84595833333	100399.28040845072	101833.55584285715	103309.40447826088	104828.6604264706	108570.2926915423	110215.29712626264	111910.91708205128	113659.52516145834	115463.6446084656	117325.96145698926	119249.33787431696	121236.8268388889	126501.84127683616	128682.90750574712	130940.50237426902	133278.7256309524	135701.9751878788	138214.9747283951	140822.80444025155	144505.74819871795	147339.1942418301	150285.97812666668	153353.03890476192	156547.89388194447	159878.70013475182	162284.17489855076	165890.48989629632	169660.72830303037	173606.32663565892	177739.81060317464	182074.92793495939	185273.80354166668	190024.4138888889	195025.05635964914	200296.00382882883	205859.78171296298	211741.4897619048	214164.97681372552	220654.82459595965	227550.2878645834	234890.6197311828	242720.30705555555	246094.8408045977	254883.94226190477	264324.088271605	274490.39935897436	285470.01533333334	295694.6546250001	308550.9439565218	322575.98686363647	337936.7481428573	43952.76888333335	46266.07250877195	48836.409870370364	51709.13986274509	54940.961104166665	58603.69184444444	62789.66983333333	67619.64443589744	73254.61480555557	79914.12524242427	87905.5377666667	97672.81974074077	109881.92220833339	125579.33966666678	146509.229611111	175811.0755333332	219763.8444166665	293018.459222222	439527.688833333	879055.377666666
107830.0	69222.03220333334	69921.24464983166	70634.72673809524	71362.91979725087	72380.16479166668	73142.0612631579	73920.16829787235	74715.00881720432	75527.12847826087	76357.09692307693	77205.50911111111	78072.98674157304	78960.1797727273	80434.84481226055	81370.13370542637	82327.42939607844	83307.51784126986	84311.22287550202	85339.4085203252	86392.98146502057	87472.89373333335	88580.14555274262	90510.85014957265	91686.31573593075	92892.714627193	94131.28415555556	95403.32853603605	96710.2234474886	98053.42099537038	99434.45509389673	100854.94730952384	103309.40447826088	104828.6604264706	106393.26729850748	108005.28650000002	109666.9062923077	111380.451703125	113148.39538095238	117325.96145698926	119249.33787431696	121236.8268388889	123291.68831073446	125417.40707471264	127617.71246198831	129896.6001845238	135701.9751878788	138214.9747283951	140822.80444025155	143530.9352948718	146345.26735947715	149272.17270666666	152318.5435782313	156547.89388194447	159878.70013475182	163354.32405072465	166984.42014074075	170779.5205984849	174751.13735658914	177739.81060317464	182074.92793495939	186626.80113333336	191412.10372649576	196449.2643508772	201758.70392792794	205859.78171296298	211741.4897619048	217969.18063725493	224574.30732323238	231592.2544270834	234890.6197311828	242720.30705555555	251089.97281609196	260057.4718452381	264324.088271605	274490.39935897436	285470.01533333334	297364.59930555563	310293.4949275363	322575.98686363647	337936.7481428573	354833.58555000013	373509.03742105275	48836.409870370364	51709.13986274509	54940.961104166665	58603.69184444444	62789.66983333333	67619.64443589744	73254.61480555557	79914.12524242427	87905.5377666667	97672.81974074077	109881.92220833339	125579.33966666678	146509.229611111	175811.0755333332	219763.8444166665	293018.459222222	439527.688833333	879055.377666666
117388.0	69127.88616	69826.14763636365	70634.72673809524	71362.91979725087	72106.2835451389	72865.29705614036	73640.45979078017	74432.29269175629	75241.33935144928	76068.16725641026	76913.3691148148	77777.56427340825	78960.1797727273	79867.76804597702	80796.46302325583	81747.00964705883	82720.18833333335	83716.81710843375	84737.75390243903	85783.89901234568	86856.19775	88580.14555274262	89715.78844444445	90880.92855411256	92076.73024561403	93304.41998222223	94565.29052252253	95860.70546118723	97192.10414814815	99434.45509389673	100854.94730952384	102316.6132125604	103821.2692892157	105370.84047263685	106967.36835858588	108613.0201794872	111380.451703125	113148.39538095238	114973.36950000002	116858.17883606559	118805.81515000001	120819.47303389829	122902.56739655172	127617.71246198831	129896.6001845238	132258.35655151517	134707.58537654323	137249.2379308176	139888.6463525641	142631.56098692812	149272.17270666666	152318.5435782313	155491.84656944446	158800.1837304965	162252.36163768117	165857.9696740741	170779.5205984849	174751.13735658914	178911.87872222223	183275.58308130084	187857.47265833334	191412.10372649576	196449.2643508772	201758.70392792794	207363.1123703704	213287.77272380958	219560.94250980395	224574.30732323238	231592.2544270834	239062.97231182794	247031.73805555553	251089.97281609196	260057.4718452381	269689.23006172845	280061.89275641023	291264.36846666667	297364.59930555563	310293.4949275363	324397.7446969698	339845.25634920644	354833.58555000013	373509.03742105275	394259.53949999996	51709.13986274509	54940.961104166665	58603.69184444444	62789.66983333333	67619.64443589744	73254.61480555557	79914.12524242427	87905.5377666667	97672.81974074077	109881.92220833339	125579.33966666678	146509.229611111	175811.0755333332	219763.8444166665	293018.459222222	439527.688833333	879055.377666666
127792.0	69127.88616	69826.14763636365	70538.65934693877	71265.86202061857	72008.21475000001	72766.19595789474	73540.30442553193	74331.06038709679	75139.00669565218	75964.71006593406	76913.3691148148	77777.56427340825	78661.40023106063	79565.554256705	80490.73512015505	81437.68494509805	82407.18119444446	83400.0387991968	84417.11244308944	85783.89901234568	86856.19775	87955.64329113925	89083.27974358975	90240.20545454547	91427.57657894737	92646.61093333334	93898.59216216217	95860.70546118723	97192.10414814815	98561.00702347419	99969.02140952382	101417.8478067633	102909.28674509806	104445.24624875623	106027.749979798	108613.0201794872	110310.09861979168	112061.05256613757	113868.48889784949	115735.18543715849	117664.10519444446	119658.41206214689	122902.56739655172	125058.7527894737	127291.94480357143	129606.3438	132006.4612777778	134497.1492264151	139888.6463525641	142631.56098692812	145484.19220666666	148453.2573537415	151546.03354861113	154770.4172411348	162252.36163768117	165857.9696740741	169627.46898484853	173572.29384496124	177704.96750793653	182039.23500813008	187857.47265833334	192674.33093162393	197744.7080614035	203089.15963063066	208730.52517592593	213287.77272380958	219560.94250980395	226214.30440404045	233283.50141666675	239062.97231182794	247031.73805555553	255550.07385057473	264676.86220238096	274479.70895061735	280061.89275641023	291264.36846666667	303400.3838194445	316591.7048550725	324397.7446969698	339845.25634920644	356837.51916666684	373509.03742105275	394259.53949999996	417451.27711764706	443541.9819375	58603.69184444444	62789.66983333333	67619.64443589744	73254.61480555557	79914.12524242427	87905.5377666667	97672.81974074077	109881.92220833339	125579.33966666678	146509.229611111	175811.0755333332	219763.8444166665	293018.459222222	439527.688833333	879055.377666666
139119.0	69395.08981666667	70096.05031986533	70811.31613945578	71541.3297079038	72286.55189236112	73047.4629649123	73824.56363475179	74618.37614695342	75429.44545289857	75964.71006593406	76808.76239999999	77671.7822022472	78554.41609090912	79457.3404137931	80381.2629767442	81326.92489411765	82295.1025714286	83400.0387991968	84417.11244308944	85459.29901646091	86527.54025416667	87622.82557383967	88746.19513247864	89898.74312121213	91081.62132017544	92296.04293777779	93898.59216216217	95184.87424657536	96506.88638888889	97866.13830985918	99264.22600000002	100702.83797101451	102183.76205882354	104445.24624875623	106027.749979798	107658.94613333333	109341.11716666666	111076.69045502646	112868.24997849464	114718.54915846996	117664.10519444446	119658.41206214689	121721.48813218392	123856.95283625733	126068.68413690478	128360.84203030304	132006.4612777778	134497.1492264151	137083.6328653846	139771.54723529413	142566.97818	145476.5083469388	151546.03354861113	154770.4172411348	158134.99152898553	161649.10245185188	165322.945689394	169167.66535658913	177704.96750793653	182039.23500813008	186590.21588333335	191374.5803931624	196410.75356140352	203089.15963063066	208730.52517592593	214694.2544666667	221008.79136274513	227706.0274646465	233283.50141666675	240808.77565591398	248835.73484444444	257416.27742528738	264676.86220238096	274479.70895061735	285036.62083333335	296438.0856666667	303400.3838194445	316591.7048550725	330982.2368939395	346743.2957936509	356837.51916666684	375618.4412280703	396486.13240740733	417451.27711764706	443541.9819375	473111.4474	62789.66983333333	67619.64443589744	73254.61480555557	79914.12524242427	87905.5377666667	97672.81974074077	109881.92220833339	125579.33966666678	146509.229611111	175811.0755333332	219763.8444166665	293018.459222222	439527.688833333	879055.377666666
151450.0	70233.32356	70942.75107070708	71666.65669387755	72405.48820618558	73159.71204166667	73929.81427368421	74716.30165957448	74618.37614695342	75429.44545289857	76258.34045787546	77105.65535185185	77972.01102996255	78858.05660984851	79764.47105363986	80691.96490310079	81641.28213725492	82295.1025714286	83286.60983132532	84302.30019512195	85343.06933333333	86409.85770000001	87503.6533670886	88625.49507692308	89776.47553246754	91081.62132017544	92296.04293777779	93543.28676126128	94824.70164840184	96141.71139351852	97495.82000469485	98888.61743333335	100321.78580193239	102183.76205882354	103708.89283582092	105280.23969696971	106899.9356923077	108570.2471875	110293.58444444445	112072.51322580647	114718.54915846996	116630.5249777778	118607.31353672316	120652.2672183908	122768.97366081872	124961.27676190475	128360.84203030304	130737.89466049387	133204.6473899371	135766.27522435898	138428.35905228762	141196.92623333336	145476.5083469388	148507.26893750002	151666.99806382981	154964.10671739132	158407.75353333334	165322.945689394	169167.66535658913	173195.46691269844	177419.74659349595	181855.24025833336	191374.5803931624	196410.75356140352	201719.15230630632	207322.4620925926	213245.96100952386	221008.79136274513	227706.0274646465	234821.84082291674	242396.73891397848	248835.73484444444	257416.27742528738	266609.7159047619	276484.1498271606	285036.62083333335	296438.0856666667	308789.6725694445	322215.3105072464	330982.2368939395	346743.2957936509	364080.4605833335	375618.4412280703	396486.13240740733	419808.84607843135	443541.9819375	473111.4474	506905.1222142857	67619.64443589744	73254.61480555557	79914.12524242427	87905.5377666667	97672.81974074077	109881.92220833339	125579.33966666678	146509.229611111	175811.0755333332	219763.8444166665	293018.459222222	439527.688833333	879055.377666666
164874.0	71627.01520666666	72350.52041077442	73088.79102721089	73842.28371821308	74611.47417361112	75396.85811228071	74716.30165957448	75519.70275268819	76340.56908695653	77179.47643956044	78037.02617777778	78913.84669662922	79810.59495454548	80727.95811494254	81666.6553023256	81641.28213725492	82613.20216269844	83608.54194779118	84628.15831300814	85672.9503909465	86743.86227083334	87841.88584388186	88968.06386752137	89776.47553246754	90957.74494736842	92170.51488	93416.06237837838	94695.73446575344	96010.95300000001	97363.21994366198	98888.61743333335	100321.78580193239	101797.10618137257	103316.4659751244	104881.86697474749	106495.43415897437	108159.42531770834	110293.58444444445	112072.51322580647	113909.76754098362	115808.26366666668	117771.11559322034	119801.65206896552	121903.43543859651	124961.27676190475	127233.29997575759	129589.4721975309	132034.55657861635	134573.68266666666	138428.35905228762	141196.92623333336	144078.4961564626	147080.13149305558	150209.49599290785	153474.9198188406	158407.75353333334	162007.92975000004	165775.5560232558	169722.5930714286	173862.16851219512	181855.24025833336	186518.19513675215	191426.56869298246	196600.25973873874	207322.4620925926	213245.96100952386	219517.9010392157	226169.95864646469	233237.76985416672	242396.73891397848	250476.6302111111	259113.7553908046	268367.8180833333	276484.1498271606	287118.1555897436	298602.88181333337	308789.6725694445	322215.3105072464	336861.46098484856	352902.482936508	364080.4605833335	383242.59008771944	404533.8450925925	419808.84607843135	446046.8989583333	475783.35888888885	506905.1222142857	545897.823923077	73254.61480555557	79914.12524242427	87905.5377666667	97672.81974074077	109881.92220833339	125579.33966666678	146509.229611111	175811.0755333332	219763.8444166665	293018.459222222	439527.688833333	879055.377666666
179488.0	73423.55736	74165.20945454546	74921.99730612246	75694.38903092785	76482.87225000001	75396.85811228071	76198.95234751774	77018.29592114697	77855.45131159421	78711.00572161173	79585.57245185184	80479.7923670412	81394.33546212123	82329.90253639848	81666.6553023256	82627.43948235294	83611.0994761905	84618.46212048194	85650.39458536585	86707.80686419753	87791.65445	88902.94121518987	88968.06386752137	90123.49326839829	91309.32870614035	92526.78642222224	93777.14840090091	95061.76687214614	96382.06918981482	97363.21994366198	98754.1230857143	100185.34226086958	101658.65611764707	103175.94949253733	104739.22145454546	106350.5940923077	108159.42531770834	109876.2415925926	111648.43903763442	113478.74131693991	115370.05367222223	117325.47831073446	119801.65206896552	121903.43543859651	124080.2825	126336.28763636365	128675.84851851854	131103.69471698112	134573.68266666666	137212.3823267974	139956.62997333333	142812.88772789115	145788.15622222223	148890.03188652484	153474.9198188406	156885.47359259264	160451.05253787883	164182.47236434108	168091.5788492064	173862.16851219512	178208.722725	182778.17715384616	187588.12918421053	196600.25973873874	202061.3780648148	207834.56029523813	213947.34148039218	226169.95864646469	233237.76985416672	240761.56888172042	248786.95451111108	259113.7553908046	268367.8180833333	278307.3669012346	289011.4963974359	298602.88181333337	311044.66855555563	324568.3497971015	336861.46098484856	352902.482936508	370547.6070833335	383242.59008771944	404533.8450925925	428329.9536274509	446046.8989583333	475783.35888888885	509767.88452380954	545897.823923077	591389.3092500002	79914.12524242427	87905.5377666667	97672.81974074077	109881.92220833339	125579.33966666678	146509.229611111	175811.0755333332	219763.8444166665	293018.459222222	439527.688833333	879055.377666666
195397.0	75381.59994000001	76143.03024242425	76919.99993877552	77712.98962886601	76482.87225000001	77287.95511578949	78110.16740425533	78950.06167741938	79808.21452173914	80685.22786813187	81581.7304	82498.37905617978	83435.86063636366	82329.90253639848	83287.22698449614	84267.0767137255	85270.25619841272	86297.60868273093	87350.01854471545	88428.41383539095	89533.76900833334	88902.94121518987	90042.72251282052	91212.10851948053	92412.26784210527	93644.43141333334	94909.89670270271	96210.03227397263	96382.06918981482	97739.56312206575	99135.84259523812	100572.5939371981	102051.60267156865	103574.76092039804	105144.075479798	106350.5940923077	108012.32212499999	109726.80342857142	111496.59058064518	113324.40354098362	115213.14360000001	117325.47831073446	119348.33138505748	121442.16176023394	123610.77179166667	125858.24036969698	128188.94852469138	131103.69471698112	133624.9196153846	136245.0160784314	138969.91640000002	141806.03714285715	145788.15622222223	148890.03188652484	152126.77171014494	155507.36663703705	159041.624969697	164182.47236434108	168091.5788492064	172191.37345528457	176496.1577916667	181021.7002991453	187588.12918421053	192658.07862162162	198009.69191666666	203667.1116857143	213947.34148039218	220430.59425252528	227319.05032291674	234651.92291397846	248786.95451111108	257365.81501149424	266557.4512619048	276429.9494567902	289011.4963974359	300571.95625333337	313095.78776388895	324568.3497971015	339321.45660606073	355479.62120634934	370547.6070833335	390050.1127192984	411719.56342592585	428329.9536274509	455100.5757291666	485440.6141111111	509767.88452380954	548980.7987179487	591389.3092500002	645151.9737272729	87905.5377666667	97672.81974074077	109881.92220833339	125579.33966666678	146509.229611111	175811.0755333332	219763.8444166665	293018.459222222	439527.688833333	879055.377666666
212716.0	77170.37476333334	77949.8734983165	78745.28037074831	79557.08738487973	78522.49993750002	79349.05256842107	80193.19142553194	81055.48380645164	81936.52167391306	82836.92301098902	83757.33326666667	84698.42689887642	83435.86063636366	84394.89351724139	85376.2294883721	86380.65571764707	87408.99685714288	88462.11730120484	89540.92360975611	90646.36711111112	89533.76900833334	90667.10785654008	91829.50667521368	93022.09767099569	94246.07264035087	95502.68694222224	96793.2637927928	96210.03227397263	97546.28272222223	98920.17402816903	100333.31937142859	101787.42544927538	103284.29935294119	104825.85605970152	105144.075479798	106761.67664102565	108429.82783854168	110150.93621693122	111927.56422043013	113762.44232240439	115213.14360000001	117165.9087457627	119186.01062068965	121276.9932631579	123442.65385714285	125687.06574545456	128188.94852469138	130607.6079308176	133119.29269871794	135729.47490849675	138444.06440666667	141806.03714285715	144760.32958333337	147840.3365957447	151054.25695652174	154411.01822222225	159041.624969697	162740.2674108527	166615.0356825397	170678.8170406504	174945.7874666667	181021.7002991453	185785.429254386	190806.6570720721	196106.84199074077	203667.1116857143	209657.3208529412	216010.57300000003	222760.90340625006	234651.92291397846	242473.65367777774	250834.81414942528	259793.2003690476	276429.9494567902	287061.8705897436	298544.3454133333	313095.78776388895	326708.6481014493	341559.0411969698	355479.62120634934	373253.6022666668	392898.5287017545	411719.56342592585	435938.36127450975	455100.5757291666	485440.6141111111	520114.9436904762	548980.7987179487	594729.1986111113	645151.9737272729	709667.1711000003	97672.81974074077	109881.92220833339	125579.33966666678	146509.229611111	175811.0755333332	219763.8444166665	293018.459222222	439527.688833333	879055.377666666
231570.0	78470.44569333334	79263.07645791247	80071.88336054422	79557.08738487973	80385.8070451389	81231.97343508773	82096.14336524825	82978.8975949821	83880.84213405798	84802.60963003663	85744.86084814815	86708.28625093633	85660.90902272731	86645.51717241382	87653.02318604654	88684.23522352944	89739.99992857146	90821.20474698798	91928.78041463417	90646.36711111112	91779.44670000001	92941.21184810127	94132.76584615385	95355.26929870131	96609.94389473685	97898.07648000002	99221.02345945947	98119.19891324203	99481.96556481482	100883.12000938969	102324.30743809526	103807.26841545895	105333.84589215688	104825.85605970152	106414.12660606063	108051.26701538463	109739.5680625	111481.46596825396	113279.55412903227	115136.59600000002	115658.4830277778	117618.79629943502	119646.70658045978	121745.77160818715	123919.80324404762	125687.06574545456	128014.60400000002	130429.97388679243	132938.2426153846	135544.87482352942	138255.77232	141269.45347619048	144212.5670902778	147280.91958156033	150482.67870289856	154411.01822222225	157920.3595454546	161592.92604651162	165440.37666666668	169475.50780487806	174945.7874666667	179431.5768888889	184153.46049122806	189130.58104504505	196106.84199074077	201709.89461904767	207642.5385784314	213934.73671717176	222760.90340625006	229946.73899999997	237611.63029999996	245805.13479310344	259793.2003690476	269415.17075308645	279777.2927051282	298544.3454133333	310983.6931388889	324504.72327536234	341559.0411969698	357823.7574444445	375714.9453166668	392898.5287017545	414726.22474074067	435938.36127450975	463184.50885416666	494063.47611111106	520114.9436904762	560123.7855128205	594729.1986111113	648795.4893939396	709667.1711000003	788519.0790000003	109881.92220833339	125579.33966666678	146509.229611111	175811.0755333332	219763.8444166665	293018.459222222	439527.688833333	879055.377666666
252095.0	79103.12661666668	79902.1480976431	80071.88336054422	80897.36669415809	81740.04759722223	82600.46915087721	83479.19754609931	84376.8233261649	85293.96271014494	86231.25900366301	87189.3841037037	86708.28625093633	87693.60768560608	88701.58018773948	89732.99391085273	90788.67619215688	91869.49376587305	92976.3551365462	94110.21312601627	93063.70362962964	94226.99992500003	95419.74675949369	96643.07684615387	97898.18174025977	99186.31571052634	100508.79992000002	99221.02345945947	100580.21556164385	101977.16300000002	103413.46107042255	104890.79622857145	106410.9526956522	107975.81964705884	106905.99284577116	108525.78061616163	110195.40801025642	111917.21126041666	113693.67493121693	115527.44388172045	115136.59600000002	117055.53926666667	119039.5314576271	121091.93717241379	123216.35712280704	125416.64921428572	126172.8905757576	128509.42558641979	130934.13172955974	133452.09580128206	136068.80356209152	138255.77232	141077.31869387755	144016.42950000003	147080.60885106385	150278.01339130435	153826.73822962964	157322.80046212126	160981.47024031007	164814.3623888889	169475.50780487806	173712.3955	178166.5594871795	182855.15315789473	189130.58104504505	194384.2082962963	199938.04281904764	205818.5734901961	213934.73671717176	220620.19723958342	227736.9777956989	235328.21038888887	245805.13479310344	254583.88960714286	264012.9225555556	279777.2927051282	290968.3844133333	303092.06709722226	324504.72327536234	339254.93796969706	355409.9350158731	375714.9453166668	395489.41612280713	414726.22474074067	439121.88501960784	466567.00283333333	494063.47611111106	529353.7244047619	560123.7855128205	606800.767638889	648795.4893939396	713675.0383333337	788519.0790000003	887083.9638750005	125579.33966666678	146509.229611111	175811.0755333332	219763.8444166665	293018.459222222	439527.688833333	879055.377666666
274439.0	79050.66899666667	79849.16060269362	80717.47613945579	81549.61506872854	82399.09022569447	83266.44907017545	84152.26235815605	85057.12539426525	85981.65936594205	86926.51276556778	87189.3841037037	88169.04010486892	89170.96101515154	90195.91459003833	91244.70429457366	92318.17140392159	93417.19725396829	94542.70565461849	94110.21312601627	95272.0676090535	96462.96845416668	97684.01868776372	98936.3779017094	100221.26592640694	101539.96679385965	100508.79992000002	101867.02694594597	103262.4656712329	104696.66658333335	106171.26752112679	107687.99991428574	109248.69556521742	107975.81964705884	109587.39904477615	111247.8141818182	112959.31901538462	114724.30837500001	116545.32914285715	115527.44388172045	117421.3364043716	119378.3586777778	121401.72068926552	123494.8538045977	125661.43018713452	125416.64921428572	127696.95192727273	130061.71029629633	132515.70483018865	135064.08376923075	136068.80356209152	138790.17963333335	141622.63227891157	144573.10378472225	147649.12726950357	150278.01339130435	153617.5248	157108.83218181823	160762.52595348837	164814.3623888889	168834.22488617888	173055.08050833334	177492.39026495727	182855.15315789473	187797.18432432433	193013.77277777778	198528.45200000005	205818.5734901961	212055.499959596	218682.23433333338	225736.49995698922	235328.21038888887	243442.97626436784	252137.36827380955	264012.9225555556	274167.2657307692	285133.95636	303092.06709722226	316269.98305797105	330645.891378788	355409.9350158731	373180.4317666668	395489.41612280713	417461.05035185174	442017.58272549015	466567.00283333333	497671.4696888889	529353.7244047619	570073.2416666667	606800.767638889	661964.473787879	713675.0383333337	792972.2648148151	887083.9638750005	125579.33966666678	146509.229611111	175811.0755333332	219763.8444166665	293018.459222222	439527.688833333	879055.377666666
298764.0	78410.67102333333	79202.69800336701	80663.94795578232	81495.53504810999	82344.44687152779	83211.23052280703	84096.45637943265	85000.7193512545	85924.64021376813	86868.86702930403	87892.36290740741	88879.91754681649	89889.91660984851	90923.13404214561	91980.37978682172	93062.5019019608	94170.38882936511	95304.97182730926	95695.6654796748	96877.09344855968	98088.05711666668	99329.67809282702	100603.13550427351	101909.66973160175	103250.5864385965	102893.8330177778	104284.29022072074	105712.84214155254	107181.0760601852	108690.66868075119	110243.39251904764	111841.12284541065	110855.29402941179	112509.85065671646	114214.5453636364	115971.69221538464	117783.74990625001	119653.33323809525	118425.09251612905	120366.48747540986	122372.59560000002	124446.70738983051	126592.34027586207	125661.43018713452	127905.38429761905	130230.93673939395	132642.62075308643	135145.3117106918	135064.08376923075	137712.39913725492	140466.64712	143333.3133877551	146319.42408333335	147649.12726950357	150858.89090579713	154211.31070370373	157716.11321969703	161383.92980620157	164590.20514285716	168604.6003902439	172819.71540000002	177250.99015384616	182163.2426403509	187086.57352252255	192283.42278703704	197777.2348666667	204367.5241176471	210560.47939393943	217140.49437500007	225736.49995698922	233261.04995555553	241304.5344367816	252137.36827380955	261475.78932098774	271532.55044871796	285133.95636	297014.53787500004	309928.21343478264	330645.891378788	346390.93382539693	363710.4805166668	392821.50712280715	414644.9241851851	442017.58272549015	469643.6816458333	497671.4696888889	533219.4318095238	570073.2416666667	617579.345138889	661964.473787879	728160.921166667	792972.2648148151	887083.9638750005	1013810.2444285724	146509.229611111	175811.0755333332	219763.8444166665	293018.459222222	439527.688833333	879055.377666666
325245.0	77343.65751666666	79202.69800336701	80010.88879931973	80835.74332302407	81677.78231597223	82537.54844561404	83415.60747163123	84312.54948745521	85228.99024275363	86165.57255311355	87834.07666296297	88820.97640074907	89830.30567803033	90862.83792720309	91919.38255426359	93000.78705490197	94107.93928174606	95304.97182730926	96467.22758130083	97658.18100823046	98878.90827083334	100130.54002109705	101414.2648931624	102731.33326839829	104083.06133771931	104627.26092444446	106041.14282882884	107493.76122374432	108986.73012962965	110521.75449765261	112100.63670476193	111841.12284541065	113485.8452401961	115179.66382587067	116924.81024747477	118723.65348205129	120578.71056770835	119653.33323809525	121583.22570967746	123576.39334426232	125635.99990000002	127765.42362711865	129968.2757586207	128813.25852631581	131113.49528571428	133497.37701818184	135969.5506666667	138535.01388679244	137744.2600128205	140445.12785620918	143254.03041333333	146177.58205442177	149222.94834722223	149432.60331914897	152681.13817391306	156074.05235555558	159621.18990909096	161383.92980620157	165226.40432539684	169256.31662601628	173487.72454166668	177250.99015384616	181915.48989473685	186832.12475675676	192021.90600000002	197777.2348666667	203594.21236274514	209763.73394949498	217140.49437500007	224145.02645161288	231616.5273333333	239603.30413793103	249922.5535238095	259178.9443950618	269147.3653333333	282393.8524666667	294160.26298611116	309928.21343478264	324015.8595000001	339445.18614285724	363710.4805166668	382853.13738596503	414644.9241851851	439035.8020784313	469643.6816458333	500953.2604222222	533219.4318095238	574236.3111794872	617579.345138889	673722.9219696971	728160.921166667	809067.6901851855	892093.7979166672	1013810.2444285724	146509.229611111	175811.0755333332	219763.8444166665	293018.459222222	439527.688833333	879055.377666666
354073.0	76028.08945000001	78124.90658249159	78922.09950680271	79735.72939862544	80566.30991319445	81414.37633333333	82280.48671985816	83165.22313620073	84069.19295289855	84993.03023809523	87122.9678037037	88101.87755430712	89103.0352537879	90127.20807279694	91175.1988643411	92247.8482627451	93346.0369325397	95241.76987550202	96403.25487398375	97593.4185144033	98813.33624583334	100064.13797046414	101347.01153418804	102663.20648917751	104083.06133771931	105470.8354888889	106896.11704954956	108360.44742009135	109865.45363425928	111412.85438967138	113004.46659523812	113725.2836135266	115397.71425490198	117120.068199005	118894.61468686872	120723.76260512821	122610.07139583335	122492.65835449735	124468.34639247313	126508.81108743172	128617.29127222224	130797.24536158191	129968.2757586207	132248.42094736846	134609.99989285716	137057.45443636365	139595.5554444445	138535.01388679244	141199.14876923076	143967.7595294118	146847.11472	149843.99461224492	149222.94834722223	152397.90469503548	155710.90262318842	159171.1449037037	162788.67092424247	163333.31060465117	167222.19895238098	171300.7891707317	175583.3089	177936.12773504274	182618.6574122807	187554.29680180183	192021.90600000002	197508.2461714286	203317.31223529414	209478.44290909093	216318.85063541672	223296.8780752688	230740.10734444443	239603.30413793103	248160.565	257351.69703703708	269147.3653333333	279913.25994666666	291576.31244444445	306949.8396376812	320902.10507575766	339445.18614285724	356417.4454500001	375176.2583684212	404122.75612962956	427894.68296078424	466475.53970833326	497573.90902222216	536735.6361666666	578022.9927948718	622089.3371111113	673722.9219696971	741095.214166667	809067.6901851855	892093.7979166672	1019535.76904762	1182778.6184999992	175811.0755333332	219763.8444166665	293018.459222222	439527.688833333	879055.377666666
385457.0	74635.67359666667	76796.04994949496	77579.68311224491	78379.47365979383	79195.92651041668	80029.56784210527	80880.94622340429	81750.63381720432	82639.2276630435	84993.03023809523	85937.39724074073	86902.98597378276	87890.51990530305	88900.75576628353	89934.48548449614	90992.53825490197	92075.78275793653	94470.68797991969	95622.7695406504	96803.29755967078	98013.33877916668	99254.0139535865	100526.50131196581	101832.0402900433	104014.03815350878	105400.89199555558	106825.22837387389	108288.58766666669	109792.59582870372	111338.9704178404	113004.46659523812	114642.21248792273	116328.127377451	118064.36808457715	119853.22214646467	121697.1178717949	122610.07139583335	124556.26300529101	126565.23498924734	128640.07490710384	130784.07615555558	133000.75541242937	133052.37028160918	135386.62239181288	137804.24064880953	140309.77229696972	142908.10141358027	142229.4338490566	144964.61526923077	147807.0587058824	150763.19988000003	153839.99987755105	152965.74450000003	156220.33480851067	159616.42904347827	163163.46080000003	162788.67092424247	166574.45396899225	170540.51239682542	174700.0370894309	175583.3089	180085.44502564103	184824.53568421054	189819.79340540542	192764.13837962964	198271.68519047624	204103.2053431373	209478.44290909093	216024.64425000004	222993.1811612903	230426.28719999996	238696.66277011496	247221.54358333335	257351.69703703708	267249.8392307692	277939.83280000003	291576.31244444445	304253.5434202899	318083.249939394	336183.15769841283	352992.3155833335	375176.2583684212	396019.3838333332	427894.68296078424	454638.1006458333	497573.90902222216	533114.9025238096	578022.9927948718	626191.5755277779	678642.9132121215	741095.214166667	823439.1268518522	910201.1514583338	1019535.76904762	1182778.6184999992	175811.0755333332	219763.8444166665	293018.459222222	439527.688833333	879055.377666666
419622.0	73302.84479666667	75389.56928956229	76158.85060884354	76943.99339862545	77745.49332986113	78563.86694385966	79399.65276241137	80253.41246953407	81125.73217028986	83547.35104395605	84475.65494444445	85424.81960674158	86395.55619318185	87388.60856321841	88404.75517441863	89444.81111764708	90509.63029761908	93185.12953815261	94321.53355691057	95485.99693415637	96679.57189583333	97903.36394514768	99158.53527777777	100446.30846320347	103171.93555701754	104547.56136444445	105960.36624774775	107411.87811415526	108903.70975462963	110437.56482159626	112929.52713809526	114566.18695169085	116250.98381862747	117986.07312935326	119773.74090404043	121616.41384102566	123598.63533854167	125560.51843915346	127585.68809139788	129677.25674863391	131838.54436111113	134073.095960452	135293.87188505748	137667.44858479535	140125.79588095238	142673.53762424245	145315.64017283954	145604.48068553457	148404.5668525641	151314.46032026145	154340.74952666668	153839.99987755105	157044.99987500004	160386.38285106389	163873.0433478261	167514.66653333337	166871.72127272733	170752.45897674418	174817.99371428575	179081.84721951222	179067.5380166667	183659.01335042735	188492.14528070175	189819.79340540542	195092.56544444445	200666.63874285718	206568.59870588238	210288.150959596	216859.6556770834	223855.1284408602	230426.28719999996	238372.0212413793	246885.3077142857	256377.89704938277	266238.5853974359	276888.12881333334	289520.65916666674	302108.5139130435	318083.249939394	333230.07136507944	352992.3155833335	371570.8585087721	392213.6839814814	419314.64170588227	445521.80681249994	484947.3073555555	533114.9025238096	574123.7411794872	626191.5755277779	683118.0823939396	746507.2045333337	823439.1268518522	910201.1514583338	1040229.8873809533	1189458.3972222214	1419334.3421999991	219763.8444166665	293018.459222222	439527.688833333	879055.377666666
456815.0	72111.96676666668	74043.27757239058	74798.82122108844	75569.9430893471	76357.12999652779	77160.88925964914	77981.74978368796	78820.26322222225	79677.00521376812	82017.22373260073	82928.52621851851	83860.30741198502	84813.2654507576	85788.13057088124	86785.66697286823	87806.67481960786	88851.99237698416	91600.10777108435	92717.18225609757	93861.8388271605	95035.11181250002	96238.08791139242	97471.90955128206	98737.77850649353	101767.97041666666	103124.8766888889	104518.4561036036	105950.21577625572	107421.74655092592	108934.72889671363	112015.24431904763	113638.65365700485	115309.81032843138	117030.85227363186	118804.04700505052	120631.80157435898	123516.67030729167	125477.25237566138	127501.07902688175	129591.26065027325	131751.11499444448	134073.095960452	136384.7010632184	138777.41511695908	141255.58324404762	143823.8665757576	145315.64017283954	148057.4447044025	150904.70325641026	153863.61900653597	156940.89138666668	157490.56074149662	160771.6140902778	164192.2867304965	167761.68426811596	167514.66653333337	171321.81804545462	175306.04637209306	179479.9998571429	179081.84721951222	183558.89340000003	188265.5316923077	193219.8877894737	193586.5275855856	198963.93112962964	204648.61487619052	206568.59870588238	212828.25321212126	219479.13612500005	226559.1082580645	231316.96605555553	239293.41316091956	247839.60648809525	256029.20800000004	265876.4852307692	276888.12881333334	288425.1341805556	300965.3574057971	315840.7190909092	330880.7533333334	349891.57493333344	368306.92098245624	392213.6839814814	415285.0771568627	445521.80681249994	475223.2605999999	519586.4007380952	574123.7411794872	621967.3862777778	683118.0823939396	746507.2045333337	829452.4494814818	926369.0177083338	1040229.8873809533	1189458.3972222214	1419334.3421999991	219763.8444166665	293018.459222222	439527.688833333	879055.377666666
497305.0	71098.76172	72840.37047138049	73583.63955782313	74342.23378006875	75116.63204861112	75907.3334385965	76714.85826241138	77539.74921146955	78382.57257246377	80552.5766996337	81447.60532962963	82362.74696254682	83298.68726893942	84256.14344444446	85235.86604263568	86238.64093725491	87265.2914246032	89922.49830923697	91019.11414227643	92142.80690946503	93294.59199583334	94475.53619831224	95686.76102136752	98737.77850649353	100036.9598026316	101370.78593333335	102740.66141891894	104148.06773972606	105594.56868055557	107081.81612676059	110490.93930952382	112092.25727053141	113740.67281862746	115438.29480099503	117187.35987373738	118990.24233333333	122516.67347395833	124461.38257671958	126468.8242311828	128542.08364480876	130684.45170555556	133984.184740113	136294.2568908046	138685.38420467838	141161.90892261907	143728.4890848485	146487.27151234573	149251.18229559748	152121.3973397436	155104.16983660133	158206.25323333335	160143.76672108844	163480.09519444447	166958.39509219863	170587.9254202899	171489.72169629633	175387.21537121217	179465.98782170544	183738.98753174607	183857.56082926833	188453.99985000005	193286.15369230774	198372.63142105268	198442.04691891893	203954.32600000003	209781.5924571429	210667.69178431376	217051.56123232326	223834.42252083338	226559.1082580645	234111.07853333332	242183.87434482758	247839.60648809525	257018.85117283958	266904.1916025641	276511.54464	288032.85900000005	300965.3574057971	314645.6009242425	329628.72477777785	347424.79100000014	365710.3063157896	388768.4165925925	411637.1469803921	441240.39447916666	475223.2605999999	509167.7792142857	559554.5854102564	606184.1341944445	678509.8759393941	751429.8906333336	829452.4494814818	926369.0177083338	1058707.4488095248	1213601.535277777	1427350.0766666657	219763.8444166665	293018.459222222	439527.688833333	879055.377666666
541383.0	70261.35349000001	71816.93103030304	72549.75685714286	73297.69249484537	74061.21012500001	74840.80181052632	75636.9805531915	76450.28141935485	77281.26273913044	79243.91952380953	80124.40751851852	81024.68176029963	81945.41678030306	82887.31812260539	83851.12414728684	84837.60796078433	85847.57948412701	88316.68047791166	89393.71316666667	90497.33925514403	91628.55599583335	92788.4111350211	93978.00614957265	96929.44622943725	98204.83367982457	99514.23146222223	100859.01837387389	102240.6487625571	103660.65777314815	105120.6670375587	108611.5563571429	110185.636884058	111806.01389705885	113474.76037313436	115194.07492424245	116966.29146153848	120849.46486979166	122767.71034391534	124747.83470430109	126792.88117486339	128906.09586111111	132899.44241242937	135190.8121091954	137562.58074269007	140019.05539880952	142564.85640606063	146390.12777160498	149152.20565408806	152020.51730128206	155001.31175816996	158101.33799333335	161434.95227891157	164798.18045138894	168304.5247163121	171963.3187318841	174378.76820740744	178341.92203030307	182489.4085891473	186834.39450793655	188220.42625203254	192925.93690833336	197872.7558034188	198372.63142105268	203734.05389189193	209393.3331666667	215375.99982857148	215951.6392941177	222495.6283636364	229448.61675000007	231054.88776344084	238756.71735555553	246989.7076091954	250833.29842857143	260123.42059259265	266904.1916025641	277580.3592666667	289146.2075694445	300556.0267826087	314217.66436363646	329628.72477777785	346110.1610166668	365710.3063157896	386027.5455555555	411637.1469803921	437364.4686666666	470656.42077777773	504274.7365476191	548334.5314615384	606184.1341944445	661291.782757576	746360.8635333336	834922.1007037039	933134.0056666672	1058707.4488095248	1213601.535277777	1427350.0766666657	1774167.9277499989	293018.459222222	439527.688833333	879055.377666666
589369.0	69578.87910333334	70971.06413131313	71695.25866326531	72434.38504123712	73188.90988541668	73959.3194631579	74746.12073404258	75549.8424623656	76371.03640217392	78130.50738461538	78998.62413333333	79886.24912359551	80794.04740909093	81722.71462068967	82672.97874418605	83645.60202352943	84641.38300000002	86881.88767068276	87941.42288617887	89027.11946502059	90139.95845833335	91280.9705907173	92451.23944444445	95198.49973593075	96451.11157456141	97737.12639555556	99057.89837387389	100414.85588584476	101809.50666203705	103243.44337558687	106622.39085238098	108167.64289371984	109758.34352450982	111396.52775621893	113084.35393434345	116966.29146153848	118793.88976562502	120679.50706349207	122625.95072580648	124636.21221311478	126713.4824166667	131090.9449435028	133351.13364942526	135690.62722222222	138113.67413690474	140624.83184848484	145204.9463395062	147944.66230817608	150789.75196794872	153746.41377124185	158101.33799333335	161327.89591156464	164688.89374305558	168192.9127588653	171849.28042753626	175784.72581481485	179779.83321969703	183960.75957364342	188340.7776587302	191391.3309593496	196176.11423333336	201206.27100854702	203079.9335877193	208568.58044144147	214362.1521203704	220486.7850380953	221710.58805882357	228429.0907272728	235567.4998125001	236850.18503225804	244745.19119999997	246989.7076091954	255810.7685952381	265285.24150617287	270128.1675384615	280933.29424	292638.8481666667	301717.78181159426	315432.22643939406	329180.4102857144	345639.43080000015	364326.4852807019	384566.845574074	408735.04823529406	434280.98874999996	466522.09991111106	504274.7365476191	543065.1008974359	594029.0757500001	661291.782757576	746360.8635333336	829289.8483703707	939287.3632916672	1066438.8636190486	1235158.690277777	1456321.8423333324	1774167.9277499989	293018.459222222	439527.688833333	879055.377666666
641607.0	69022.44559333334	70281.69606397307	70998.85622789116	71730.80319931272	72477.99906597222	73240.92537192983	74020.08415248229	74815.99903584231	75629.21641666668	77210.27856043956	78068.17054444444	78945.341	79842.44714772729	80760.17642528737	81699.24824418606	82660.41587058824	83644.46844047621	85661.15869879519	86705.80697560975	87776.24903703704	88873.45215000001	89998.43255696203	91152.25861538462	93651.90489177492	94884.16679824563	96149.28902222223	97448.60373873875	98783.51611872148	100155.50939814816	101566.15037558688	104718.34970952383	106236.00695169084	107798.30117156864	109407.23103980102	111064.91635858588	114824.11322564103	116618.23999479167	118469.32316931218	120380.1187043011	122353.56327322406	124392.78932777779	128861.16855932205	131082.9128448276	133382.61307017546	135764.44544642858	138232.88990909094	143228.99540123457	145931.42927672953	148737.80291666664	151654.2304248366	156821.34204666666	160021.77759863946	163355.56463194446	166831.21494326246	170457.98048550726	175668.15332592596	179660.61135606066	183838.76510852715	188340.7776587302	192934.45516260166	197757.8165416667	202828.5297863248	206501.172877193	212082.2856576577	217973.4602592593	220486.7850380953	226971.6904803922	233849.62049494954	235567.4998125001	243166.45141935485	251271.9998	253184.68055172413	262226.99057142856	271939.1013333334	275488.520025641	286508.06082666665	292638.8481666667	305362.2763478261	319242.3798181819	330452.80865079374	346975.4490833335	363830.9797894738	384566.845574074	407188.42472549016	434280.98874999996	463233.0546666666	499845.107047619	543065.1008974359	588320.5259722223	648031.7190000002	727420.9610333336	829289.8483703707	939287.3632916672	1066438.8636190486	1235158.690277777	1456321.8423333324	1784187.595833332	293018.459222222	439527.688833333	879055.377666666
698476.0	68560.64593000001	69253.17770707072	70431.06693197279	71157.16040549829	71898.3808263889	72655.2058877193	73428.1336099291	74217.68343369177	75024.39738405797	76460.3067069597	77309.86567037036	78178.51584644195	79066.90807196971	79975.7231072797	80905.67337596901	81857.50482745099	82831.9989325397	84652.23312048193	85684.57742682927	86742.41171604938	87826.69186250001	88938.4221392405	90078.65832051283	92336.0541818182	93551.00226315789	94798.34896	96079.40772972973	97395.56400000001	98748.28016666666	100139.10101408452	103017.0953809524	104510.09676328505	106047.00995098041	107629.80114427864	109260.55570707073	112773.60737948719	114535.69499479167	116353.72189947091	118230.39483333335	120168.59802732243	122171.40799444447	126501.14168926554	128682.19585632184	130939.7782397661	133277.9885654762	135701.22472121214	140792.75824074078	143449.2253773585	146207.86432692307	149074.68519607847	154687.31503333332	157844.19901360542	161132.6198263889	164560.97343971633	170457.98048550726	174245.93560740742	178206.0705075758	182350.39772868218	188215.8785634921	192806.5097479675	197626.6724916667	202694.0230683761	208166.12267543862	213792.23409909912	219730.90726851855	224201.27340952386	230795.42850980395	237789.22937373744	241157.42113541675	248936.6927849462	257234.58254444442	259936.5515172414	269219.9997857143	279191.110888889	282398.2975384615	293694.22944	298445.89669444447	311421.80524637684	319242.3798181819	334444.397904762	346975.4490833335	365237.31482456153	384043.8119999999	406634.62447058817	432637.7012708333	461480.21468888887	496321.13	538294.7306666666	588320.5259722223	641804.2101515153	712834.8909000002	808245.5122592595	932951.0794166671	1073471.2723333342	1244178.6742222214	1482190.4283333323	1784187.595833332	2365557.2369999983	439527.688833333	879055.377666666
760385.0	68170.66592666667	68859.25851178452	69959.8427857143	70681.07827835053	71417.33951041668	72169.10097894738	72936.85737234044	73721.124655914	74522.44122826088	75341.36915384616	76691.6062148148	77553.30965543071	78434.59726515153	79336.14436015327	80258.65766666668	81202.87716862746	82169.5780873016	83829.97482329319	84852.2915894309	85899.85074485597	86973.59887916668	88074.53051054852	89203.69115811966	90362.18065367966	92449.14932894737	93681.80465333334	94947.77498648649	96248.42943835618	97585.21318055557	98959.65280281691	101569.65960000001	103041.68365217393	104557.00252941178	106117.55480597017	107725.39654545455	110941.48733333335	112674.94807291668	114463.43931216933	116309.62381720432	118216.33896174865	120186.6112777778	124242.10982485875	126384.21516666666	128601.48209941523	130897.93713690476	133277.89963030306	138214.21036419756	140822.02565408804	143530.1415320513	146344.45803267977	152056.17890000003	155159.36622448982	158391.85302083337	161761.89244680858	168138.3859057971	171874.79448148148	175781.0398106061	179868.97096899225	186692.07386507938	191245.5390813008	196026.67755833335	201053.00262393162	208028.07630701756	213650.45674774778	219585.19165740744	226008.93319047624	232656.254754902	239706.44429292934	245220.14279166676	253130.46997849463	261568.1523111111	266104.74056321837	275608.48129761906	279191.110888889	289929.23053846153	301526.39976000006	305931.48900000006	319232.85808695655	325577.34184848494	341081.0247936509	351166.6178000001	369649.0713684212	385528.27675925917	408206.41068627447	432049.28849999997	461480.21468888887	494443.0871666667	534499.6784615384	583152.6248888889	641804.2101515153	705984.631166667	792038.7676666669	909276.2012916672	1066229.80504762	1244178.6742222214	1482190.4283333323	1820402.3029166653	2365557.2369999983	439527.688833333	879055.377666666
827782.0	67842.11162000001	68527.38547474748	69561.90400680272	70279.0370378007	71011.1103402778	71758.5957122807	72521.98502836881	73301.79131899643	74098.54992028986	74912.8196996337	76178.49547777777	77034.4336292135	77909.82492045457	78805.3401494253	79721.68131395351	80659.58344705885	81619.81658333336	83159.57300401607	84173.71413821139	85212.89579423868	86278.05699166667	87370.18429535865	88490.31486324787	89639.53973160175	91551.15671491229	92771.83880444444	94025.5123018018	95313.53301826485	96637.33208796296	97998.42127230047	100373.36212857145	101828.0485362319	103325.51983823531	104867.69177611942	106456.59619696972	109382.71033846155	111091.8151875	112855.17733333333	114675.42212903227	116555.34708196722	118497.93620000001	122223.67248587571	124330.97718390805	126512.22239766084	128771.36922619048	131112.66684848486	135746.00888271607	138307.25433333332	140967.00922435898	143731.0682287582	149271.34719333335	152317.70121768708	155490.98665972226	158799.30552482273	165278.455326087	168951.30988888894	172791.1123863637	176809.51034883724	184151.56551587302	188643.06711382113	193359.14379166666	198317.07055555555	206343.87111403508	211920.7324954955	217807.41950925926	225859.05427619052	232501.96763725494	239547.48180808086	247197.2706770834	255171.3761827957	263677.0887222222	270587.74377011496	280251.59176190477	285816.20282716054	296809.1337051282	308681.49905333336	314089.9997500001	327746.0866956522	333743.44254545466	349635.9874285715	358135.0760333335	376984.2905614036	390185.1308888888	408206.41068627447	433719.31135416665	460852.5743999999	493770.6154285714	532477.1707948718	579041.3183333335	636166.499878788	705984.631166667	792038.7676666669	909276.2012916672	1066229.80504762	1252383.1510555546	1493014.4090666657	1820402.3029166653	2378916.7944444427	439527.688833333	879055.377666666
901152.0	67575.39576666667	68257.97552188553	69226.64451020409	69940.32125773198	70668.86627083334	71412.74907368422	72172.45917021278	72948.50711827958	73741.42567391305	74551.77101098902	75745.18436296296	76596.25385018728	77466.66582575759	78357.08727203067	79268.21619379846	80200.78344313726	81155.55467460319	82603.1878674699	83610.54381707318	84642.77275308642	85700.80741250001	86785.62775949368	87898.26401282052	89039.79990909093	90819.00735964913	92029.92745777778	93273.57512612613	94551.29533333334	95864.50776851852	97214.7121032864	99398.39871904763	100838.95522222224	102321.88103431373	103849.07328855724	105422.54409595962	107044.42938974359	109783.364828125	111525.95792063493	113324.7636935484	115182.54670491804	117102.25581666669	120506.37579661015	122584.07193103447	124734.66968421053	126962.0745	129270.47585454547	133540.6791975309	136060.31465408806	138676.85916666666	141396.01326797387	146605.68959333334	149597.64244217688	152714.25999305557	155963.49956737593	162251.46434057973	165857.05243703705	169626.5309015152	173571.33394573643	181019.26059523813	185434.36451219514	190070.22362500004	194943.81910256413	203535.94083333333	209036.9122072072	214843.49310185184	224030.48863809527	230619.62065686277	237608.09401010105	247033.34061458343	255002.15805376344	263502.2299888889	272769.4021264368	282511.16648809524	290631.2803456791	301809.4065128205	308681.49905333336	321543.2281805556	335523.3685362319	342643.63609090925	358959.99971428583	367117.7868000002	386439.7755789475	397927.86225925916	413137.19741176465	438958.2722499999	462633.93211111106	493770.6154285714	531752.9704615384	576850.2683611112	631681.4381818183	699783.1498666669	784427.3679629633	891043.6136250005	1039172.8014761914	1243934.7725555545	1493014.4090666657	1852738.0354166655	2378916.7944444427	439527.688833333	879055.377666666
981025.0	67382.97611333334	68063.61223569025	68758.13889115647	69665.35646048111	70391.03725694446	71131.99554385967	71888.71890070924	72661.71587813622	73451.51713768118	74258.67666666667	75380.12402222223	76227.09170786517	77093.30865909094	77979.43864367818	78886.17630232559	79814.2489647059	80764.41859523812	82133.33244176708	83134.95844715448	84161.31595884774	85213.33240833334	86291.98218565401	87398.28964957266	88533.33237229439	90211.37622368422	91414.19457333334	92649.52152702704	93918.69305479454	95223.11934722224	96564.29004225355	98603.49370476192	100032.52984541064	101503.59646078432	103018.57551243783	104579.46302020203	106188.37783589744	108716.99859895834	110442.66524338625	112223.99855376345	114063.73623497269	115964.79850555556	119087.03981355931	121140.26463793103	123265.5324385965	125466.70266071429	127747.91543636365	131664.3735555556	134148.60701886792	136728.38792307692	139409.33670588236	144223.93353333336	147167.27911564626	150233.26409722224	153429.71652482275	159354.01042753624	162895.2106592593	166597.37453787884	170471.73208527133	177703.98475396828	182038.22828455287	186589.18399166668	194943.81910256413	200073.9196052632	205481.32283783788	211189.13736111115	220981.87861904764	227481.3456372549	234374.71974747477	245033.34694791673	252937.64846236556	263502.2299888889	272588.5137816092	282323.81784523814	292974.54302469146	304242.7946794872	313881.78277333337	326960.19038888894	335523.3685362319	350774.43074242433	358959.99971428583	376907.9997000002	386439.7755789475	407908.65199999994	421335.3835686274	447668.84504166665	468222.15706666664	495679.2129761905	531752.9704615384	576065.7180000001	629291.201848485	694849.5820000003	777536.8331851854	882480.7889583339	1018335.5584285723	1243934.7725555545	1502859.7812666656	1852738.0354166655	2427203.070555554	439527.688833333	879055.377666666
1067978.0	67273.82073666668	67953.35427946129	68646.7558537415	69466.98568384882	70190.60011805558	70929.44854035089	71684.01714184399	72454.81302508962	73242.36534057972	74047.2264981685	75083.77307407408	75927.41097378278	76790.22246212124	77672.86869731803	78576.04158914731	79500.46560784316	80446.89972222225	81416.13947791167	82734.28246341464	83755.69335802468	84802.639525	85876.09065822785	86977.06617948718	88106.63846753248	89698.24464035088	90894.22123555557	92122.52152252253	93384.47387214613	94681.48045370371	96015.0224319249	97943.77990000002	99363.25497101451	100824.47930882355	102329.32228358212	103879.76656060609	105477.91681538463	107847.57123958334	109559.43744973544	111326.52515053765	113151.55015300548	115037.40932222223	117930.30356497173	119963.58466091953	122068.20895321638	124247.99839880952	126507.05291515152	130113.6175740741	132568.59149056603	135117.98748076922	137767.35978431374	142197.52344	145099.5137142857	148122.42025000002	151273.961106383	156765.14514492755	160248.81503703707	163890.83356060612	167702.24829457366	174530.58284920637	178787.42633333334	183257.1119916667	191373.52204273504	196409.66735964915	201718.03674774777	207321.3155462963	217223.1127142858	223612.0277941177	230388.1498484849	241698.92973958337	249495.66940860212	261368.90341111107	270381.6242183908	280038.11079761904	292780.25554320996	304041.0346025641	316412.5064666667	329596.3609027779	341175.8508405798	356683.84406060615	367477.9750634922	385851.87381666683	396745.26284210547	418786.6663333333	431903.27858823526	447668.84504166665	477513.43471111107	501666.59685714287	533808.3832051283	578292.415138889	628435.3287272729	692220.3220333336	772055.0911111113	874728.9373333338	1018335.5584285723	1212368.2683888879	1492721.7270666657	1866268.0113333322	2427203.070555554	3548335.8554999977	879055.377666666
1162638.0	67248.68010333335	67927.95970033671	68621.1021462585	69354.4543676976	70076.89660069445	70814.54814385966	71567.89440070924	72337.44165232977	73123.71819202899	73927.27553479854	74748.68970740741	75711.20911610487	76571.56376515154	77451.69668199235	78352.29780620158	79274.08954509806	80217.82870634923	81184.30857028114	82409.01922764229	83426.41452674898	84469.24470833335	85538.47565400845	86635.12277777778	87760.25424242426	89265.93634210527	90456.14882666667	91678.52921621622	92934.39947945207	94225.15502777779	95552.26988732396	97386.66560952383	98798.06656038649	100250.97930392159	101747.26257711445	103288.88776767679	104877.94757948718	107126.009265625	108826.42211111113	110581.68698387098	112394.50152459019	114267.74321666668	116987.19592090395	119004.21654022989	121092.00981286551	123254.36713095238	125495.35562424244	128849.77611728397	131280.90396855344	133805.53673717947	136429.17471241832	140522.70698000002	143390.51732653062	146377.81977083336	149492.24146808515	154562.52547826088	157997.2482666667	161588.09481818185	165345.95748837208	171695.158968254	175882.84577235774	180279.9169166667	187956.0122991453	192902.22314912282	198115.79674774778	203619.0133240741	213244.78170476196	219516.68704901965	226168.7078686869	237587.7795312501	245251.9014516129	257812.19172222217	266702.2672988505	276227.3482738095	290409.8926790124	301579.50393589743	316202.6759866667	329377.78748611116	343926.6374637682	359559.66643939406	373668.78901587316	392352.2284666668	406159.86717543873	428724.30424074066	443421.17611764703	458897.2335	489490.38239999994	511621.5371904762	540256.335076923	578292.415138889	630864.4528787881	691278.8616000003	769133.6911481484	874728.9373333338	1008549.473095239	1188058.151499999	1492721.7270666657	1878574.726583332	2470317.380555554	3548335.8554999977	879055.377666666
1265689.0	67294.04581333334	67973.78364983166	68667.39368707484	69328.53618900345	70050.70844097223	70788.08431929826	71541.14904609931	72310.40871326167	73096.39141666668	73899.64846520148	74720.75567037037	75588.56262546817	76447.52356439397	77326.23073180078	78225.37294961241	79145.67145490197	80087.8818293651	81052.7960682731	82174.36111382114	83188.85939917696	84228.72014166668	85294.90647257384	86388.43091452992	87510.35858874461	88661.81067543861	90100.5276888889	91318.10238738741	92569.03529680368	93854.71634259261	95176.61375586857	96536.2796666667	98321.90089855074	99767.81120588236	101256.88301492539	102791.07821212123	104372.47941538462	106516.66551041667	108207.40623280423	109952.68697849465	111755.19004371586	113617.77654444445	116204.48462711864	118208.01022413794	120281.8349649123	122429.724875	124655.71987272729	127819.34369135805	130231.02942138363	132735.47229487178	135338.1286143791	139157.75820666668	141997.7124557823	144955.99813194445	148040.16830496458	152742.07280434784	156136.3410888889	159684.89429545458	163398.4964883721	169282.766	173411.6139512195	177746.90430000002	184902.4788888889	189768.33359649125	194897.2074774775	200311.01879629632	209436.69941904765	215596.6023431373	222129.83271717175	233236.4799895834	240760.23740860214	253426.96483333333	262165.8256896552	271528.89089285716	286457.99080246914	297475.6058333333	313642.6840933333	326711.1292638889	343698.5608550725	359321.2227121213	376681.55531746044	395515.6330833335	413002.34575438616	435946.9205185184	453943.38096078427	471134.999625	502543.9996	524453.9811428571	550977.040051282	585277.6963333334	630864.4528787881	691278.8616000003	769133.6911481484	868561.9775000005	999690.214095239	1176641.0519444435	1454841.9220666657	1878574.726583332	2470317.380555554	3568375.191666664	879055.377666666
1377873.0	67381.92546	68062.55096969698	68757.06679591836	69465.90253608249	70097.96438888891	70835.83769824562	71589.41043971633	72359.189046595	73145.70197101451	73949.5008937729	74771.16201481482	75560.31472284645	76418.95466287881	77297.3334521073	78196.13965503877	79116.0942392157	80057.95250396828	81022.50614859439	82041.24480081302	83054.09967489712	84092.27592083334	85156.73510970465	86248.48812393163	87368.59835930738	88518.18517982456	89843.96815111113	91058.07582882883	92305.44673059363	93587.46682407409	94905.60015962443	96261.39444761907	97935.3561835749	99375.58200980394	100858.79965174133	102386.9632828283	103962.14733333334	106003.29940625001	107685.89146031746	109422.76067741937	111216.57642622953	113070.18603333335	115543.50157062146	117535.63090804598	119597.65952046785	121733.33201190476	123946.66532121213	126964.15912962967	129359.70930188679	131847.39601923077	134432.63907843138	138044.89118666667	140862.13386394558	143796.7616527778	146856.2672198582	151258.43283333335	154619.73134074075	158133.81614393942	161811.346751938	167288.9368809524	171369.15485365855	175653.38372500002	182304.51723076924	187102.00452631578	192158.81545945947	197496.56033333333	206034.1907619048	212094.01990196083	218521.11141414146	229071.3899895834	236460.78966666665	248785.57865555552	257364.39171264367	266555.9771309524	281585.51648148155	292415.72865384613	309374.63006666664	322265.2396527778	340915.9609710145	356412.1410151516	376431.75712698424	395253.3449833335	416332.24535087735	439461.814537037	461590.8570196078	482314.8422708333	514469.16508888884	538439.9995714286	564796.595076923	596891.7933888889	638484.7596363638	693950.898166667	768087.6240000002	865275.4025416671	992642.2600000008	1176641.0519444435	1425669.781799999	1865902.1588333321	2488357.3484444427	3568375.191666664	879055.377666666
1500000.0	67477.08463333333	68158.67134680136	68854.16799319729	69564.00477663231	70189.50568750002	70928.34258947369	71682.89942553193	72453.68329032259	73241.22332608697	74046.07193406593	74868.80606666666	75710.02860674157	76470.50660606063	77349.47794636017	78248.89048062018	79169.46566274512	80111.95930158733	81077.1636305221	82065.90952845529	83023.06185596708	84060.85012916668	85124.91152320676	86216.25654273505	87335.9481861472	88485.10539912281	89698.4276488889	90910.56856306308	92155.91881735162	93435.86213425927	94751.86019248828	96105.45819523811	97656.48712077297	99092.61193137256	100571.6061393035	102095.41835353538	103666.11709743591	105586.55588541667	107262.53296296297	108992.57381720432	110779.33732240439	112625.65961111113	114986.62986440677	116969.15796551724	119021.24845614037	121146.62789285714	123349.29385454547	126241.97393827164	128623.89797484275	131097.43447435898	133667.97240522876	137121.29186000003	139919.6855714286	142834.67902083337	145873.71474468088	150048.79476811594	153383.21242962964	156869.19453030307	160517.31533333333	165663.99786507938	169704.5831788618	173947.19775833335	180157.31664102565	184898.29865789475	189895.54997297298	195170.42636111114	203139.31920000003	209114.00505882356	215450.7930909091	225349.89614583342	232619.2476344086	244342.81598888888	252768.43033333332	261795.87427380952	276428.4207283951	287060.2830641026	304112.35780000006	316783.70604166674	336276.7718115942	351562.0796212122	373384.1477301588	392053.3551166668	416056.15261403524	439461.814537037	465312.5095098039	490440.28558333335	514469.16508888884	551216.9625952381	579858.4610769231	611862.9780000001	651154.6836969699	702333.2356000002	771056.5535185188	864098.5770000004	988886.1743333342	1166305.249777777	1425669.781799999	1818552.402583332	2488357.3484444427	3640804.6058333307	879055.377666666
