years	0.0	0.01	0.02	0.03	0.04	0.05	0.06	0.07	0.08	0.09	0.1	0.11	0.12	0.13	0.14	0.15	0.16	0.17	0.18	0.19	0.2	0.21	0.22	0.23	0.24	0.25	0.26	0.27	0.28	0.29	0.3	0.31	0.32	0.33	0.34	0.35	0.36	0.37	0.38	0.39	0.4	0.41	0.42	0.43	0.44	0.45	0.46	0.47	0.48	0.49	0.5	0.51	0.52	0.53	0.54	0.55	0.56	0.57	0.58	0.59	0.6	0.61	0.62	0.63	0.64	0.65	0.66	0.67	0.68	0.69	0.7	0.71	0.72	0.73	0.74	0.75	0.76	0.77	0.78	0.79	0.8	0.81	0.82	0.83	0.84	0.85	0.86	0.87	0.88	0.89	0.9	0.91	0.92	0.93	0.94	0.95	0.96	0.97	0.98	0.99
10000.0	9128.211026666666	9220.415178451178	9314.501047619047	9410.52683161512	9508.553152777778	9608.643185964913	9710.86279432624	9815.280673835126	9921.968507246376	10031.001128205127	10142.456696296296	10256.416883895132	10372.967075757577	10492.196582375478	10614.198868217054	10739.071796078431	10866.91788888889	10997.844610441767	11131.964666666667	11269.396329218105	11410.263783333332	11554.697502109704	11702.834649572647	11854.819515151514	12010.80398245614	12170.948035555555	12335.420306306307	12504.398666666668	12678.07087037037	12856.635248826291	13040.301466666666	13229.291342995168	13423.839745098041	13624.195562189056	13830.62276767677	14043.40157948718	14262.829729166666	14489.223851851852	14722.921010752689	14964.2803715847	15213.685044444444	15471.544112994348	15738.294873563218	16014.40530994152	16300.376833333334	16596.747321212122	16904.09449382716	17223.039672955972	17554.251974358973	17898.45299346405	18256.422053333332	18629.002095238095	19017.106305555557	19421.72558865248	19843.937014492756	20284.913392592596	20745.934151515154	21228.397736434104	21733.835777777775	22263.929333333333	22820.527566666664	23405.669299145295	24021.60796491228	24670.840612612614	25356.14174074074	26080.60293333333	26847.679490196082	27661.24553535354	28525.659458333335	29445.84202150537	30427.370088888885	31476.589747126436	32600.753666666667	33808.18898765432	35108.503948717946	36512.844106666664	38034.212611111114	39687.87402898551	41491.86830303031	43467.671555555564	45641.05513333334	48043.215929824575	50712.28348148147	53695.35898039214	57051.31891666665	60854.74017777777	65201.507333333335	70217.00789743589	76068.42522222223	82983.73660606061	91282.11026666668	101424.56696296298	114102.63783333339	130403.01466666674	152136.8504444443	182564.22053333314	228205.27566666648	304273.7008888886	456410.55133333296	912821.1026666659
10886.0	9128.211026666666	9220.415178451178	9314.501047619047	9410.52683161512	9508.553152777778	9608.643185964913	9710.86279432624	9815.280673835126	9921.968507246376	10031.001128205127	10142.456696296296	10256.416883895132	10372.967075757577	10492.196582375478	10614.198868217054	10739.071796078431	10866.91788888889	10997.844610441767	11131.964666666667	11269.396329218105	11410.263783333332	11554.697502109704	11702.834649572647	11854.819515151514	12010.80398245614	12170.948035555555	12335.420306306307	12504.398666666668	12678.07087037037	12856.635248826291	13040.301466666666	13229.291342995168	13423.839745098041	13624.195562189056	13830.62276767677	14043.40157948718	14262.829729166666	14489.223851851852	14722.921010752689	14964.2803715847	15213.685044444444	15471.544112994348	15738.294873563218	16014.40530994152	16300.376833333334	16596.747321212122	16904.09449382716	17223.039672955972	17554.251974358973	17898.45299346405	18256.422053333332	18629.002095238095	19017.106305555557	19421.72558865248	19843.937014492756	20284.913392592596	20745.934151515154	21228.397736434104	21733.835777777775	22263.929333333333	22820.527566666664	23405.669299145295	24021.60796491228	24670.840612612614	25356.14174074074	26080.60293333333	26847.679490196082	27661.24553535354	28525.659458333335	29445.84202150537	30427.370088888885	31476.589747126436	32600.753666666667	33808.18898765432	35108.503948717946	36512.844106666664	38034.212611111114	39687.87402898551	41491.86830303031	43467.671555555564	45641.05513333334	48043.215929824575	50712.28348148147	53695.35898039214	57051.31891666665	60854.74017777777	65201.507333333335	70217.00789743589	76068.42522222223	82983.73660606061	91282.11026666668	101424.56696296298	114102.63783333339	130403.01466666674	152136.8504444443	182564.22053333314	228205.27566666648	304273.7008888886	456410.55133333296	912821.1026666659
11851.0	9128.211026666666	9220.415178451178	9314.501047619047	9410.52683161512	9508.553152777778	9608.643185964913	9710.86279432624	9815.280673835126	9921.968507246376	10031.001128205127	10142.456696296296	10256.416883895132	10372.967075757577	10492.196582375478	10614.198868217054	10739.071796078431	10866.91788888889	10997.844610441767	11131.964666666667	11269.396329218105	11410.263783333332	11554.697502109704	11702.834649572647	11854.819515151514	12010.80398245614	12170.948035555555	12335.420306306307	12504.398666666668	12678.07087037037	12856.635248826291	13040.301466666666	13229.291342995168	13423.839745098041	13624.195562189056	13830.62276767677	14043.40157948718	14262.829729166666	14489.223851851852	14722.921010752689	14964.2803715847	15213.685044444444	15471.544112994348	15738.294873563218	16014.40530994152	16300.376833333334	16596.747321212122	16904.09449382716	17223.039672955972	17554.251974358973	17898.45299346405	18256.422053333332	18629.002095238095	19017.106305555557	19421.72558865248	19843.937014492756	20284.913392592596	20745.934151515154	21228.397736434104	21733.835777777775	22263.929333333333	22820.527566666664	23405.669299145295	24021.60796491228	24670.840612612614	25356.14174074074	26080.60293333333	26847.679490196082	27661.24553535354	28525.659458333335	29445.84202150537	30427.370088888885	31476.589747126436	32600.753666666667	33808.18898765432	35108.503948717946	36512.844106666664	38034.212611111114	39687.87402898551	41491.86830303031	43467.671555555564	45641.05513333334	48043.215929824575	50712.28348148147	53695.35898039214	57051.31891666665	60854.74017777777	65201.507333333335	70217.00789743589	76068.42522222223	82983.73660606061	91282.11026666668	101424.56696296298	114102.63783333339	130403.01466666674	152136.8504444443	182564.22053333314	228205.27566666648	304273.7008888886	456410.55133333296	912821.1026666659
12902.0	9128.211026666666	9220.415178451178	9314.501047619047	9410.52683161512	9508.553152777778	9608.643185964913	9710.86279432624	9815.280673835126	9921.968507246376	10031.001128205127	10142.456696296296	10256.416883895132	10372.967075757577	10492.196582375478	10614.198868217054	10739.071796078431	10866.91788888889	10997.844610441767	11131.964666666667	11269.396329218105	11410.263783333332	11554.697502109704	11702.834649572647	11854.819515151514	12010.80398245614	12170.948035555555	12335.420306306307	12504.398666666668	12678.07087037037	12856.635248826291	13040.301466666666	13229.291342995168	13423.839745098041	13624.195562189056	13830.62276767677	14043.40157948718	14262.829729166666	14489.223851851852	14722.921010752689	14964.2803715847	15213.685044444444	15471.544112994348	15738.294873563218	16014.40530994152	16300.376833333334	16596.747321212122	16904.09449382716	17223.039672955972	17554.251974358973	17898.45299346405	18256.422053333332	18629.002095238095	19017.106305555557	19421.72558865248	19843.937014492756	20284.913392592596	20745.934151515154	21228.397736434104	21733.835777777775	22263.929333333333	22820.527566666664	23405.669299145295	24021.60796491228	24670.840612612614	25356.14174074074	26080.60293333333	26847.679490196082	27661.24553535354	28525.659458333335	29445.84202150537	30427.370088888885	31476.589747126436	32600.753666666667	33808.18898765432	35108.503948717946	36512.844106666664	38034.212611111114	39687.87402898551	41491.86830303031	43467.671555555564	45641.05513333334	48043.215929824575	50712.28348148147	53695.35898039214	57051.31891666665	60854.74017777777	65201.507333333335	70217.00789743589	76068.42522222223	82983.73660606061	91282.11026666668	101424.56696296298	114102.63783333339	130403.01466666674	152136.8504444443	182564.22053333314	228205.27566666648	304273.7008888886	456410.55133333296	912821.1026666659
14046.0	9128.211026666666	9220.415178451178	9314.501047619047	9410.52683161512	9508.553152777778	9608.643185964913	9710.86279432624	9815.280673835126	9921.968507246376	10031.001128205127	10142.456696296296	10256.416883895132	10372.967075757577	10492.196582375478	10614.198868217054	10739.071796078431	10866.91788888889	10997.844610441767	11131.964666666667	11269.396329218105	11410.263783333332	11554.697502109704	11702.834649572647	11854.819515151514	12010.80398245614	12170.948035555555	12335.420306306307	12504.398666666668	12678.07087037037	12856.635248826291	13040.301466666666	13229.291342995168	13423.839745098041	13624.195562189056	13830.62276767677	14043.40157948718	14262.829729166666	14489.223851851852	14722.921010752689	14964.2803715847	15213.685044444444	15471.544112994348	15738.294873563218	16014.40530994152	16300.376833333334	16596.747321212122	16904.09449382716	17223.039672955972	17554.251974358973	17898.45299346405	18256.422053333332	18629.002095238095	19017.106305555557	19421.72558865248	19843.937014492756	20284.913392592596	20745.934151515154	21228.397736434104	21733.835777777775	22263.929333333333	22820.527566666664	23405.669299145295	24021.60796491228	24670.840612612614	25356.14174074074	26080.60293333333	26847.679490196082	27661.24553535354	28525.659458333335	29445.84202150537	30427.370088888885	31476.589747126436	32600.753666666667	33808.18898765432	35108.503948717946	36512.844106666664	38034.212611111114	39687.87402898551	41491.86830303031	43467.671555555564	45641.05513333334	48043.215929824575	50712.28348148147	53695.35898039214	57051.31891666665	60854.74017777777	65201.507333333335	70217.00789743589	76068.42522222223	82983.73660606061	91282.11026666668	101424.56696296298	114102.63783333339	130403.01466666674	152136.8504444443	182564.22053333314	228205.27566666648	304273.7008888886	456410.55133333296	912821.1026666659
15291.0	9128.211026666666	9220.415178451178	9314.501047619047	9410.52683161512	9508.553152777778	9608.643185964913	9710.86279432624	9815.280673835126	9921.968507246376	10031.001128205127	10142.456696296296	10256.416883895132	10372.967075757577	10492.196582375478	10614.198868217054	10739.071796078431	10866.91788888889	10997.844610441767	11131.964666666667	11269.396329218105	11410.263783333332	11554.697502109704	11702.834649572647	11854.819515151514	12010.80398245614	12170.948035555555	12335.420306306307	12504.398666666668	12678.07087037037	12856.635248826291	13040.301466666666	13229.291342995168	13423.839745098041	13624.195562189056	13830.62276767677	14043.40157948718	14262.829729166666	14489.223851851852	14722.921010752689	14964.2803715847	15213.685044444444	15471.544112994348	15738.294873563218	16014.40530994152	16300.376833333334	16596.747321212122	16904.09449382716	17223.039672955972	17554.251974358973	17898.45299346405	18256.422053333332	18629.002095238095	19017.106305555557	19421.72558865248	19843.937014492756	20284.913392592596	20745.934151515154	21228.397736434104	21733.835777777775	22263.929333333333	22820.527566666664	23405.669299145295	24021.60796491228	24670.840612612614	25356.14174074074	26080.60293333333	26847.679490196082	27661.24553535354	28525.659458333335	29445.84202150537	30427.370088888885	31476.589747126436	32600.753666666667	33808.18898765432	35108.503948717946	36512.844106666664	38034.212611111114	39687.87402898551	41491.86830303031	43467.671555555564	45641.05513333334	48043.215929824575	50712.28348148147	53695.35898039214	57051.31891666665	60854.74017777777	65201.507333333335	70217.00789743589	76068.42522222223	82983.73660606061	91282.11026666668	101424.56696296298	114102.63783333339	130403.01466666674	152136.8504444443	182564.22053333314	228205.27566666648	304273.7008888886	456410.55133333296	912821.1026666659
16646.0	9128.211026666666	9220.415178451178	9314.501047619047	9410.52683161512	9508.553152777778	9608.643185964913	9710.86279432624	9815.280673835126	9921.968507246376	10031.001128205127	10142.456696296296	10256.416883895132	10372.967075757577	10492.196582375478	10614.198868217054	10739.071796078431	10866.91788888889	10997.844610441767	11131.964666666667	11269.396329218105	11410.263783333332	11554.697502109704	11702.834649572647	11854.819515151514	12010.80398245614	12170.948035555555	12335.420306306307	12504.398666666668	12678.07087037037	12856.635248826291	13040.301466666666	13229.291342995168	13423.839745098041	13624.195562189056	13830.62276767677	14043.40157948718	14262.829729166666	14489.223851851852	14722.921010752689	14964.2803715847	15213.685044444444	15471.544112994348	15738.294873563218	16014.40530994152	16300.376833333334	16596.747321212122	16904.09449382716	17223.039672955972	17554.251974358973	17898.45299346405	18256.422053333332	18629.002095238095	19017.106305555557	19421.72558865248	19843.937014492756	20284.913392592596	20745.934151515154	21228.397736434104	21733.835777777775	22263.929333333333	22820.527566666664	23405.669299145295	24021.60796491228	24670.840612612614	25356.14174074074	26080.60293333333	26847.679490196082	27661.24553535354	28525.659458333335	29445.84202150537	30427.370088888885	31476.589747126436	32600.753666666667	33808.18898765432	35108.503948717946	36512.844106666664	38034.212611111114	39687.87402898551	41491.86830303031	43467.671555555564	45641.05513333334	48043.215929824575	50712.28348148147	53695.35898039214	57051.31891666665	60854.74017777777	65201.507333333335	70217.00789743589	76068.42522222223	82983.73660606061	91282.11026666668	101424.56696296298	114102.63783333339	130403.01466666674	152136.8504444443	182564.22053333314	228205.27566666648	304273.7008888886	456410.55133333296	912821.1026666659
18122.0	9128.211026666666	9220.415178451178	9314.501047619047	9410.52683161512	9508.553152777778	9608.643185964913	9710.86279432624	9815.280673835126	9921.968507246376	10031.001128205127	10142.456696296296	10256.416883895132	10372.967075757577	10492.196582375478	10614.198868217054	10739.071796078431	10866.91788888889	10997.844610441767	11131.964666666667	11269.396329218105	11410.263783333332	11554.697502109704	11702.834649572647	11854.819515151514	12010.80398245614	12170.948035555555	12335.420306306307	12504.398666666668	12678.07087037037	12856.635248826291	13040.301466666666	13229.291342995168	13423.839745098041	13624.195562189056	13830.62276767677	14043.40157948718	14262.829729166666	14489.223851851852	14722.921010752689	14964.2803715847	15213.685044444444	15471.544112994348	15738.294873563218	16014.40530994152	16300.376833333334	16596.747321212122	16904.09449382716	17223.039672955972	17554.251974358973	17898.45299346405	18256.422053333332	18629.002095238095	19017.106305555557	19421.72558865248	19843.937014492756	20284.913392592596	20745.934151515154	21228.397736434104	21733.835777777775	22263.929333333333	22820.527566666664	23405.669299145295	24021.60796491228	24670.840612612614	25356.14174074074	26080.60293333333	26847.679490196082	27661.24553535354	28525.659458333335	29445.84202150537	30427.370088888885	31476.589747126436	32600.753666666667	33808.18898765432	35108.503948717946	36512.844106666664	38034.212611111114	39687.87402898551	41491.86830303031	43467.671555555564	45641.05513333334	48043.215929824575	50712.28348148147	53695.35898039214	57051.31891666665	60854.74017777777	65201.507333333335	70217.00789743589	76068.42522222223	82983.73660606061	91282.11026666668	101424.56696296298	114102.63783333339	130403.01466666674	152136.8504444443	182564.22053333314	228205.27566666648	304273.7008888886	456410.55133333296	912821.1026666659
19728.0	9128.211026666666	9220.415178451178	9314.501047619047	9410.52683161512	9508.553152777778	9608.643185964913	9710.86279432624	9815.280673835126	9921.968507246376	10031.001128205127	10142.456696296296	10256.416883895132	10372.967075757577	10492.196582375478	10614.198868217054	10739.071796078431	10866.91788888889	10997.844610441767	11131.964666666667	11269.396329218105	11410.263783333332	11554.697502109704	11702.834649572647	11854.819515151514	12010.80398245614	12170.948035555555	12335.420306306307	12504.398666666668	12678.07087037037	12856.635248826291	13040.301466666666	13229.291342995168	13423.839745098041	13624.195562189056	13830.62276767677	14043.40157948718	14262.829729166666	14489.223851851852	14722.921010752689	14964.2803715847	15213.685044444444	15471.544112994348	15738.294873563218	16014.40530994152	16300.376833333334	16596.747321212122	16904.09449382716	17223.039672955972	17554.251974358973	17898.45299346405	18256.422053333332	18629.002095238095	19017.106305555557	19421.72558865248	19843.937014492756	20284.913392592596	20745.934151515154	21228.397736434104	21733.835777777775	22263.929333333333	22820.527566666664	23405.669299145295	24021.60796491228	24670.840612612614	25356.14174074074	26080.60293333333	26847.679490196082	27661.24553535354	28525.659458333335	29445.84202150537	30427.370088888885	31476.589747126436	32600.753666666667	33808.18898765432	35108.503948717946	36512.844106666664	38034.212611111114	39687.87402898551	41491.86830303031	43467.671555555564	45641.05513333334	48043.215929824575	50712.28348148147	53695.35898039214	57051.31891666665	60854.74017777777	65201.507333333335	70217.00789743589	76068.42522222223	82983.73660606061	91282.11026666668	101424.56696296298	114102.63783333339	130403.01466666674	152136.8504444443	182564.22053333314	228205.27566666648	304273.7008888886	456410.55133333296	912821.1026666659
21476.0	73611.33180333333	74354.88060942761	75113.60388095239	9410.52683161512	9508.553152777778	9608.643185964913	9710.86279432624	9815.280673835126	9921.968507246376	10031.001128205127	10142.456696296296	10256.416883895132	10372.967075757577	10492.196582375478	10614.198868217054	10739.071796078431	10866.91788888889	10997.844610441767	11131.964666666667	11269.396329218105	11410.263783333332	11554.697502109704	11702.834649572647	11854.819515151514	12010.80398245614	12170.948035555555	12335.420306306307	12504.398666666668	12678.07087037037	12856.635248826291	13040.301466666666	13229.291342995168	13423.839745098041	13624.195562189056	13830.62276767677	14043.40157948718	14262.829729166666	14489.223851851852	14722.921010752689	14964.2803715847	15213.685044444444	15471.544112994348	15738.294873563218	16014.40530994152	16300.376833333334	16596.747321212122	16904.09449382716	17223.039672955972	17554.251974358973	17898.45299346405	18256.422053333332	18629.002095238095	19017.106305555557	19421.72558865248	19843.937014492756	20284.913392592596	20745.934151515154	21228.397736434104	21733.835777777775	22263.929333333333	22820.527566666664	23405.669299145295	24021.60796491228	24670.840612612614	25356.14174074074	26080.60293333333	26847.679490196082	27661.24553535354	28525.659458333335	29445.84202150537	30427.370088888885	31476.589747126436	32600.753666666667	33808.18898765432	35108.503948717946	36512.844106666664	38034.212611111114	39687.87402898551	41491.86830303031	43467.671555555564	45641.05513333334	48043.215929824575	50712.28348148147	53695.35898039214	57051.31891666665	60854.74017777777	65201.507333333335	70217.00789743589	76068.42522222223	82983.73660606061	91282.11026666668	101424.56696296298	114102.63783333339	130403.01466666674	152136.8504444443	182564.22053333314	228205.27566666648	304273.7008888886	456410.55133333296	912821.1026666659
23380.0	73611.33180333333	74354.88060942761	75113.60388095239	75887.97093127148	76678.47062847222	77485.6124245614	78309.9274503546	79151.9696810036	80012.31717753623	80891.5734102564	81790.36867037037	10256.416883895132	10372.967075757577	10492.196582375478	10614.198868217054	10739.071796078431	10866.91788888889	10997.844610441767	11131.964666666667	11269.396329218105	11410.263783333332	11554.697502109704	11702.834649572647	11854.819515151514	12010.80398245614	12170.948035555555	12335.420306306307	12504.398666666668	12678.07087037037	12856.635248826291	13040.301466666666	13229.291342995168	13423.839745098041	13624.195562189056	13830.62276767677	14043.40157948718	14262.829729166666	14489.223851851852	14722.921010752689	14964.2803715847	15213.685044444444	15471.544112994348	15738.294873563218	16014.40530994152	16300.376833333334	16596.747321212122	16904.09449382716	17223.039672955972	17554.251974358973	17898.45299346405	18256.422053333332	18629.002095238095	19017.106305555557	19421.72558865248	19843.937014492756	20284.913392592596	20745.934151515154	21228.397736434104	21733.835777777775	22263.929333333333	22820.527566666664	23405.669299145295	24021.60796491228	24670.840612612614	25356.14174074074	26080.60293333333	26847.679490196082	27661.24553535354	28525.659458333335	29445.84202150537	30427.370088888885	31476.589747126436	32600.753666666667	33808.18898765432	35108.503948717946	36512.844106666664	38034.212611111114	39687.87402898551	41491.86830303031	43467.671555555564	45641.05513333334	48043.215929824575	50712.28348148147	53695.35898039214	57051.31891666665	60854.74017777777	65201.507333333335	70217.00789743589	76068.42522222223	82983.73660606061	91282.11026666668	101424.56696296298	114102.63783333339	130403.01466666674	152136.8504444443	182564.22053333314	228205.27566666648	304273.7008888886	456410.55133333296	912821.1026666659
25452.0	73611.33180333333	74354.88060942761	75113.60388095239	75887.97093127148	76678.47062847222	77485.6124245614	78309.9274503546	79151.9696810036	80012.31717753623	80891.5734102564	81790.36867037037	82709.36157677903	83649.24068560607	84610.72621072797	85594.57186434108	86601.56682745098	87632.53786111111	88688.35157028113	11131.964666666667	11269.396329218105	11410.263783333332	11554.697502109704	11702.834649572647	11854.819515151514	12010.80398245614	12170.948035555555	12335.420306306307	12504.398666666668	12678.07087037037	12856.635248826291	13040.301466666666	13229.291342995168	13423.839745098041	13624.195562189056	13830.62276767677	14043.40157948718	14262.829729166666	14489.223851851852	14722.921010752689	14964.2803715847	15213.685044444444	15471.544112994348	15738.294873563218	16014.40530994152	16300.376833333334	16596.747321212122	16904.09449382716	17223.039672955972	17554.251974358973	17898.45299346405	18256.422053333332	18629.002095238095	19017.106305555557	19421.72558865248	19843.937014492756	20284.913392592596	20745.934151515154	21228.397736434104	21733.835777777775	22263.929333333333	22820.527566666664	23405.669299145295	24021.60796491228	24670.840612612614	25356.14174074074	26080.60293333333	26847.679490196082	27661.24553535354	28525.659458333335	29445.84202150537	30427.370088888885	31476.589747126436	32600.753666666667	33808.18898765432	35108.503948717946	36512.844106666664	38034.212611111114	39687.87402898551	41491.86830303031	43467.671555555564	45641.05513333334	48043.215929824575	50712.28348148147	53695.35898039214	57051.31891666665	60854.74017777777	65201.507333333335	70217.00789743589	76068.42522222223	82983.73660606061	91282.11026666668	101424.56696296298	114102.63783333339	130403.01466666674	152136.8504444443	182564.22053333314	228205.27566666648	304273.7008888886	456410.55133333296	912821.1026666659
27709.0	74738.45351	75493.38738383837	76263.72807142857	77049.95207216496	77852.55573958333	78672.0563263158	79508.99309574468	80363.92850537636	80012.31717753623	80891.5734102564	81790.36867037037	82709.36157677903	83649.24068560607	84610.72621072797	85594.57186434108	86601.56682745098	87632.53786111111	88688.35157028113	89769.91683333334	90878.18741152262	92014.16475416666	93178.90101687763	94373.5023119658	95599.1322121212	96857.01553070176	12170.948035555555	12335.420306306307	12504.398666666668	12678.07087037037	12856.635248826291	13040.301466666666	13229.291342995168	13423.839745098041	13624.195562189056	13830.62276767677	14043.40157948718	14262.829729166666	14489.223851851852	14722.921010752689	14964.2803715847	15213.685044444444	15471.544112994348	15738.294873563218	16014.40530994152	16300.376833333334	16596.747321212122	16904.09449382716	17223.039672955972	17554.251974358973	17898.45299346405	18256.422053333332	18629.002095238095	19017.106305555557	19421.72558865248	19843.937014492756	20284.913392592596	20745.934151515154	21228.397736434104	21733.835777777775	22263.929333333333	22820.527566666664	23405.669299145295	24021.60796491228	24670.840612612614	25356.14174074074	26080.60293333333	26847.679490196082	27661.24553535354	28525.659458333335	29445.84202150537	30427.370088888885	31476.589747126436	32600.753666666667	33808.18898765432	35108.503948717946	36512.844106666664	38034.212611111114	39687.87402898551	41491.86830303031	43467.671555555564	45641.05513333334	48043.215929824575	50712.28348148147	53695.35898039214	57051.31891666665	60854.74017777777	65201.507333333335	70217.00789743589	76068.42522222223	82983.73660606061	91282.11026666668	101424.56696296298	114102.63783333339	130403.01466666674	152136.8504444443	182564.22053333314	228205.27566666648	304273.7008888886	456410.55133333296	912821.1026666659
30165.0	74738.45351	75493.38738383837	76263.72807142857	77049.95207216496	77852.55573958333	78672.0563263158	79508.99309574468	80363.92850537636	81237.44946739131	82130.16869230769	83042.72612222223	83975.79046067416	84930.06080681819	85906.26840229885	86905.17850000001	87927.59236470588	87632.53786111111	88688.35157028113	89769.91683333334	90878.18741152262	92014.16475416666	93178.90101687763	94373.5023119658	95599.1322121212	96857.01553070176	98148.44240444445	99474.77270720722	100837.44082648403	102237.96083796296	103677.9321173709	105159.04543333333	13229.291342995168	13423.839745098041	13624.195562189056	13830.62276767677	14043.40157948718	14262.829729166666	14489.223851851852	14722.921010752689	14964.2803715847	15213.685044444444	15471.544112994348	15738.294873563218	16014.40530994152	16300.376833333334	16596.747321212122	16904.09449382716	17223.039672955972	17554.251974358973	17898.45299346405	18256.422053333332	18629.002095238095	19017.106305555557	19421.72558865248	19843.937014492756	20284.913392592596	20745.934151515154	21228.397736434104	21733.835777777775	22263.929333333333	22820.527566666664	23405.669299145295	24021.60796491228	24670.840612612614	25356.14174074074	26080.60293333333	26847.679490196082	27661.24553535354	28525.659458333335	29445.84202150537	30427.370088888885	31476.589747126436	32600.753666666667	33808.18898765432	35108.503948717946	36512.844106666664	38034.212611111114	39687.87402898551	41491.86830303031	43467.671555555564	45641.05513333334	48043.215929824575	50712.28348148147	53695.35898039214	57051.31891666665	60854.74017777777	65201.507333333335	70217.00789743589	76068.42522222223	82983.73660606061	91282.11026666668	101424.56696296298	114102.63783333339	130403.01466666674	152136.8504444443	182564.22053333314	228205.27566666648	304273.7008888886	456410.55133333296	912821.1026666659
32838.0	75942.60984333334	76709.7069124579	77492.45902380953	78291.3503539519	79106.88525347222	79939.58930877193	80790.0104716312	81658.72026164875	81237.44946739131	82130.16869230769	83042.72612222223	83975.79046067416	84930.06080681819	85906.26840229885	86905.17850000001	87927.59236470588	88974.34941666666	90046.32953012048	91144.45550000001	92269.69569135802	93423.0668875	94605.63735443038	95818.53014102564	95599.1322121212	96857.01553070176	98148.44240444445	99474.77270720722	100837.44082648403	102237.96083796296	103677.9321173709	105159.04543333333	106683.08957004831	108251.95853431373	109867.65940796021	111532.32091414143	113248.20277435899	115017.70594270833	14489.223851851852	14722.921010752689	14964.2803715847	15213.685044444444	15471.544112994348	15738.294873563218	16014.40530994152	16300.376833333334	16596.747321212122	16904.09449382716	17223.039672955972	17554.251974358973	17898.45299346405	18256.422053333332	18629.002095238095	19017.106305555557	19421.72558865248	19843.937014492756	20284.913392592596	20745.934151515154	21228.397736434104	21733.835777777775	22263.929333333333	22820.527566666664	23405.669299145295	24021.60796491228	24670.840612612614	25356.14174074074	26080.60293333333	26847.679490196082	27661.24553535354	28525.659458333335	29445.84202150537	30427.370088888885	31476.589747126436	32600.753666666667	33808.18898765432	35108.503948717946	36512.844106666664	38034.212611111114	39687.87402898551	41491.86830303031	43467.671555555564	45641.05513333334	48043.215929824575	50712.28348148147	53695.35898039214	57051.31891666665	60854.74017777777	65201.507333333335	70217.00789743589	76068.42522222223	82983.73660606061	91282.11026666668	101424.56696296298	114102.63783333339	130403.01466666674	152136.8504444443	182564.22053333314	228205.27566666648	304273.7008888886	456410.55133333296	912821.1026666659
35749.0	75942.60984333334	76709.7069124579	77492.45902380953	78291.3503539519	79106.88525347222	79939.58930877193	80790.0104716312	81658.72026164875	82546.31504710145	83453.41741025641	84380.6776037037	85328.77510486892	86298.42027651516	87290.35614176246	88305.36028294574	87927.59236470588	88974.34941666666	90046.32953012048	91144.45550000001	92269.69569135802	93423.0668875	94605.63735443038	95818.53014102564	97062.92663636363	98340.07040789475	99651.27134666668	100997.91014864866	102381.44316438357	103803.40765277778	103677.9321173709	105159.04543333333	106683.08957004831	108251.95853431373	109867.65940796021	111532.32091414143	113248.20277435899	115017.70594270833	116843.38381481482	118727.95452150538	120674.31443169399	122685.55300555556	124764.96915819208	15738.294873563218	16014.40530994152	16300.376833333334	16596.747321212122	16904.09449382716	17223.039672955972	17554.251974358973	17898.45299346405	18256.422053333332	18629.002095238095	19017.106305555557	19421.72558865248	19843.937014492756	20284.913392592596	20745.934151515154	21228.397736434104	21733.835777777775	22263.929333333333	22820.527566666664	23405.669299145295	24021.60796491228	24670.840612612614	25356.14174074074	26080.60293333333	26847.679490196082	27661.24553535354	28525.659458333335	29445.84202150537	30427.370088888885	31476.589747126436	32600.753666666667	33808.18898765432	35108.503948717946	36512.844106666664	38034.212611111114	39687.87402898551	41491.86830303031	43467.671555555564	45641.05513333334	48043.215929824575	50712.28348148147	53695.35898039214	57051.31891666665	60854.74017777777	65201.507333333335	70217.00789743589	76068.42522222223	82983.73660606061	91282.11026666668	101424.56696296298	114102.63783333339	130403.01466666674	152136.8504444443	182564.22053333314	228205.27566666648	304273.7008888886	456410.55133333296	912821.1026666659
38918.0	76712.91688666667	77487.79483501683	78278.48661904762	79085.48132646049	79909.28842361111	80750.43882807018	81609.48604964539	82487.00740501792	82546.31504710145	83453.41741025641	84380.6776037037	85328.77510486892	86298.42027651516	87290.35614176246	88305.36028294574	89344.2468745098	90407.86886111111	91497.12029317269	92612.93883333333	93756.30844855966	94928.26230416667	96129.88587763713	95818.53014102564	97062.92663636363	98340.07040789475	99651.27134666668	100997.91014864866	102381.44316438357	103803.40765277778	105265.42747887326	106769.21930000001	108316.59928985508	109909.49045588236	111549.9306119403	113240.0810757576	113248.20277435899	115017.70594270833	116843.38381481482	118727.95452150538	120674.31443169399	122685.55300555556	124764.96915819208	126916.08931609195	129142.68737426901	131448.80679166666	133838.7850969697	136317.28111728394	17223.039672955972	17554.251974358973	17898.45299346405	18256.422053333332	18629.002095238095	19017.106305555557	19421.72558865248	19843.937014492756	20284.913392592596	20745.934151515154	21228.397736434104	21733.835777777775	22263.929333333333	22820.527566666664	23405.669299145295	24021.60796491228	24670.840612612614	25356.14174074074	26080.60293333333	26847.679490196082	27661.24553535354	28525.659458333335	29445.84202150537	30427.370088888885	31476.589747126436	32600.753666666667	33808.18898765432	35108.503948717946	36512.844106666664	38034.212611111114	39687.87402898551	41491.86830303031	43467.671555555564	45641.05513333334	48043.215929824575	50712.28348148147	53695.35898039214	57051.31891666665	60854.74017777777	65201.507333333335	70217.00789743589	76068.42522222223	82983.73660606061	91282.11026666668	101424.56696296298	114102.63783333339	130403.01466666674	152136.8504444443	182564.22053333314	228205.27566666648	304273.7008888886	456410.55133333296	912821.1026666659
42367.0	76877.30187666666	77653.84027946128	78278.48661904762	79085.48132646049	79909.28842361111	80750.43882807018	81609.48604964539	82487.00740501792	83383.6053115942	84299.90866666666	85236.57431851851	86194.28863670412	87173.76918939395	88175.76653639847	89201.06614728682	90250.49045490196	90407.86886111111	91497.12029317269	92612.93883333333	93756.30844855966	94928.26230416667	96129.88587763713	97362.3203119658	98626.76603030303	99924.48663596492	101256.81312444445	102625.14843693694	104030.97238812786	103803.40765277778	105265.42747887326	106769.21930000001	108316.59928985508	109909.49045588236	111549.9306119403	113240.0810757576	114982.23616923077	116778.83360937501	118632.4658888889	120545.89275806452	122522.05493442624	122685.55300555556	124764.96915819208	126916.08931609195	129142.68737426901	131448.80679166666	133838.7850969697	136317.28111728394	138889.30528930816	141560.2534679487	144335.94471241828	147222.66360666667	18629.002095238095	19017.106305555557	19421.72558865248	19843.937014492756	20284.913392592596	20745.934151515154	21228.397736434104	21733.835777777775	22263.929333333333	22820.527566666664	23405.669299145295	24021.60796491228	24670.840612612614	25356.14174074074	26080.60293333333	26847.679490196082	27661.24553535354	28525.659458333335	29445.84202150537	30427.370088888885	31476.589747126436	32600.753666666667	33808.18898765432	35108.503948717946	36512.844106666664	38034.212611111114	39687.87402898551	41491.86830303031	43467.671555555564	45641.05513333334	48043.215929824575	50712.28348148147	53695.35898039214	57051.31891666665	60854.74017777777	65201.507333333335	70217.00789743589	76068.42522222223	82983.73660606061	91282.11026666668	101424.56696296298	114102.63783333339	130403.01466666674	152136.8504444443	182564.22053333314	228205.27566666648	304273.7008888886	456410.55133333296	912821.1026666659
46123.0	76877.30187666666	77653.84027946128	78446.22640476191	79254.95038831615	80080.52278819444	80923.47565964914	81784.36369858155	82663.76545878137	83562.28464855073	84480.55151282052	85236.57431851851	86194.28863670412	87173.76918939395	88175.76653639847	89201.06614728682	90250.49045490196	91324.90105555556	92425.20106827309	93552.33766666667	94707.3047983539	95891.14610833333	97104.95808438818	98349.89344444443	98626.76603030303	99924.48663596492	101256.81312444445	102625.14843693694	104030.97238812786	105475.84700462963	106961.422314554	108489.44263333334	110061.75339613526	111680.30859313726	113347.17887064678	113240.0810757576	114982.23616923077	116778.83360937501	118632.4658888889	120545.89275806452	122522.05493442624	124564.08918333334	126675.34493220338	128859.40260344828	131120.093877193	133461.524125	133838.7850969697	136317.28111728394	138889.30528930816	141560.2534679487	144335.94471241828	147222.66360666667	150227.20776190478	153356.94125694444	156619.8549007092	160024.63435507249	20284.913392592596	20745.934151515154	21228.397736434104	21733.835777777775	22263.929333333333	22820.527566666664	23405.669299145295	24021.60796491228	24670.840612612614	25356.14174074074	26080.60293333333	26847.679490196082	27661.24553535354	28525.659458333335	29445.84202150537	30427.370088888885	31476.589747126436	32600.753666666667	33808.18898765432	35108.503948717946	36512.844106666664	38034.212611111114	39687.87402898551	41491.86830303031	43467.671555555564	45641.05513333334	48043.215929824575	50712.28348148147	53695.35898039214	57051.31891666665	60854.74017777777	65201.507333333335	70217.00789743589	76068.42522222223	82983.73660606061	91282.11026666668	101424.56696296298	114102.63783333339	130403.01466666674	152136.8504444443	182564.22053333314	228205.27566666648	304273.7008888886	456410.55133333296	912821.1026666659
50211.0	77312.40631333334	78093.3397104377	78890.21052380952	79703.51166323025	80533.75657638889	80923.47565964914	81784.36369858155	82663.76545878137	83562.28464855073	84480.55151282052	85419.2243074074	86378.99087265918	87360.57031439395	88364.71480076629	89392.21148449612	90443.88456078431	91520.59747222222	92623.25527309236	93552.33766666667	94707.3047983539	95891.14610833333	97104.95808438818	98349.89344444443	99627.16478787878	100938.04853508773	102283.88918222222	103666.10390090091	105086.18751598174	106545.71789814814	106961.422314554	108489.44263333334	110061.75339613526	111680.30859313726	113347.17887064678	115064.56036868689	116834.78437435898	118660.32788020834	120543.82514814816	122488.08039247313	124496.08171038252	124564.08918333334	126675.34493220338	128859.40260344828	131120.093877193	133461.524125	135888.0972909091	138404.54353703704	141015.95001886794	143727.79521153844	146545.9872745098	147222.66360666667	150227.20776190478	153356.94125694444	156619.8549007092	160024.63435507249	163580.73734074077	167298.48137121214	171189.14372868213	175265.0757222222	22263.929333333333	22820.527566666664	23405.669299145295	24021.60796491228	24670.840612612614	25356.14174074074	26080.60293333333	26847.679490196082	27661.24553535354	28525.659458333335	29445.84202150537	30427.370088888885	31476.589747126436	32600.753666666667	33808.18898765432	35108.503948717946	36512.844106666664	38034.212611111114	39687.87402898551	41491.86830303031	43467.671555555564	45641.05513333334	48043.215929824575	50712.28348148147	53695.35898039214	57051.31891666665	60854.74017777777	65201.507333333335	70217.00789743589	76068.42522222223	82983.73660606061	91282.11026666668	101424.56696296298	114102.63783333339	130403.01466666674	152136.8504444443	182564.22053333314	228205.27566666648	304273.7008888886	456410.55133333296	912821.1026666659
54661.0	77312.40631333334	78093.3397104377	78890.21052380952	79703.51166323025	80533.75657638889	81381.48032982457	82247.24075886524	83131.61969175628	84035.2242536232	84958.68825641026	85902.67368148148	86867.8722621723	87855.00717424243	88364.71480076629	89392.21148449612	90443.88456078431	91520.59747222222	92623.25527309236	93752.80716666667	94910.24923045267	96096.62734583333	97313.04035021097	98560.64343162392	99840.65178787879	100938.04853508773	102283.88918222222	103666.10390090091	105086.18751598174	106545.71789814814	108046.36181220658	109589.88126666666	111178.14041545893	112813.11306862746	114496.89087562189	116231.69225252527	116834.78437435898	118660.32788020834	120543.82514814816	122488.08039247313	124496.08171038252	126571.01640555557	128716.28787005649	130935.53421264369	133232.6488479532	135611.80329166667	135888.0972909091	138404.54353703704	141015.95001886794	143727.79521153844	146545.9872745098	149476.90702	152527.45614285715	155705.11147916666	159017.98619148936	160024.63435507249	163580.73734074077	167298.48137121214	171189.14372868213	175265.0757222222	179539.83366666667	184028.32950833332	188747.0046239316	24021.60796491228	24670.840612612614	25356.14174074074	26080.60293333333	26847.679490196082	27661.24553535354	28525.659458333335	29445.84202150537	30427.370088888885	31476.589747126436	32600.753666666667	33808.18898765432	35108.503948717946	36512.844106666664	38034.212611111114	39687.87402898551	41491.86830303031	43467.671555555564	45641.05513333334	48043.215929824575	50712.28348148147	53695.35898039214	57051.31891666665	60854.74017777777	65201.507333333335	70217.00789743589	76068.42522222223	82983.73660606061	91282.11026666668	101424.56696296298	114102.63783333339	130403.01466666674	152136.8504444443	182564.22053333314	228205.27566666648	304273.7008888886	456410.55133333296	912821.1026666659
59506.0	76855.29758666667	77631.61372390571	78423.77304761905	79232.2655532646	80057.60165277778	80900.31324912282	81760.95487943263	82640.10493189965	83538.366942029	84958.68825641026	85902.67368148148	86867.8722621723	87855.00717424243	88864.83484291188	89898.14687596899	90955.77213333333	92038.57894444445	93147.47748594377	94283.42233333334	95447.41520164609	96096.62734583333	97313.04035021097	98560.64343162392	99840.65178787879	101154.34457456142	102503.06916888889	103888.2457792793	105311.37243378996	106774.03038425927	108277.88996713616	109589.88126666666	111178.14041545893	112813.11306862746	114496.89087562189	116231.69225252527	118019.87213333334	119863.93263541667	121766.53474074074	123730.51110752688	125758.88014207651	126571.01640555557	128716.28787005649	130935.53421264369	133232.6488479532	135611.80329166667	138077.47244242424	140634.4626728395	143287.94310062894	146043.4804679487	146545.9872745098	149476.90702	152527.45614285715	155705.11147916666	159017.98619148936	162474.89893478266	166085.4522444445	169860.12161363638	173810.357	175265.0757222222	179539.83366666667	184028.32950833332	188747.0046239316	193714.0310614035	198949.54541441443	204475.92167592593	26080.60293333333	26847.679490196082	27661.24553535354	28525.659458333335	29445.84202150537	30427.370088888885	31476.589747126436	32600.753666666667	33808.18898765432	35108.503948717946	36512.844106666664	38034.212611111114	39687.87402898551	41491.86830303031	43467.671555555564	45641.05513333334	48043.215929824575	50712.28348148147	53695.35898039214	57051.31891666665	60854.74017777777	65201.507333333335	70217.00789743589	76068.42522222223	82983.73660606061	91282.11026666668	101424.56696296298	114102.63783333339	130403.01466666674	152136.8504444443	182564.22053333314	228205.27566666648	304273.7008888886	456410.55133333296	912821.1026666659
64781.0	75040.59084666667	75798.57661279461	76572.03147619049	77361.43386254297	78167.28213194445	80900.31324912282	81760.95487943263	82640.10493189965	83538.366942029	84456.37097435897	85394.77509629629	86354.26695131087	87335.56543939395	88339.42251340997	89366.6251007752	90417.9971607843	92038.57894444445	93147.47748594377	94283.42233333334	95447.41520164609	96640.50789166667	97863.80545991562	99118.46963247862	100405.72248484848	101726.8504122807	103083.20841777779	103888.2457792793	105311.37243378996	106774.03038425927	108277.88996713616	109824.71696666667	111416.37953140096	113054.8557009804	114742.24160696518	116480.76041919194	118272.77211794873	119863.93263541667	121766.53474074074	123730.51110752688	125758.88014207651	127854.86147777778	130021.89302824858	132263.6498045977	134584.0647134503	136987.35158333334	138077.47244242424	140634.4626728395	143287.94310062894	146043.4804679487	148907.078124183	151885.21968666668	154984.91804761905	158213.77050694445	159017.98619148936	162474.89893478266	166085.4522444445	169860.12161363638	173810.357	177948.6988333333	182288.91100000002	186846.133775	188747.0046239316	193714.0310614035	198949.54541441443	204475.92167592593	210318.09086666667	216503.91706862746	223064.64182828285	28525.659458333335	29445.84202150537	30427.370088888885	31476.589747126436	32600.753666666667	33808.18898765432	35108.503948717946	36512.844106666664	38034.212611111114	39687.87402898551	41491.86830303031	43467.671555555564	45641.05513333334	48043.215929824575	50712.28348148147	53695.35898039214	57051.31891666665	60854.74017777777	65201.507333333335	70217.00789743589	76068.42522222223	82983.73660606061	91282.11026666668	101424.56696296298	114102.63783333339	130403.01466666674	152136.8504444443	182564.22053333314	228205.27566666648	304273.7008888886	456410.55133333296	912821.1026666659
70522.0	73666.44058666668	75798.57661279461	76572.03147619049	77361.43386254297	78167.28213194445	78990.09562807018	79830.41579432624	80688.80736200718	81565.85961594204	82462.18774358975	83378.43427407408	84315.27061423223	87335.56543939395	88339.42251340997	89366.6251007752	90417.9971607843	91494.40188888888	92596.74408032128	93725.97266666667	94883.08344032921	96069.12198333333	97285.1868185654	98532.4328034188	100405.72248484848	101726.8504122807	103083.20841777779	104476.22474774776	105907.4059086758	107378.34210185186	108890.7131173709	110446.29473333334	112046.96567149759	113694.71516666668	114742.24160696518	116480.76041919194	118272.77211794873	120120.78418229167	122027.46329629631	123995.64818817205	126028.36373224044	128128.83646111112	130021.89302824858	132263.6498045977	134584.0647134503	136987.35158333334	139478.0307030303	142060.95719753086	144741.3526163522	147524.84016666666	150417.48409150325	151885.21968666668	154984.91804761905	158213.77050694445	161580.0209432624	165092.63009420293	168761.35520740744	172596.8405530303	173810.357	177948.6988333333	182288.91100000002	186846.133775	191637.06028205127	196680.1408157895	201995.82029729732	204475.92167592593	210318.09086666667	216503.91706862746	223064.64182828285	230035.4118854167	237455.9090430107	245371.1060111111	31476.589747126436	32600.753666666667	33808.18898765432	35108.503948717946	36512.844106666664	38034.212611111114	39687.87402898551	41491.86830303031	43467.671555555564	45641.05513333334	48043.215929824575	50712.28348148147	53695.35898039214	57051.31891666665	60854.74017777777	65201.507333333335	70217.00789743589	76068.42522222223	82983.73660606061	91282.11026666668	101424.56696296298	114102.63783333339	130403.01466666674	152136.8504444443	182564.22053333314	228205.27566666648	304273.7008888886	456410.55133333296	912821.1026666659
76773.0	73666.44058666668	74410.54604713805	75169.83733333334	75944.78410996564	76735.87561111111	77543.62167017545	78368.55381560283	79211.226437276	80072.21802898552	82462.18774358975	83378.43427407408	84315.27061423223	85273.39868939396	86253.55269731801	87256.50098449613	88283.04805490196	89334.03672222223	90410.35041767069	91512.91566666667	92642.7047489712	96069.12198333333	97285.1868185654	98532.4328034188	99812.07478787878	101125.39156140352	102473.73011555556	103858.51025225226	105281.22957077627	106743.46887037037	108890.7131173709	110446.29473333334	112046.96567149759	113694.71516666668	115391.65121393035	117140.00956565658	118942.16355897437	120800.63486458334	122718.10525925926	123995.64818817205	126028.36373224044	128128.83646111112	130300.51165536723	132547.07220114942	134872.45943274855	137280.89620833335	139776.9125030303	142060.95719753086	144741.3526163522	147524.84016666666	150417.48409150325	153425.83377333335	156556.97323809523	159818.57684722223	163218.97209929078	165092.63009420293	168761.35520740744	172596.8405530303	176610.72056589145	180815.7377222222	185225.87766666667	189856.52460833333	191637.06028205127	196680.1408157895	201995.82029729732	207606.81530555556	213538.43860000002	219818.98091176472	223064.64182828285	230035.4118854167	237455.9090430107	245371.1060111111	253832.1786321839	262897.6135833333	33808.18898765432	35108.503948717946	36512.844106666664	38034.212611111114	39687.87402898551	41491.86830303031	43467.671555555564	45641.05513333334	48043.215929824575	50712.28348148147	53695.35898039214	57051.31891666665	60854.74017777777	65201.507333333335	70217.00789743589	76068.42522222223	82983.73660606061	91282.11026666668	101424.56696296298	114102.63783333339	130403.01466666674	152136.8504444443	182564.22053333314	228205.27566666648	304273.7008888886	456410.55133333296	912821.1026666659
83578.0	73117.90227	73856.46693939394	74610.10435714286	75379.28069072166	76164.48153125001	76966.21291578948	78368.55381560283	79211.226437276	80072.21802898552	80952.1325128205	81851.60065185186	82771.28155805245	83711.86430303032	84674.06963984674	85658.65184496125	86666.40069019608	87698.14355555555	90410.35041767069	91512.91566666667	92642.7047489712	93800.73855833332	94988.0896793249	96205.88570085469	97455.31278787878	98737.61953508772	100054.1211288889	103858.51025225226	105281.22957077627	106743.46887037037	108246.89800938968	109793.28226666666	111384.48925603864	113022.4964509804	114709.39938308459	116447.4205858586	118942.16355897437	120800.63486458334	122718.10525925926	124697.42953763442	126741.64969398908	128854.01052222223	131037.97680225989	133297.25226436782	134872.45943274855	137280.89620833335	139776.9125030303	142365.37384567902	145051.51297484277	147840.96514743587	150739.80760130717	153754.60375333333	156556.97323809523	159818.57684722223	163218.97209929078	166767.21062318844	170473.14863703705	174347.5383787879	178402.13229457362	180815.7377222222	185225.87766666667	189856.52460833333	194724.6406239316	199848.97327192983	205250.2968738739	207606.81530555556	213538.43860000002	219818.98091176472	226480.1621515152	233557.66721875005	241091.785516129	245371.1060111111	253832.1786321839	262897.6135833333	272634.5622345679	283120.5069358974	36512.844106666664	38034.212611111114	39687.87402898551	41491.86830303031	43467.671555555564	45641.05513333334	48043.215929824575	50712.28348148147	53695.35898039214	57051.31891666665	60854.74017777777	65201.507333333335	70217.00789743589	76068.42522222223	82983.73660606061	91282.11026666668	101424.56696296298	114102.63783333339	130403.01466666674	152136.8504444443	182564.22053333314	228205.27566666648	304273.7008888886	456410.55133333296	912821.1026666659
90986.0	72874.79605	73610.9051010101	74362.03678571428	75128.65572164948	76164.48153125001	76966.21291578948	77785.00241489362	78621.40029032259	79475.98072826088	80349.34315384616	81242.11363333334	82154.94637078654	83088.52530681819	84043.56582758621	85658.65184496125	86666.40069019608	87698.14355555555	88754.74769477911	89837.12266666668	90946.22294650205	92083.05073333332	93248.65897046414	94444.1545982906	95670.70206060605	98737.61953508772	100054.1211288889	101406.20384684687	102795.32992694066	104223.0428425926	105690.97302347419	107200.84406666667	108754.47948792271	113022.4964509804	114709.39938308459	116447.4205858586	118238.91936410258	120086.40247916667	121992.53585185186	123960.15739784947	125992.29112568307	128854.01052222223	131037.97680225989	133297.25226436782	135635.8005497076	138057.86841666666	140568.0114787879	143171.12280246912	145872.46474213837	147840.96514743587	150739.80760130717	153754.60375333333	156892.45280952382	160161.0455763889	163568.7273971631	167124.5692971015	170473.14863703705	174347.5383787879	178402.13229457362	182649.8021111111	187104.67533333335	191782.29221666665	194724.6406239316	199848.97327192983	205250.2968738739	210951.69400925926	216978.88526666668	223360.61718627453	226480.1621515152	233557.66721875005	241091.785516129	249128.17836666666	257718.80520689656	262897.6135833333	272634.5622345679	283120.5069358974	294445.32721333334	306713.8825138889	39687.87402898551	41491.86830303031	43467.671555555564	45641.05513333334	48043.215929824575	50712.28348148147	53695.35898039214	57051.31891666665	60854.74017777777	65201.507333333335	70217.00789743589	76068.42522222223	82983.73660606061	91282.11026666668	101424.56696296298	114102.63783333339	130403.01466666674	152136.8504444443	182564.22053333314	228205.27566666648	304273.7008888886	456410.55133333296	912821.1026666659
99051.0	72778.42432	73610.9051010101	74362.03678571428	75128.65572164948	75911.24588541666	76710.31163157895	77526.37877659574	78359.99575268818	79211.73483695653	80082.19346153845	80971.99561111111	81881.79331460675	83088.52530681819	84043.56582758621	85020.81659302326	86021.06149411765	87045.12175	88093.8581566265	89168.1735	90269.01514814814	91397.3778375	93248.65897046414	94444.1545982906	95670.70206060605	96929.52708771931	98221.92078222222	99549.24403603605	100912.93231050229	102314.50081481482	103755.55012206575	107200.84406666667	108754.47948792271	110353.81006862747	112000.88186069652	113697.86491919194	115447.06284102566	117250.92319791668	119112.04896296297	123960.15739784947	125992.29112568307	128092.16264444446	130263.21624858756	132509.13377011495	134833.85541520469	137241.60283333334	140568.0114787879	143171.12280246912	145872.46474213837	148677.70444871794	151592.95355555555	154624.81262666668	157780.42104761905	160161.0455763889	163568.7273971631	167124.5692971015	170838.44861481484	174721.1406287879	178784.4229689922	182649.8021111111	187104.67533333335	191782.29221666665	196699.78688888886	201876.09707017546	207332.20780180182	210951.69400925926	216978.88526666668	223360.61718627453	230129.12073737377	237320.6557604167	244976.1607849462	249128.17836666666	257718.80520689656	266923.04825	276809.0870740741	287455.5904230769	294445.32721333334	306713.8825138889	320049.26871014497	334596.9627424243	43467.671555555564	45641.05513333334	48043.215929824575	50712.28348148147	53695.35898039214	57051.31891666665	60854.74017777777	65201.507333333335	70217.00789743589	76068.42522222223	82983.73660606061	91282.11026666668	101424.56696296298	114102.63783333339	130403.01466666674	152136.8504444443	182564.22053333314	228205.27566666648	304273.7008888886	456410.55133333296	912821.1026666659
107830.0	72778.42432	73513.55991919192	74263.69828571429	75029.30342268042	75810.85866666667	76608.86770526317	77423.85565957447	78256.37023655915	79106.98295652175	79976.29046153846	80971.99561111111	81881.79331460675	82812.26823863637	83764.13339080459	84738.13494186047	85735.05417647058	86755.70958333333	87800.95909638554	88871.7025	90269.01514814814	91397.3778375	92554.30667088609	93740.90034615384	94958.31463636363	96207.76614473686	97490.53636000001	98807.97604054055	100161.50995890412	102314.50081481482	103755.55012206575	105237.77226666667	106762.95737198068	108333.00086274512	109949.9113233831	111615.81907070709	113332.98551794873	117250.92319791668	119112.04896296297	121033.21104301076	123017.36204371585	125067.65141111112	127187.44211299435	129380.32904597702	134833.85541520469	137241.60283333334	139736.9047030303	142324.62516049383	145009.99544654088	147798.6492051282	150696.6619346405	154624.81262666668	157780.42104761905	161067.51315277777	164494.48151773048	168070.44850724642	171805.347362963	174721.1406287879	178784.4229689922	183041.1949444444	187505.61433333333	192193.25469166666	197121.28686324783	201876.09707017546	207332.20780180182	213091.43579629628	219179.76253333333	225626.2261372549	230129.12073737377	237320.6557604167	244976.1607849462	253142.0328111111	261871.06842528738	266923.04825	276809.0870740741	287455.5904230769	298953.81404	311410.2229583333	320049.26871014497	334596.9627424243	350530.1514444445	368056.65901666676	48043.215929824575	50712.28348148147	53695.35898039214	57051.31891666665	60854.74017777777	65201.507333333335	70217.00789743589	76068.42522222223	82983.73660606061	91282.11026666668	101424.56696296298	114102.63783333339	130403.01466666674	152136.8504444443	182564.22053333314	228205.27566666648	304273.7008888886	456410.55133333296	912821.1026666659
117388.0	72770.22664333333	73505.27943771043	74255.3333095238	75020.852209622	75802.31942013888	76600.23857192983	77415.13472695035	78247.55553046595	79106.98295652175	79976.29046153846	80864.91591111111	81773.51047191012	82702.75490909092	83653.36128735633	84626.07479069768	85621.67567058823	86640.98133333333	87800.95909638554	88871.7025	89968.88401234568	91093.49506249999	92246.57727848101	93429.22570512819	94642.59227272727	95887.88953947369	97166.39473333333	98807.97604054055	100161.50995890412	101552.64204166668	102982.960943662	104454.14610000001	105967.97430434784	107526.32686764708	109949.9113233831	111615.81907070709	113332.98551794873	115103.81341666667	116930.85807407409	118816.839655914	120764.65669945357	122777.40097777778	127187.44211299435	129380.32904597702	131650.15938011697	134001.05508333334	136437.4379030303	138964.0571234568	141586.0204654088	147798.6492051282	150696.6619346405	153710.59517333333	156847.5460952381	160115.20330555557	163521.90975886525	168070.44850724642	171805.347362963	175710.01434848487	179796.29375193795	184077.15788888888	188566.84466666667	192193.25469166666	197121.28686324783	202308.68914912283	207776.4915585586	213548.06076851854	219179.76253333333	225626.2261372549	232463.38450505055	239727.86527083337	247461.0222150537	253142.0328111111	261871.06842528738	271223.60658333334	281268.925345679	292086.9609358974	298953.81404	311410.2229583333	324949.7978695653	339720.24322727276	350530.1514444445	368056.65901666676	387428.06212280714	408951.84335185174	53695.35898039214	57051.31891666665	60854.74017777777	65201.507333333335	70217.00789743589	76068.42522222223	82983.73660606061	91282.11026666668	101424.56696296298	114102.63783333339	130403.01466666674	152136.8504444443	182564.22053333314	228205.27566666648	304273.7008888886	456410.55133333296	912821.1026666659
127792.0	72741.00526	73475.76288888889	74225.51557142858	74990.72707216495	75771.88047916666	76569.47922105264	77415.13472695035	78247.55553046595	79098.0724384058	79967.28202564102	80855.80738148147	81764.29959925094	82693.43936742425	83643.93867049809	84616.54260852713	85621.67567058823	86640.98133333333	87684.84857831325	88754.176	89849.90656790123	90973.0304	92124.58774683544	93305.6722051282	94517.43418181817	95887.88953947369	97166.39473333333	98479.45412162163	99828.48773972604	101214.99451388889	102640.55781690142	104106.8515	105615.64644927536	107526.32686764708	109131.19741791046	110784.70040909093	112489.08041538463	114246.72229687501	116060.16233333334	117932.10043548388	120764.65669945357	122777.40097777778	124858.37387570621	127011.10445977013	129239.3694502924	131547.21533333336	133938.9828848485	138964.0571234568	141586.0204654088	144308.82855128203	147138.4134248366	150081.18169333335	153144.06295238098	160115.20330555557	163521.90975886525	167076.73388405802	170789.5501925926	174671.1308787879	178733.25020155037	184077.15788888888	188566.84466666667	193281.01578333334	198236.93926495724	203453.7008245614	207776.4915585586	213548.06076851854	219649.43393333335	226109.7114019608	232961.52083838388	239727.86527083337	247461.0222150537	255709.72295555554	264527.2996091954	271223.60658333334	281268.925345679	292086.9609358974	303770.43937333336	316427.5410138889	324949.7978695653	339720.24322727276	355897.3976666667	368056.65901666676	387428.06212280714	408951.84335185174	433007.8341372548	57051.31891666665	60854.74017777777	65201.507333333335	70217.00789743589	76068.42522222223	82983.73660606061	91282.11026666668	101424.56696296298	114102.63783333339	130403.01466666674	152136.8504444443	182564.22053333314	228205.27566666648	304273.7008888886	456410.55133333296	912821.1026666659
139119.0	72913.86249	73650.36615151515	74401.9005	75168.93040206186	75771.88047916666	76569.47922105264	77384.04814893617	78216.13468817205	79066.31006521739	79935.1706153846	80823.33917777777	81731.46658426967	82660.23325	83610.35087356322	84616.54260852713	85612.03134509803	86631.22219444445	87674.97185943775	88744.17883333334	89839.78597942386	90962.78330416666	92114.21094092827	93305.6722051282	94517.43418181817	95761.08463157895	97037.89909333334	98349.22205405407	99696.4716712329	101081.1448888889	102504.82298591551	104106.8515	105615.64644927536	107168.81772058825	108768.35231343284	110416.35765151517	112115.07084615386	113866.868828125	116060.16233333334	117932.10043548388	119865.41355737706	121863.17045000002	123928.64791525425	126065.34874137932	128277.0215263158	131547.21533333336	133938.9828848485	136419.33441975308	138993.28412578616	141666.23189743588	144444.00115032677	150081.18169333335	153144.06295238098	156334.5642638889	159660.83158865248	163131.7192318841	166756.86854814817	174671.1308787879	178733.25020155037	182988.80377777774	187451.94533333334	192138.24396666666	198236.93926495724	203453.7008245614	208952.44949549553	214756.6842037037	220892.5894666667	226109.7114019608	232961.52083838388	240241.56836458336	247991.29637634405	256257.6729222222	264527.2996091954	273974.7031666667	284121.9143950617	295049.6803333333	303770.43937333336	316427.5410138889	330185.26018840587	345193.6811060606	355897.3976666667	373692.2675500001	393360.2816315791	408951.84335185174	433007.8341372548	460070.8237708332	60854.74017777777	65201.507333333335	70217.00789743589	76068.42522222223	82983.73660606061	91282.11026666668	101424.56696296298	114102.63783333339	130403.01466666674	152136.8504444443	182564.22053333314	228205.27566666648	304273.7008888886	456410.55133333296	912821.1026666659
151450.0	73543.35776666667	74286.21996632995	75044.24261904763	75168.93040206186	75951.94009375	76751.4342	77567.93881914894	78402.00267741937	79254.19835869565	80125.12361538461	81015.40276666667	81925.68819101124	82660.23325	83610.35087356322	84582.56425581395	85577.65324705881	86596.43483333333	87639.76537349397	88708.543	89803.71019753086	90926.25657499999	92114.21094092827	93295.16236324784	94506.78784848483	95750.29821491228	97026.96885777779	98338.14411261262	99685.24197716896	101069.75922685185	102504.82298591551	103969.17760000001	105475.97727536233	107027.09458823531	108624.51391044777	110270.3398787879	111966.80664615385	113866.868828125	115674.27944444444	117539.99362903227	119466.8787704918	121457.99341666666	123516.60347457627	126065.34874137932	128277.0215263158	130567.68262500002	132941.6404909091	135403.52272222223	137958.30616981132	140611.35051923076	144444.00115032677	147332.88117333336	150339.6746666667	153471.75122222223	156737.10763120567	163131.7192318841	166756.86854814817	170546.79737878792	174513.00196899223	178668.07344444442	187451.94533333334	192138.24396666666	197064.8656068376	202250.78312280704	207717.02050450453	214756.6842037037	220892.5894666667	227389.43033333335	234280.01913131317	241601.2697291667	247991.29637634405	256257.6729222222	265094.14440229884	274561.7924166667	284121.9143950617	295049.6803333333	306851.6675466667	319637.15369444445	330185.26018840587	345193.6811060606	361631.4754444445	373692.2675500001	393360.2816315791	415213.630611111	439637.96182352933	460070.8237708332	490742.2120222222	525795.2271666666	70217.00789743589	76068.42522222223	82983.73660606061	91282.11026666668	101424.56696296298	114102.63783333339	130403.01466666674	152136.8504444443	182564.22053333314	228205.27566666648	304273.7008888886	456410.55133333296	912821.1026666659
164874.0	74687.46317666667	75441.88199663299	75044.24261904763	75817.894604811	76607.66434027778	77414.06080701755	78237.61464539007	79078.87931899642	79938.43235507247	80816.87666666666	81714.84196296296	81925.68819101124	82856.66192045456	83809.0373448276	84783.56103488372	85781.01469411765	86802.21725	87848.02709638554	88919.3445	89803.71019753086	90926.25657499999	92077.22184810127	93257.69905128203	94468.83799999999	95711.84902631579	96988.00701333334	98298.65575675677	99685.24197716896	101069.75922685185	102493.27696244132	103957.46663333333	105464.09658454105	107015.03918137256	108612.2785721393	110270.3398787879	111966.80664615385	113716.288	115521.30844444445	117384.55535483873	119308.89232786886	121297.37386666668	123516.60347457627	125646.2000862069	127850.51938596492	130133.564375	132499.6291818182	134953.3260185185	137958.30616981132	140611.35051923076	143368.4358235294	146235.80454	149220.20871428572	152328.96306250003	156737.10763120567	160144.43605797106	163703.20130370374	167423.72860606064	171317.30368992247	178668.07344444442	183025.83133333334	187601.47711666665	192411.77140170938	197475.23907017545	207717.02050450453	213486.93774074074	219586.56453333332	226044.9929019608	234280.01913131317	241601.2697291667	249394.8590752688	257708.02104444444	265094.14440229884	274561.7924166667	284730.74769135803	295681.93029487174	306851.6675466667	319637.15369444445	333534.4212463769	348695.0767575758	361631.4754444445	379713.0492166667	399697.9465438598	415213.630611111	439637.96182352933	467115.3344374999	490742.2120222222	525795.2271666666	566241.0138717948	76068.42522222223	82983.73660606061	91282.11026666668	101424.56696296298	114102.63783333339	130403.01466666674	152136.8504444443	182564.22053333314	228205.27566666648	304273.7008888886	456410.55133333296	912821.1026666659
179488.0	76301.62101333334	75441.88199663299	76211.69711904762	76997.38471821306	77799.44080902777	78618.38229122807	79454.74806028369	80309.10018996417	81182.02519202899	82074.13535897435	81714.84196296296	82632.98625468166	83571.99746212122	84532.59513409961	85515.5322868217	86521.59737254902	87551.61638888888	88606.45514056225	88919.3445	90017.11418518519	91142.32811249999	92296.02846835443	93479.31088461538	94693.3279090909	95939.29275000001	97218.48332	98298.65575675677	99645.21268493151	101029.17397222223	102452.12008450704	103915.7218	105421.74675362319	106972.06655882354	108612.2785721393	110257.91915656567	111954.19483589745	113703.47913020833	115508.29625925927	117371.33329569893	119295.45351366121	121297.37386666668	123353.26155932204	125480.04193103449	127681.4461754386	129961.47200000001	132324.40785454545	134953.3260185185	137499.61518867925	140143.8385576923	142891.7569607843	145749.5921	149220.20871428572	152328.96306250003	155570.00482978724	158951.9614565218	162484.2272666667	166177.05061363638	171317.30368992247	175396.2871111111	179674.24533333335	184166.10146666665	192411.77140170938	197475.23907017545	202812.40769369373	208446.0856851852	214401.68813333334	226044.9929019608	232894.8411717172	240172.80495833338	247920.31479569888	257708.02104444444	266594.50452873565	276115.7368333333	286342.24560493825	295681.93029487174	307509.20750666666	320322.0911527778	333534.4212463769	348695.0767575758	365299.6042222223	383564.5844333334	399697.9465438598	421903.3880185184	446721.2343725489	467115.3344374999	498256.3567333333	525795.2271666666	566241.0138717948	613427.7650277778	82983.73660606061	91282.11026666668	101424.56696296298	114102.63783333339	130403.01466666674	152136.8504444443	182564.22053333314	228205.27566666648	304273.7008888886	456410.55133333296	912821.1026666659
195397.0	76301.62101333334	77072.34445791245	77858.79695238096	78661.46496219932	79480.85522222222	80317.49580350878	81171.93724822695	82044.75377777779	82936.54457971014	82074.13535897435	82986.07019629629	83918.49795131087	84872.11724621213	85847.65882375478	86845.88741472868	87867.6037372549	88913.64663888888	88606.45514056225	89687.02166666667	90794.26884773662	91929.19720833332	93092.85793248945	94286.3561111111	95510.85424242423	96767.57600877194	97218.48332	98532.24660810812	99882.00341095892	101269.25345833333	102695.58097183099	104162.66070000001	105672.26447826087	106972.06655882354	108568.66456716419	110213.64433333334	111909.23886153847	113657.82071875	115461.9131111111	117324.20203225806	119295.45351366121	121283.71107222223	123339.36719209039	125465.90800574713	127667.0642865497	129946.83329166667	132324.40785454545	134774.85985185186	137317.78173584904	139958.5083076923	142702.7927843137	145749.5921	148724.07357142857	151822.49177083332	155052.75755319148	158423.4696739131	162484.2272666667	166177.05061363638	170041.6331860465	174090.24349999998	178336.347	184166.10146666665	188888.3091965812	193859.05417543862	199098.4880720721	204629.00162962964	214401.68813333334	220707.62013725494	227395.72983838388	234501.84639583336	247920.31479569888	256184.32528888888	265018.2675402299	276115.7368333333	286342.24560493825	297355.4088974359	309249.62525333336	320322.0911527778	334249.138594203	349442.2812575758	365299.6042222223	383564.5844333334	403752.194140351	421903.3880185184	446721.2343725489	474641.31152083323	498256.3567333333	533846.0965	566241.0138717948	613427.7650277778	669193.9254848486	91282.11026666668	101424.56696296298	114102.63783333339	130403.01466666674	152136.8504444443	182564.22053333314	228205.27566666648	304273.7008888886	456410.55133333296	912821.1026666659
212716.0	78199.24588	78989.13725252525	79795.14885714286	80617.77925773196	81457.54779166667	82314.9956631579	83190.68710638297	84085.21062365592	82936.54457971014	83847.93517948718	84779.5789037037	85732.15844194757	86706.38751515152	87703.01265900383	88722.81513178295	89766.61295686274	88913.64663888888	89984.89539357429	91082.27216666666	92206.74466255143	93359.32897083333	94541.09262869199	95753.15791880341	96996.70542424242	96767.57600877194	98057.81035555556	99382.91590090092	100744.32570776256	102143.5524537037	103582.1940375587	105061.93966666667	105672.26447826087	107226.26836764708	108826.66043283582	110475.54922727274	112175.17306153847	113927.910140625	115736.28966666666	117324.20203225806	119247.54960655738	121235.00876666667	123289.8394237288	125415.52631034482	127615.79870175438	129946.83329166667	132309.50298787878	134759.6789691358	137302.31442138363	139942.74354487177	142702.7927843137	145556.84864	148527.39657142857	151621.71733333333	154847.71131914895	158423.4696739131	161943.99122222225	165624.53647727275	169476.2698837209	173511.41916666663	178336.347	182794.755675	187481.80069230768	192415.53228947372	197615.9520810811	204629.00162962964	210475.54453333333	216666.00172549023	223231.63814141418	234501.84639583336	242066.42208602146	250135.3028222222	265018.2675402299	274483.2056666667	284649.25032098766	295597.2984102564	309249.62525333336	322135.02630555554	336140.89701449283	349442.2812575758	366082.3898888889	384386.50938333344	403752.194140351	426182.8715925925	451252.4522745097	474641.31152083323	506284.0656222222	533846.0965	574911.1808461538	613427.7650277778	669193.9254848486	736113.3180333335	101424.56696296298	114102.63783333339	130403.01466666674	152136.8504444443	182564.22053333314	228205.27566666648	304273.7008888886	456410.55133333296	912821.1026666659
231570.0	80021.52272333333	80829.82093265992	81654.61502380953	82496.41517869415	83355.75283680555	84233.1818140351	85129.2794929078	86044.64808960573	84999.18030434783	85933.23723076923	86888.05097777778	87864.32121348316	88862.77940909092	89884.19066666668	90929.3556744186	91999.1128	90835.26311111111	91929.66387148594	93050.75733333333	94199.53211522634	95377.02626666665	96584.33039662447	97822.59104273503	96996.70542424242	98272.9778640351	99583.28423555556	100929.0042927928	102311.59339269408	103732.58774537037	105193.61010798122	105061.93966666667	106584.57647342994	108151.99671568628	109766.20562189055	111429.32994949496	113143.62733333334	114911.49651041666	115736.28966666666	117603.00401612904	119530.92211475411	121523.10415	123582.81777966101	125713.55601724138	127615.79870175438	129894.65225	132256.3732	134705.5652962963	137247.17973584906	139942.74354487177	142686.7189084967	145540.45328666666	148510.6666190476	151604.63884027777	154847.71131914895	158213.96591304353	161729.83182222224	165405.50981818183	169252.14958139532	173511.41916666663	177743.405	182186.99012499998	186858.45141025638	192415.53228947372	197615.9520810811	203105.28408333336	208908.29220000003	215052.65373529415	223231.63814141418	230207.62683333337	237633.67931182793	250135.3028222222	258760.65809195404	268002.1101666667	277928.1142469136	295597.2984102564	307421.19034666667	320230.40661111113	336140.89701449283	351420.02869696973	368154.31577777787	384386.50938333344	404617.3782982458	427096.12153703696	451252.4522745097	479455.73054166656	506284.0656222222	542447.2131666667	574911.1808461538	622820.4459166666	669193.9254848486	736113.3180333335	101424.56696296298	114102.63783333339	130403.01466666674	152136.8504444443	182564.22053333314	228205.27566666648	304273.7008888886	456410.55133333296	912821.1026666659
252095.0	81378.57161000001	82200.57738383839	83039.3587857143	83895.43464948455	84769.34542708335	85661.65432631581	86572.9485212766	86044.64808960573	86979.91600362319	87935.73925641025	88912.80302592592	89911.8232846442	90933.54854924243	91978.76175095786	93048.2822364341	91999.1128	93094.34033333334	94215.95889156626	95364.93400000001	96542.27886419753	97749.05735	98986.38718987342	100255.44343589742	99093.0143030303	100396.86975438597	101735.49468444445	103110.29866666668	104522.76851141553	105974.47362962963	107467.07184976527	106696.37596666667	108242.70025603865	109834.50467156863	111473.82563681592	113162.82299494951	114903.7895025641	114911.49651041666	116735.48851851853	118618.31897849463	120562.88158469945	122572.26294444445	124649.75892655367	125713.55601724138	127919.057	130203.32587500001	132570.65907272729	135025.67127777776	137247.17973584906	139886.54857692306	142629.42207843135	145482.01052	148451.03114285716	151543.76095833333	154830.2694539007	158196.14487681162	161711.61476296297	165386.8787348485	169252.14958139532	173281.96266666666	177508.352	181946.0608	186611.3444102564	191775.77907894738	196958.90824324326	202429.98902777777	208213.703	215052.65373529415	221569.40081818186	228493.44459375006	237633.67931182793	245554.80195555554	254022.20891954025	263094.4306666667	277928.1142469136	288617.65710256406	300162.3633866667	320230.40661111113	334153.46776811604	349342.2617575758	368154.31577777787	386562.0315666668	404617.3782982458	427096.12153703696	452219.42280392145	479455.73054166656	511419.4459111111	542447.2131666667	584173.9218717949	622820.4459166666	679440.4864545455	736113.3180333335	817903.686703704	114102.63783333339	130403.01466666674	152136.8504444443	182564.22053333314	228205.27566666648	304273.7008888886	456410.55133333296	912821.1026666659
274439.0	82026.14884333334	82854.6958013468	83700.15188095238	84563.04004467354	85443.90504513889	86343.31457192983	86572.9485212766	87503.84044086024	88454.96914130436	89427.00176923077	90420.63512222223	91436.59731460676	92475.6495568182	93538.58805747128	94626.24605813954	94142.9679098039	95263.71752777777	96411.47316064256	97587.22283333333	98792.0033621399	100026.90340416666	101293.06673839662	100255.44343589742	101557.46218181818	102893.74457894739	104265.66117333334	105674.6565945946	107122.254630137	108610.06372222223	107467.07184976527	109002.31573333334	110582.05943961353	112208.26619607845	113883.01643781095	115608.51668686871	114903.7895025641	116699.16121354167	118551.52885185185	120463.65028494624	122438.46422404372	124479.10529444445	124649.75892655367	126798.89270114942	129023.43467836257	131327.42458333334	133715.19593939395	136191.40327160494	137573.32545283018	140218.96632692305	142968.3578235294	145827.72498	148803.801	151543.76095833333	154768.09629787234	158132.6201304348	161646.67835555557	165386.8787348485	169233.08521705423	173262.44438888886	177488.35766666668	181925.56660833332	186611.3444102564	191522.1692631579	196698.44410810815	202162.2897777778	208213.703	214337.6354411765	220832.71530303033	228493.44459375006	235864.2008709677	243726.3409	252130.69748275864	263094.4306666667	272838.66883950616	283332.46379487176	300162.3633866667	312669.1285277778	326263.4384637682	349342.2617575758	365977.6075555556	384276.48793333344	406907.40164912294	429513.3684074073	452219.42280392145	480483.13672916655	511419.4459111111	547949.4063333333	584173.9218717949	632855.0820277778	679440.4864545455	747384.5351000002	817903.686703704	920141.6475416671	130403.01466666674	152136.8504444443	182564.22053333314	228205.27566666648	304273.7008888886	456410.55133333296	912821.1026666659
298764.0	81923.54060333333	82751.0511144781	83595.4495952381	84457.25835395188	85337.02146180555	86235.30589824561	87261.86047163121	88200.16004659499	89158.8574384058	90138.6251025641	91140.16538148148	92164.2121835206	93211.53277651516	94282.92970498085	94626.24605813954	95739.49601176471	96879.25191666668	98046.47181927711	99242.16050000001	100467.3723580247	101723.21451250001	103010.85013924052	102591.69579914528	103924.05548484848	105291.47726754386	106695.3636311111	108137.19286936938	109618.52427853881	108610.06372222223	110139.78292957747	111713.2084	113332.2404057971	114998.89100000002	116715.29235820897	118483.7058787879	117387.10925128206	119221.28283333333	121113.68414814815	123067.13066666666	125084.62461202186	127169.36835555556	126588.92063841807	128771.48823563219	131030.63715204678	133370.46995833333	135795.3875939394	136191.40327160494	138761.0523899371	141429.53416666665	144202.66228758168	147086.71553333334	148803.801	151903.8801875	155135.87763829788	158508.39671739133	162030.80553333336	165320.4665	169165.12851162787	173192.86966666664	177417.086	181925.56660833332	186590.3247264957	191500.59642982457	196676.28822522523	202162.2897777778	207938.35520000002	214054.18917647062	220540.6797575758	227733.73765625004	235079.98725806447	242915.98683333333	252130.69748275864	261135.36525000003	270807.04544444446	283332.46379487176	294665.7623466667	306943.50244444446	326263.4384637682	341093.59475757583	357336.14688888896	384276.48793333344	404501.5662456142	429513.3684074073	454778.86066666653	480483.13672916655	512515.3458444444	549123.5848333334	590099.3606666666	632855.0820277778	690387.3622121213	747384.5351000002	830427.2612222225	920141.6475416671	130403.01466666674	152136.8504444443	182564.22053333314	228205.27566666648	304273.7008888886	456410.55133333296	912821.1026666659
325245.0	81193.94738	82014.08826262626	82850.96671428572	83705.10039175258	84577.02852083334	85467.31303157896	87152.70276950354	88089.82860573477	89047.32674275362	90025.86879487179	91026.15622592592	92048.92202621723	93094.93250378789	94164.9891992337	95379.24284108527	96501.35158039215	97650.17719444445	98826.68535341366	100031.88883333333	101266.85042386831	102532.68605416665	103010.85013924052	104331.50206410256	105686.45663636364	107077.06790789476	108504.76214666669	109971.04271621624	111477.4953561644	111141.0037824074	112706.37003286385	114316.46103333333	115973.22133816424	117678.70988725491	119435.10854228855	118483.7058787879	120306.53212307693	122186.3216875	124125.78711111112	126127.81593548389	128195.48504918034	127169.36835555556	129324.78137853107	131554.51898850573	133862.49300584797	136252.89466666666	138730.22002424242	138310.11699382716	140919.74184276728	143629.73687820512	146446.00622875814	149374.92635333334	150088.48523809525	153215.32868055557	156475.22929078015	159876.86471014496	162030.80553333336	165713.3238409091	169567.1220697674	173604.43449999997	177417.086	181852.51314999998	186515.39810256407	191423.69805263157	196676.28822522523	202139.5184537037	207914.93326666666	214030.07836274512	220540.6797575758	227432.57600000003	234769.1107096774	242915.98683333333	251292.4001724138	260267.12875	270807.04544444446	281222.7010384615	292471.60908	306943.50244444446	320288.8721159421	334847.4572121213	357336.14688888896	375202.9542333334	404501.5662456142	426973.8754814814	452089.9858039215	483202.5394583332	515416.0420888889	549123.5848333334	591363.8605897435	639274.3073888889	690387.3622121213	759426.0984333334	830427.2612222225	934230.6688750004	1051590.454333334	152136.8504444443	182564.22053333314	228205.27566666648	304273.7008888886	456410.55133333296	912821.1026666659
354073.0	80039.01633	80847.49124242424	81672.46564285715	82514.44982474227	83373.97534375	85467.31303157896	86376.53976595745	87305.31976344087	88254.29063043479	89224.118	90215.4970888889	91229.15435955056	92265.84929545455	94164.9891992337	95259.93093410852	96380.63600392155	97528.02452777777	98703.06096787148	99906.75683333333	101140.17358436213	102404.42575416666	103830.56815611814	105161.72928632477	106527.46603030303	107929.14321491228	109368.19845777778	110846.1470855856	112364.58745662101	113025.79390277779	114617.70649295778	116255.10230000001	117939.95885507247	119674.37001470591	121460.55464179107	121244.73139898991	123110.03495897436	125033.62925520833	127018.29003703703	129066.9721344086	131182.824136612	130332.07646666668	132541.0947118644	134826.286	137191.65943859649	139641.5105	138730.22002424242	141299.2981728395	143965.32266666665	146733.88656410255	149611.0215947712	149374.92635333334	152423.39423809524	155598.88161805554	158909.49612056738	162364.050384058	163429.68392592596	167143.99492424243	171031.06457364338	175103.23277777774	177838.689	182284.65622499998	186958.62176923075	191878.58550000002	196597.31151351353	202058.34794444445	207831.4436	214030.07836274512	220515.83831313133	227406.9582604167	234742.6665913978	242594.74773333332	250960.08386206898	259922.94400000002	269906.652037037	280287.6771153846	291499.1842	304657.92612500006	317903.9229130436	334847.4572121213	350792.57422222226	368332.2029333334	394950.478140351	416892.17137037026	452089.9858039215	480345.6099166666	515416.0420888889	552231.4736666667	591363.8605897435	640644.1823055556	697390.1535151516	759426.0984333334	843806.7760370373	934230.6688750004	1051590.454333334	1226855.5300555544	182564.22053333314	228205.27566666648	304273.7008888886	456410.55133333296	912821.1026666659
385457.0	78669.41597666669	79464.05654208755	80274.91426190478	81102.49069759452	81947.3083090278	84251.59613684211	85147.88971276596	86063.45841935485	86998.93079347827	87954.963	88932.24036666667	89931.47902247192	90953.42764772728	93326.37629885058	94411.56672093023	95522.29103529411	96659.46116666666	97824.03298795181	99017.009	100239.44120987653	102404.42575416666	103700.68430801688	105030.18026068374	106394.20857575756	107794.13237280701	109231.38747111111	110707.48730180181	112364.58745662101	113925.20672685186	115529.78710328639	117180.21263333334	118878.47658454106	120626.68947549022	122427.08782587065	123300.86607575761	125197.8024769231	127154.01814062502	129172.3358888889	131255.76066129035	131182.824136612	133369.20453888888	135629.69953107342	137968.14262643678	140388.63635672512	142895.57629166666	142180.44705454545	144813.4182962963	147545.74694339623	150383.16515384614	153331.85466666665	152603.24202666667	155717.59390476192	158961.71044444444	162343.8744964539	162364.050384058	165972.1403925926	169744.23449242426	173691.77482945734	175103.23277777774	179374.04333333333	183858.39441666665	188572.7122222222	191878.58550000002	197064.49321621624	202538.50691666667	208325.32140000002	213944.13311764708	220427.2886666667	227315.64143750002	234742.6665913978	242567.42214444443	250931.81601149426	259922.94400000002	269549.7197037037	279917.0166153846	291499.1842	303644.98354166665	316846.9393478262	332354.10122727277	348180.4870000001	368332.2029333334	387718.10835087736	416892.17137037026	441415.2402745097	480345.6099166666	512368.65057777776	552231.4736666667	594710.8177948717	640644.1823055556	698884.5625151516	767129.1688666668	843806.7760370373	949282.6230416672	1067692.1930000007	1226855.5300555544	182564.22053333314	228205.27566666648	304273.7008888886	456410.55133333296	912821.1026666659
419622.0	77266.27967333334	78046.74714478114	78843.14252380953	79655.95842611683	80485.70799305556	82809.91155438598	83690.8680602837	84590.76986738353	85510.23475724639	86449.90766666668	87410.4621962963	88392.6022209738	89397.06360984851	91998.86934482759	93068.62363953488	94163.54862352941	95284.54325	96432.54979518072	97608.5565	98813.6004074074	101492.43422499999	102777.14858227847	104094.80433333332	105446.6849090909	106834.14128947369	108258.59650666667	109721.55051351353	112224.02822374429	113782.6952824074	115385.26845539907	117033.62943333332	118729.76899033815	120475.79500490197	122427.08782587065	124282.04370202022	126194.07514358975	128165.85756770834	130200.23625925927	132300.2400698925	133407.49444262296	135630.95268333337	137929.7823898305	140307.88208620693	142769.423877193	142895.57629166666	145493.67767878788	148188.00504320985	150984.00513836477	153887.54369871793	153331.85466666665	156398.49176	159590.29771428573	162915.09558333334	166381.37421276595	165873.0891594203	169559.15780740744	173412.77503030305	177445.63026356586	177827.29327777776	182164.54433333332	186718.65794166666	191506.31583760682	193535.15201754388	198765.83180180183	204287.1049074074	208325.32140000002	214452.53673529415	220951.09845454548	227855.82028125002	234648.40406451607	242470.0175333333	250831.05262068965	259893.66658333334	269519.3579382716	279885.48708974355	291113.69728	303243.43466666667	316846.9393478262	331249.0729545455	347022.8383333334	365589.5113500001	384831.06457894755	409258.00325925916	433332.0034509803	469003.6927916666	500270.6056444444	548966.4113333334	594710.8177948717	644270.0526111111	698884.5625151516	768773.0187666669	852365.7431851854	949282.6230416672	1067692.1930000007	1226855.5300555544	182564.22053333314	228205.27566666648	304273.7008888886	456410.55133333296	912821.1026666659
456815.0	75951.98422000001	76719.17597979798	77502.02471428573	78301.01465979383	79116.65022916667	81332.92597192983	82198.16986524823	83082.02115412187	83985.08660144928	84907.99964102564	85851.42185925925	86816.04457677904	87802.5905378788	90424.61606513412	91476.0650891473	92552.25409019609	93654.06663888891	94782.42888755021	95938.31216666668	97122.73577366256	100048.7704125	101315.2105443038	102614.12349999999	103946.77445454545	105314.49517105264	106718.68844000001	108160.8328783784	111224.5854520548	112769.37136111112	114357.67236619719	115991.3534	117672.38750724637	119402.86379411766	122273.94119900497	124126.57667171718	126036.21631282051	128005.53219270833	130037.36603703703	132134.74290860214	134469.09646448088	136710.24807222222	139027.37092090395	141424.39455747127	143905.5242865497	145318.87787500003	147961.0392909091	150701.05853703705	153544.47473584907	156497.25309615384	156904.94651633984	160043.04544666666	163309.23004761906	166711.5056736111	166381.37421276595	169998.3606086957	173776.10195555558	177725.55881818183	181858.71134883718	181670.5262222222	186101.51466666666	190754.0525333333	191506.31583760682	196545.9557280702	201858.0085855856	207465.17549074074	210123.87933333335	216303.99343137257	222858.65989898992	227855.82028125002	235206.00803225802	243046.20829999997	250831.05262068965	259789.3045	269411.1305925926	279885.48708974355	291080.9065733333	303209.27768055553	316427.93182608706	330811.01963636366	347022.8383333334	364373.9802500001	384831.06457894755	406210.5681666666	433332.0034509803	460415.25366666657	500270.6056444444	536004.2203333334	591194.5968205128	640460.8132222223	702840.0573939395	768773.0187666669	852365.7431851854	958911.4610833338	1084894.426333334	1245640.8918333324	1472226.6360666652	228205.27566666648	304273.7008888886	456410.55133333296	912821.1026666659
497305.0	74795.01355666667	75550.51874410774	76321.44240476191	77108.26139862543	77911.47245486111	79949.45707368421	80799.98321276596	81668.80023655915	82556.50458695654	83463.71892307693	84391.09357777778	85339.30811235956	86309.07297727274	88811.8157164751	89844.51124806202	90901.50549803922	91983.66627777778	93091.90322088353	94227.17033333333	95390.46873251029	98336.76997083334	99581.53921097048	100858.2256111111	102168.0726969697	103512.38944298247	104892.55463555557	106310.02159009011	109642.48812328768	111165.30045833334	112731.00891549297	114341.4519	115998.57439130434	117704.43577941178	121184.99608955224	123021.1323939394	124913.76520000001	126865.54278125	128879.28155555556	132134.74290860214	134300.88623497268	136539.2343388889	138853.4586497175	141247.48379885056	143725.50983040934	146475.26579166666	149138.45244242426	151900.27563580245	154766.31857232703	157742.59392948716	159565.8266862745	162757.14322000003	166078.7175714286	169538.6908541667	170258.5589858156	173959.8320072464	177825.60605185188	181867.09709848487	181858.71134883718	186188.68066666665	190729.86800000002	195498.1147	195645.18208547006	200793.73950877195	206220.59733333337	211948.94725925926	213392.75193333335	219669.00934313727	226325.64598989903	229822.99302083335	237236.6379569892	245144.52588888886	251427.11203448277	260406.65175000002	270051.3425555555	279773.0971538461	290964.02104	303209.27768055553	316392.28975362325	330773.757469697	346563.9253333334	363892.1216000001	383551.5581578949	404859.97805555543	430105.30747058813	456986.88918749994	491109.6039111111	536004.2203333334	577235.3142051281	640460.8132222223	702840.0573939395	773124.0631333336	854192.2430740743	958911.4610833338	1084894.426333334	1245640.8918333324	1472226.6360666652	228205.27566666648	304273.7008888886	456410.55133333296	912821.1026666659
541383.0	73821.13741333333	74566.80546801347	75327.69123809524	76104.26537457044	76897.01813888889	78731.59321754386	79569.16335815603	80424.74575985664	81298.92777898551	82192.32258974359	83105.57061851851	84039.34107490638	84994.33358712122	87301.13128735633	88316.26072093024	89355.27555294118	90419.02883333334	91508.41472289157	92624.37100000001	93767.88175308642	96582.84959166666	97805.41730801688	99059.3329145299	100345.81775757574	101666.15746491229	103021.70623111111	104413.89145045046	107766.32325570779	109263.07774537039	110801.99433333335	112384.87996666669	114013.64634299518	115690.31761274513	119461.21840298509	121271.23686363638	123136.94820000001	125060.963015625	127046.05766666667	130957.9796451613	133104.83177049182	135323.24563333334	137616.85996610168	139989.56444827587	142445.52171929824	146292.03679166667	148951.8920060606	151710.26037654318	154572.71811949683	157742.59392948716	160835.58596732025	164052.2976866667	167400.30376190477	170887.81009027778	173145.8970425532	176909.93828260875	180841.2702444445	184951.2991136364	186096.56447286817	190527.4350555555	195174.44566666667	200053.80680833332	200510.88687179485	205787.48915789477	211349.3131891892	211948.94725925926	218004.63146666667	224416.5323921569	226325.64598989903	233398.32242708336	240927.30056989242	245144.52588888886	253597.78540229885	262654.8491666667	270051.3425555555	280437.9326538461	291655.44996	303087.52191666665	316265.2402608696	330773.757469697	346524.88877777784	363892.1216000001	383044.3385263159	404859.97805555543	428675.27088235284	456986.88918749994	487452.6818	526188.8613333334	566664.9275897435	625338.2570555556	698684.5235151516	773124.0631333336	859026.7368148151	960966.2734583338	1095898.8126666674	1265710.1640555544	1494769.0701999986	1840283.2950833319	304273.7008888886	456410.55133333296	912821.1026666659
589369.0	73028.19850666667	73765.85707744108	74518.56990476191	75286.80258419244	76071.04011111111	77706.46043508772	78533.12490780142	79377.56711111112	80240.3667536232	81122.12902564103	82023.48601481481	82945.09821722847	83887.65615151516	85971.27995019157	86970.94599612404	87994.13359607843	89041.68280555555	90114.47416465863	91213.43116666668	92339.52290946501	94939.980275	96141.7521772152	97374.33874358973	98638.94054545455	99936.82134210528	101269.31229333334	104413.89145045046	105844.21873059361	107314.27732407408	108825.74601877935	110380.39953333333	111980.11546859903	113626.88187254903	117417.0387711443	119196.08481313135	121029.87073333336	122920.96246354168	124872.08885185188	129095.18762903227	131211.50218032787	133398.36055	135659.3497118644	137998.30401724137	142445.52171929824	144989.19175	147625.3588727273	150359.1618148148	153196.12713207546	157545.2703910256	160634.39333986925	163847.08120666665	167190.8991904762	170674.0429236111	174523.72094326242	178317.71487681163	182280.33076296299	186423.06555303032	189252.49211627906	193758.50383333332	198484.32100000003	200053.80680833332	205183.39159829056	210582.95453508772	216274.38573873875	217220.12744444446	223426.4168	229997.78200000004	231217.03337373742	238442.5656666667	246134.26133333327	248958.21058888888	257542.97647126438	266740.93991666666	272382.8065432099	282859.0683333333	291655.44996	303807.760375	317016.79343478265	330640.933	346385.7393333334	363851.13321666676	383001.19285964925	404324.5795555555	428108.3783529411	455467.4753124999	485831.97366666666	522270.73050000006	566664.9275897435	613887.0048888889	682187.1895151517	768552.9758666669	859026.7368148151	960966.2734583338	1095898.8126666674	1265710.1640555544	1494769.0701999986	1840283.2950833319	304273.7008888886	456410.55133333296	912821.1026666659
641607.0	72402.97857333333	73134.32179124578	73880.59038095239	74642.24595189003	75419.76934722222	76871.78790175439	77689.57287943263	78524.94463082438	79378.47663768116	80250.76758974358	81142.44278518518	82054.15562546818	82986.58921212122	84851.8820842912	85838.531875969	86848.39695686274	87882.30644444445	88941.12941365462	90025.77733333333	91137.20668312757	93493.76694583333	94677.23235021096	95891.04302136751	97136.38124242424	98414.49152192983	99726.68474222222	102637.81651351354	104043.81400000001	105488.86697222223	106974.62566197185	108502.8346	110075.33944927536	111694.0944411765	115322.80548258706	117070.12071717174	118871.19949743591	120728.56198958334	122644.88837037038	126886.15480107529	128966.25569945357	131115.69329444447	133337.99318079097	135636.92409770118	140419.32689473685	142926.814875	145525.48423636364	148220.4006111111	151017.0119433962	156142.20649999997	159203.81839215683	162387.89476	165701.93342857144	170674.0429236111	174305.40553900707	178094.65348550727	182052.31245185187	186189.86500757578	190758.48568217052	195300.35438888887	200063.77766666666	203446.42902500002	208663.00412820512	214154.13581578952	219942.08543243248	222282.0075648148	228632.92206666665	235357.41977450982	236967.4117575758	244372.64337500004	252255.6318709677	254338.7367111111	263109.03797701147	272505.7893333333	276620.2339876543	287259.47375641024	294173.4310666667	306430.65736111114	319753.7294202899	331426.6476818182	347208.86900000006	363705.0263000001	382847.39610526327	404279.0369074073	428060.15672549006	454865.15199999994	485831.97366666666	520534.2575	562445.402076923	613887.0048888889	669694.9144242426	750405.9084666668	853947.7509629632	966405.0789166671	1098247.1696666675	1278548.6147777766	1518852.1968666653	1868461.3377499986	304273.7008888886	456410.55133333296	912821.1026666659
698476.0	71919.39409666667	72645.85262289562	73387.13683333334	74143.70525429554	74916.03551736112	76213.66165614035	77024.44529078013	77852.66513261649	78698.8897536232	79563.71271794871	80447.75397037037	81351.66131835207	82276.11201515152	83940.45805363984	84916.50989147287	85915.52765490196	86938.33155555556	87985.78133333333	89058.77866666667	90158.26976131687	92276.42176666667	93444.47773839663	94642.48386324785	95871.60703030303	97133.07554385965	98428.18321777778	101074.34264414416	102458.9226803653	103881.96327314815	105345.08951643194	106850.01936666667	108398.57037198068	109992.66699509806	113361.17047761196	115078.763969697	116849.20649230771	118674.97534375	120558.70511111112	124623.0317311828	126666.03225136612	128777.13278888889	130959.79605649717	133217.72357471264	138016.51925730996	140481.09995833336	143035.3017757576	145684.10366049383	148432.86033333334	153921.18524999998	156939.24770588233	160078.03266	163344.9312857143	169154.05704166667	172753.0795319149	176508.5812608696	180430.99417777781	186189.86500757578	190519.861868217	195056.04905555552	199813.51366666667	205065.3721083333	210323.45857264954	215858.28642982457	221692.2941711712	226051.58780555558	232510.20460000003	239348.74002941183	242489.46279797982	250067.2585104167	258133.94426881714	260664.15293333333	269652.572	272505.7893333333	282598.596345679	293467.7731282051	298749.8527066667	311197.7632361111	319753.7294202899	334287.98984848487	347208.86900000006	364569.3124500001	382847.39610526327	404116.6958888888	428060.15672549006	454813.9165208332	485189.49546666665	520534.2575	560575.3542307692	609315.8522500001	669694.9144242426	750405.9084666668	833784.342740741	960691.2198333337	1104462.947333334	1281288.36461111	1518852.1968666653	1868461.3377499986	304273.7008888886	456410.55133333296	912821.1026666659
760385.0	71550.34175333334	72273.07247811448	73010.55280952381	73763.2389209622	74531.60599305556	75704.6253649123	76509.99371985816	77332.68182437278	78173.25445289856	79032.30120512821	79910.4378851852	80808.30797378278	81726.58420075758	83221.81445210728	84189.50996899225	85179.97479215685	86194.0221111111	87232.50430522088	88296.31533333333	89386.39330041151	91285.24813333333	92440.75760337553	93625.8955213675	94841.81624242423	96089.73487719298	97370.93134222223	98686.75473873875	101124.8457716895	102529.35751851852	103973.43297652583	105458.76773333334	106987.15567149757	108560.49619607844	111634.34859203981	113325.77811616163	115069.25162564103	116867.20868229168	118722.24374074074	122503.20035483871	124511.44954098362	126586.64036666667	128732.1766440678	130951.69693103449	135554.87661988303	137975.49941666666	140484.14486060606	143085.70309876543	145785.43334591194	151287.33841666667	154253.75681699347	157338.83195333337	160549.82852380956	166747.9506875	170295.77942553192	173997.86158695657	177864.48073333336	184531.6985909091	188823.13344186044	193318.9223333333	198034.018	204808.85150833332	210060.3605213675	215588.26474561403	221692.2941711712	227850.41345370372	234360.4252666667	241253.37895098043	246601.73215151523	254308.03628125007	258133.94426881714	266738.40907777776	275936.28525287355	279283.021	289626.8365925926	300766.3303076923	305206.48405333335	317923.4208888889	324728.100768116	339488.4689848485	350206.4655555556	367716.7888333334	383757.17100000015	405077.0138333332	427888.266235294	454631.28287499986	485134.84428888885	519845.88800000004	559834.0332307692	607289.9670833333	664708.2024545455	736664.4058666668	833784.342740741	960691.2198333337	1104462.947333334	1281288.36461111	1534258.3377333318	1868461.3377499986	2453711.0601111087	456410.55133333296	912821.1026666659
827782.0	71266.24715000001	71986.10823232323	72720.66035714286	73470.35788659794	74235.67411458334	75017.1022631579	76117.38484397164	76935.85134767026	77772.11060144928	78626.74917948717	79500.37972592593	80393.64241947567	81307.20653787881	82665.97022605364	83627.2024379845	84611.05187843138	85618.32630555556	86649.87240562249	87706.57816666667	88789.37542798354	90503.72321666665	91649.33996624472	92824.33150427349	94029.8423030303	95267.07707017544	96537.30476444445	97841.86293693694	100038.62809132421	101428.05348148149	102856.61761502348	104325.99786666667	105837.96885024154	107394.40956862747	110180.80210945274	111850.20820202022	113570.98063589745	115345.52720833334	117176.40859259259	120637.11863978495	122614.77632240437	124658.35592777778	126771.20941807909	128956.91992528735	133249.09512280702	135628.54325000002	138094.51676363638	140651.82262962963	143305.63060377358	148588.99937179487	151502.50916339867	154532.55934666668	157686.28504761905	163894.6166180556	167381.7361205674	171020.4695144928	174820.92439259263	181906.85529545456	186137.24727906974	190569.08649999998	195217.113	202984.86844999998	208189.60866666664	213668.28257894737	221414.97460360362	227565.3905648148	234067.25886666664	241253.37895098043	248564.08740404045	256331.7151354167	262511.52132258064	271261.9053666667	280615.76417241385	285791.1525833333	296376.0100864197	300766.3303076923	312796.98352	325830.1911666667	331746.1783188406	346825.5500606061	355654.5865555556	373437.3158833334	387070.3040350879	408574.20981481473	428905.07347058813	454631.28287499986	484940.0350666666	519787.3331666667	559834.0332307692	606486.8693333333	662498.145909091	731179.0227000002	818516.0065185188	938007.3855833338	1097932.8226666674	1288540.1052222212	1534258.3377333318	1898565.2460833318	2453711.0601111087	456410.55133333296	912821.1026666659
901152.0	71050.40114666667	71768.08196632996	72500.40933333333	73247.83623367698	74010.83452777778	74789.89594385965	75815.15654255319	76630.3732795699	77463.31211956522	78314.5573076923	79184.71905555556	80074.43500000001	80984.37176136364	82241.7721302682	83198.07180620155	84176.8726509804	85178.97827777779	86205.23102811245	87256.51433333334	88333.75525102881	89899.24262083333	91037.20771729958	92204.3514059829	93401.81051515152	94630.78170614036	95892.52546222223	97188.37040090092	99182.16242922375	100559.69246296296	101976.02615962442	103432.82653333333	104931.8530048309	106474.96849019609	108997.3112039801	110648.78561616164	112351.07462564103	114106.56016666666	115917.77540740742	119066.35066666667	121018.25805464482	123035.22902222222	125120.57188700564	127277.82312643678	131219.32202923976	133562.52420833334	135990.93373939395	138509.28436419752	141122.6670880503	146061.5081153846	148925.45925490194	151903.96844000003	155004.04942857145	160971.41598611113	164396.33973049646	167970.1732028986	171702.84371851853	178794.12721969702	182952.13017829458	187308.1332777778	191876.62433333337	200097.540825	205228.24699999997	210628.99034210527	219443.10102702706	225538.74272222223	231982.7068	240951.59000980394	248253.15334343436	256011.06438541668	264600.4801397849	273420.49614444445	282848.78911494254	290637.75575000007	301402.1170740741	307775.08739743585	320086.0908933333	333423.0113472222	339996.7212173914	355451.11763636366	363341.0524444445	381508.1050666667	393091.9114561405	408574.20981481473	432607.98686274496	455711.6405624999	486092.41659999994	519578.609	559770.9741794871	606486.8693333333	661622.0392727273	728747.9605000002	812421.1363333337	920830.5073333338	1072008.4406666674	1288540.1052222212	1537546.037533332	1917822.922166665	2491281.7836666647	456410.55133333296	912821.1026666659
981025.0	70897.07713666667	71613.20922895623	72343.95626190476	73089.77024398626	73851.12201736111	74628.50224912282	75585.53313475176	76398.28080286739	77228.69689855073	78077.36389743589	78944.89016296295	79831.91140074907	80739.09221212122	81667.12775478927	82867.72924418605	83842.64370588235	84840.77041666667	85862.94837349397	86910.05750000001	87983.02117283951	89082.8089375	90570.05285232069	91731.20737606837	92922.52175757576	94145.18651754387	95400.45567111112	96689.65101801803	98519.71794063928	99888.04735648149	101294.92126291081	102741.99156666668	104231.00593719808	105763.81484803924	108064.14712437811	109701.4826868687	111389.1978051282	113129.65402083333	114925.36281481481	117787.41694623657	119718.35820765028	121713.66417777778	123776.60763841808	125910.68708045977	129510.76739181287	131823.45966666666	134220.24984242424	136705.81002469134	139285.1649308176	143836.56453205127	146656.88932679736	149590.02711333334	152642.88480952382	158233.30045833334	161599.96642553192	165113.0091739131	168782.18715555558	175605.1810757576	179689.022496124	183967.33255555553	188454.34066666666	196673.53994166668	201716.4512222222	207024.77888596494	216321.6657567568	222330.60091666668	228682.9038	238805.7275882353	246042.2647878788	253731.08556250003	264269.48581720423	273078.46867777774	282494.9675977011	292950.53158333333	303800.5512716049	312994.5061923077	325514.28644000005	333423.0113472222	347919.6640144928	363734.19419696974	372377.3613333334	381508.1050666667	401587.479017544	414930.3509814814	439338.0186862744	459645.98604166653	486092.41659999994	520813.30350000004	559546.1943076922	606418.5553611111	661622.0392727273	727784.2432000001	809719.9561111113	920830.5073333338	1072008.4406666674	1280921.6264444434	1546248.1262666653	1917822.922166665	2491281.7836666647	456410.55133333296	912821.1026666659
1067978.0	70812.08017333334	71527.3537104377	72257.22466666668	73002.14450859107	73762.5835138889	74539.03176140352	75422.42248581561	76233.41627598567	77062.04036594204	77908.87597435898	78774.53015185185	79659.63723220974	80564.86038257577	81490.8932605364	82616.74551937984	83588.70723137255	84583.81088888888	85602.89294779116	86646.83066666666	87716.54462551439	88813.00143333332	90210.43943037975	91366.98352564102	92553.56772727272	93771.37782894737	95021.66286666667	96305.7393918919	98014.16678538814	99375.47465740741	100775.12923004696	102214.77393333334	103696.14746859904	105221.0908137255	107342.37924875623	108968.77893434346	110645.22168717951	112374.05327604168	114157.76840740742	116778.99769892474	118693.40749726776	120671.63095555555	122716.91283615818	124832.72167816092	128119.64650292398	130407.49733333333	132778.54273939395	135237.4046419753	137789.0537861635	141963.72579487177	144747.32826143788	147642.27482666666	150655.38247619048	155822.94490972222	159138.32671631206	162597.85555797105	166211.14123703705	172618.14595454547	176632.52144186044	180838.05766666666	185248.74200000003	193165.69918333332	198118.6658290598	203332.31492982458	212620.04318018022	218526.15549074078	224769.75993333338	235408.87155882356	242542.47372727277	250121.92603125004	261915.95929032253	270646.4912666666	279979.12889655173	292584.07358333335	303420.52075308637	315485.1878589743	328104.5953733334	339077.3817083334	353819.8765652175	363734.19419696974	381054.87011111114	390996.2294000001	411574.97831578966	423897.8945185184	448833.0647843136	466796.64485416654	490289.0517777777	525309.6983333334	560875.8653076922	606175.0438333333	661547.514939394	727784.2432000001	809719.9561111113	913973.7783750006	1052377.7226666673	1250676.51411111	1546248.1262666653	1921932.546916665	2531420.328111109	3680566.5901666638	912821.1026666659
1162638.0	70802.35278666667	71517.52806734006	72247.29876190476	72992.1162749141	73752.45081944445	74528.79240701755	75321.65190070921	76142.02169175628	76969.65236231884	77815.47271794871	78680.08908148148	79564.13502621723	80468.27292424244	81393.19560153257	82438.4617868217	83408.32604313725	84401.28230555556	85418.1652248996	86459.85016666667	87527.25572427984	88621.34642083333	89937.21664135021	91090.25788034187	92273.24824242423	93487.36992982456	94733.86819555555	96014.05560360361	97624.99609589043	98980.89881944445	100374.9959859155	101808.92450000001	103284.41615942029	104803.30463235296	106791.5548557214	108409.60871717174	110077.44885128207	111797.40898958335	113571.97103703704	115999.02273655916	117900.6460601093	119865.65682777778	121897.2781299435	123998.95533908046	127022.76942690059	129291.03316666666	131641.77922424243	134079.5899506173	136609.3935345912	140438.84328205127	143192.54609150326	146056.39701333334	149037.13980952383	153794.03627777778	157066.24981560285	160480.73350724642	164046.97202962966	169988.66717424244	173941.89199224804	178083.36561111108	182426.86233333335	189879.96055	194748.67748717946	199873.64268421056	208827.78290090093	214628.55464814816	220760.79906666666	231380.63522549026	238392.1696262627	245841.9249270834	258190.37525806448	266796.72109999997	275996.60803448275	289978.3835	300718.3236296296	315090.5407820512	327694.1624133333	341775.62018055556	356635.42975362326	369902.5982272728	387517.00766666676	400107.61361666676	421165.90907017555	434440.2548888888	459995.5639999999	476885.1313333332	497916.42117777775	533481.8798333333	565718.1366666666	607615.52075	661281.866	727702.2664333335	808649.1591111114	910934.9506250004	1044541.4610000008	1250676.51411111	1537105.951733332	1921932.546916665	2531420.328111109	3680566.5901666638	912821.1026666659
1265689.0	70864.60021666667	71580.40425925926	72310.81654761905	73056.28888316151	73817.29189236111	74594.31601754387	75387.87257092199	76131.56213620072	76959.07911594203	77804.78328205127	78669.28087407407	79553.20537827715	80457.21907575759	81382.01469731801	82339.62810852713	83308.32961568628	84300.09544444445	85315.75924497991	86356.19533333334	87422.32120164609	88515.10021666666	89743.13561603376	90893.68863675212	92074.12615151514	93285.62781140352	94529.43618222223	95806.8609954955	97329.31663926941	98681.11270370371	100070.98753051645	101500.57306666666	102971.59586473429	104485.8840392157	106367.5330597015	107979.16234848487	109640.38023076924	111353.511171875	113121.02722222223	115403.77702150539	117295.64221857925	119250.5695888889	121271.76568361583	123362.65819540231	126174.37560818714	128427.48945833335	130762.53472121214	133184.06314197532	135696.9699937107	139236.49725641022	141966.62465359474	144805.95714666665	147761.18076190478	152142.08022222223	155379.14575886526	158756.95327536235	162284.8855703704	167775.3123030303	171677.06375193797	175764.61288888886	180051.55466666666	186987.53389166665	191782.08604273503	196828.98304385965	205275.63302702707	210977.73394444445	217005.6692	227253.76374509805	234140.24143434348	241457.1239791667	253772.30960215052	262231.3865888889	275996.60803448275	285853.62975	296440.8012222222	312284.41299999994	324775.78952	341348.0858472222	356189.30697101454	372846.13110606064	390600.70877777785	406892.85805000016	428308.27163157915	444564.01512962946	459995.5639999999	488745.2867499999	508677.4734222222	533481.8798333333	574518.9475128205	612861.3147222223	662853.2953636365	727410.0526000002	808558.073814815	909730.3040000005	1041068.5150000007	1227774.0097777767	1500811.816933332	1932810.1578333317	2557097.2295555533	3680566.5901666638	912821.1026666659
1377873.0	70978.42633	71695.38013131313	72426.96564285715	73173.63539175258	73935.86076041666	74714.13297894737	75508.96418085106	76198.49485663083	77026.73936594203	77873.18705128205	78738.44468518518	79623.14631086143	80527.95479166668	81453.56346743295	82400.69792635659	83296.88563137254	84288.51522222222	85304.03950200803	86344.33266666667	87410.31208230452	88502.94098333332	89635.54452320676	90784.71817094016	91963.74048484847	93173.78970175439	94416.10689777778	95692.00023423425	97002.84955251143	98468.16268981482	99855.03822065728	101281.53876666666	102749.38715458936	104260.40755392158	106045.37484577115	107652.12294949497	109308.30945641026	111016.25179166667	112778.41451851852	114597.42120430108	116829.91336065574	118777.07858333334	120790.24940677965	122872.83991379311	125028.50377192983	127768.46741666668	130091.53046060607	132500.6328765432	135000.64481761007	138306.52710897435	141018.4197973856	143838.78819333334	146774.27366666668	150839.53869444443	154048.89058156026	157397.7795072464	160895.50794074076	165973.17842424245	169833.01978294572	173876.6631111111	178117.55733333333	184552.84353333333	189284.9677264957	194266.1510877193	202148.6852882883	207763.9265462963	213700.03873333335	223388.188882353	230157.527939394	237349.95068750004	249246.06346236554	257554.26557777775	271273.84819540236	280962.1999166667	291368.20732098765	307842.37049999996	320156.06532	338308.11408333335	353017.1625217392	372379.73001515155	390112.09811111115	410130.7442166668	431716.57285964926	452103.17561111104	470714.83954901947	500134.5170208332	521328.30586666666	545011.5786666666	586935.5462564102	622395.5264722222	668575.9796969697	729138.6249000002	808233.3917777779	909627.8330416671	1041068.5150000007	1218631.704499999	1500811.816933332	1921382.4396666652	2557097.2295555533	3736922.675499997	912821.1026666659
1500000.0	71107.90255333333	71826.16419528618	72559.08423809524	73307.11603436427	74070.73182638889	74850.42374035087	75646.70484397163	76460.11027240143	77150.46340217392	77998.27069230769	78864.91814444444	79751.04082022472	80657.30264772728	81584.39808045977	82533.05387209302	83370.11790196078	84362.61930555555	85379.0364056225	86420.24416666667	87487.16076131686	88580.75027083332	89702.0255907173	90772.24716239315	91951.10751515151	93160.99050877194	94403.1370488889	95678.85511711713	96989.5243652968	98350.11135185185	99735.32418779343	101160.11453333334	102626.20314975845	104135.41201960786	105689.67190049752	107419.81384343436	109072.42636410258	110776.68302604168	112535.04307407408	114350.1244139785	116476.06745355192	118417.33524444445	120424.40872316384	122500.69163218391	124649.82657309942	127261.155625	129574.99481818182	131974.53175925926	134464.61726415093	137596.81106410257	140294.78775163396	143100.68350666668	146021.10561904762	149832.07103472223	153019.98743971632	156346.50890579715	159820.87577037042	164552.22403030304	168379.01993798447	172388.04422222218	176592.63066666666	182570.49626666665	187251.791042735	192179.46975438597	199516.58760360364	205058.71503703704	210917.53546666668	219985.33399019612	226651.55623232326	233734.41736458335	245006.4007096774	253173.28073333332	266435.4471494253	275950.9988333333	286171.40619753086	302574.67683333333	314677.66390666674	333495.901375	347995.72317391314	369063.3971818182	386637.8446666667	409617.70301666675	431176.52949122817	455700.8269074073	478697.4800588235	508616.07256249996	533476.8181555555	558566.042	586935.5462564102	635846.8417777778	678976.937969697	735433.5776666668	810154.0276666669	909627.8330416671	1039691.7760000008	1214579.9341666657	1473328.811733332	1921382.4396666652	2562576.72922222	3736922.675499997	912821.1026666659
