Sample	Coverage	FNR_Value	Hausdorff_Distance	Frechet_Distance	SSE	SSE_log10	Distance_Scale
gr_wolf.spain.SAMN04851099	4.0	0.0	560580664.5555555	560580664.5555555	210854766818.00986	24.008348518126926	psmc
gr_wolf.spain.SAMN04851099	4.0	0.01	565658102.3611112	574218484.6821548	210765714830.77283	23.779398511389395	psmc
gr_wolf.spain.SAMN04851099	4.0	0.02	570415522.3187075	588134627.6684808	209759648655.75595	23.318345422297718	psmc
gr_wolf.spain.SAMN04851099	4.0	0.03	576895347.8770334	602337701.4380296	209600644463.44315	23.06146735234206	psmc
gr_wolf.spain.SAMN04851099	4.0	0.04	583953160.522222	616836672.5777777	209886424449.78714	22.888971884202885	psmc
gr_wolf.spain.SAMN04851099	4.0	0.05	592097086.5263158	631640885.2152046	210260162606.74783	22.718846873531234	psmc
gr_wolf.spain.SAMN04851099	4.0	0.06	594503080.3477541	642732699.7280143	209240047427.9438	22.66993907029937	psmc
gr_wolf.spain.SAMN04851099	4.0	0.07	600333670.3327956	657181013.3109319	209148130130.21527	22.452314565145997	psmc
gr_wolf.spain.SAMN04851099	4.0	0.08	607626169.2533817	654866925.4234295	209080363885.58035	22.230628074614593	psmc
gr_wolf.spain.SAMN04851099	4.0	0.09	615086622.6553721	670993826.9109275	208937707231.09024	21.988818472925363	psmc
gr_wolf.spain.SAMN04851099	4.0	0.1	621506855.1111112	687479103.9870367	207981704773.64752	21.570215275975297	psmc
gr_wolf.spain.SAMN04851099	4.0	0.11	627505260.1959426	704334836.7277775	207917433887.59705	21.337686101575056	psmc
gr_wolf.spain.SAMN04851099	4.0	0.12	636896020.638889	721573654.303535	207988052101.96118	21.10031274100283	psmc
gr_wolf.spain.SAMN04851099	4.0	0.13	648781778.0028733	739208766.5362065	208355383681.5854	20.919454093148676	psmc
gr_wolf.spain.SAMN04851099	4.0	0.14	666827009.1246771	757253997.6580102	205285989273.21866	20.81540233838004	psmc
gr_wolf.spain.SAMN04851099	4.0	0.15	685296833.9199346	775723822.4532678	205049481166.19666	20.57781548613977	psmc
gr_wolf.spain.SAMN04851099	4.0	0.16	704206416.4484128	794633404.981746	204938725178.6668	20.3690552606746	psmc
gr_wolf.spain.SAMN04851099	4.0	0.17	723571651.5679384	813998640.1012716	203954555344.45868	19.975518923131744	psmc
gr_wolf.spain.SAMN04851099	4.0	0.18	743409209.4952573	833836198.0285904	203427186489.5365	19.667238327387434	psmc
gr_wolf.spain.SAMN04851099	4.0	0.19	763736583.6676954	854163572.2010286	203708275026.4384	19.50039760968069	psmc
gr_wolf.spain.SAMN04851099	4.0	0.2	784572142.1944445	874999130.7277777	203910446830.47488	19.293508243472818	psmc
gr_wolf.spain.SAMN04851099	4.0	0.21	805935183.2155412	896362171.7488744	198215381726.70236	19.12300408526708	psmc
gr_wolf.spain.SAMN04851099	4.0	0.22	827845994.5192305	918272983.0525637	197718170124.4624	18.873998902158597	psmc
gr_wolf.spain.SAMN04851099	4.0	0.23	850325917.8048338	940752906.338167	197323382038.9168	18.63931446628478	psmc
gr_wolf.spain.SAMN04851099	4.0	0.24	873397418.0190057	963824406.5523388	195880032170.41827	18.22574947093747	psmc
gr_wolf.spain.SAMN04851099	4.0	0.25	897084158.2388889	987511146.772222	195379800955.68665	17.970750243357035	psmc
gr_wolf.spain.SAMN04851099	4.0	0.26	921411080.626877	1011838069.1602101	195243042016.9768	17.752267820416996	psmc
gr_wolf.spain.SAMN04851099	4.0	0.27	946404494.0391935	1036831482.5725267	186875865052.11172	17.605459588834435	psmc
gr_wolf.spain.SAMN04851099	4.0	0.28	972092168.9351851	1062519157.4685183	186077250634.42	17.3845986178816	psmc
gr_wolf.spain.SAMN04851099	4.0	0.29	998503440.3071207	1088930428.8404539	185132860184.67935	17.12617238898057	psmc
gr_wolf.spain.SAMN04851099	4.0	0.3	1025669319.4325398	1116096307.965873	183367318518.80496	16.74522856101629	psmc
gr_wolf.spain.SAMN04851099	4.0	0.31	1053622615.3442029	1144049603.877536	182135753693.24838	16.446330214403343	psmc
gr_wolf.spain.SAMN04851099	4.0	0.32	1082398067.017974	1172825055.5513072	181475039531.1628	16.217426863310738	psmc
gr_wolf.spain.SAMN04851099	4.0	0.33	561746622.0543118	561746622.0543118	168716939037.00104	16.004562220271282	psmc
gr_wolf.spain.SAMN04851099	4.0	0.34	556574478.4722222	556574478.4722222	167130094682.64172	15.772188758020421	psmc
gr_wolf.spain.SAMN04851099	4.0	0.35	551243192.0106838	551243192.0106838	165551594013.54077	15.539702302194744	psmc
gr_wolf.spain.SAMN04851099	4.0	0.36	545745302.8472222	545745302.8472222	162608592878.54156	15.125407343435901	psmc
gr_wolf.spain.SAMN04851099	4.0	0.37	540072877.5198412	540072877.5198412	160819073438.37018	14.864091754786624	psmc
gr_wolf.spain.SAMN04851099	4.0	0.38	548103048.8664875	592084636.4650538	159576038785.7026	14.655496344754466	psmc
gr_wolf.spain.SAMN04851099	4.0	0.39	542283293.9549179	586985891.1862477	157978834441.63666	14.480996412758842	psmc
gr_wolf.spain.SAMN04851099	4.0	0.4	536269547.2129629	581717187.7314816	156017465898.0695	14.218366640845186	psmc
gr_wolf.spain.SAMN04851099	4.0	0.41	530051944.64924675	576269884.1596045	153205670584.03687	13.876694621885544	psmc
gr_wolf.spain.SAMN04851099	4.0	0.42	523619941.99712646	570634742.533525	150940130734.646	13.590743485511979	psmc
gr_wolf.spain.SAMN04851099	4.0	0.43	516962255.0414231	578778650.7924951	149177134187.21893	13.366615424597441	psmc
gr_wolf.spain.SAMN04851099	4.0	0.44	510066793.55158734	574942717.6039683	147360680793.20633	13.195827272474649	psmc
gr_wolf.spain.SAMN04851099	4.0	0.45	502920588.00757575	570967295.9358586	145160377914.46033	12.939064458775945	psmc
gr_wolf.spain.SAMN04851099	4.0	0.46	495509708.1841564	566844636.4281893	141914666237.25757	12.59133334887963	psmc
gr_wolf.spain.SAMN04851099	4.0	0.47	487819172.51834387	562566404.8636268	139769674869.20395	12.35640949044515	psmc
gr_wolf.spain.SAMN04851099	4.0	0.48	479832847.0192308	558123625.9311966	137298642934.9472	12.10587752641481	psmc
gr_wolf.spain.SAMN04851099	4.0	0.49	471533332.2848584	553229246.2563181	135245509685.28644	11.939290692540611	psmc
gr_wolf.spain.SAMN04851099	4.0	0.5	462901836.9611111	548704934.5944445	131729926218.97801	11.4347382386457	psmc
gr_wolf.spain.SAMN04851099	4.0	0.51	453918035.70578223	543707261.6402494	128523442363.52657	11.117689576897227	psmc
gr_wolf.spain.SAMN04851099	4.0	0.52	444559909.398148	538501352.3129629	125846504882.63391	10.855574704069571	psmc
gr_wolf.spain.SAMN04851099	4.0	0.53	434803564.94976354	532772934.50366426	123695279831.20015	10.716379268879384	psmc
gr_wolf.spain.SAMN04851099	4.0	0.54	424623031.6123188	527410502.00700486	119862892663.18283	10.17288075025863	psmc
gr_wolf.spain.SAMN04851099	4.0	0.55	413990030.12654316	521495381.8438271	116156482463.9954	9.844136923007522	psmc
gr_wolf.spain.SAMN04851099	4.0	0.56	402873710.3914141	515311392.5823232	113489374148.05995	9.634663622681888	psmc
gr_wolf.spain.SAMN04851099	4.0	0.57	391240352.5290698	508839775.9133075	110961629440.55782	9.473854553164582	psmc
gr_wolf.spain.SAMN04851099	4.0	0.58	379053025.2447091	502059987.0219577	106299342566.0597	8.850571387198675	psmc
gr_wolf.spain.SAMN04851099	4.0	0.59	366271194.1903794	494949476.7212737	102660042481.09013	8.562789044089401	psmc
gr_wolf.spain.SAMN04851099	4.0	0.6	352850271.5833334	487483440.90555555	99933868697.11978	8.422463451615124	psmc
gr_wolf.spain.SAMN04851099	4.0	0.61	338741096.5349003	479634531.45826215	95964540761.30602	7.833591057387492	psmc
gr_wolf.spain.SAMN04851099	4.0	0.62	331344998.71578944	471372521.5137427	90853389560.63843	7.475390971039005	psmc
gr_wolf.spain.SAMN04851099	4.0	0.63	336423007.0546546	462663916.43708706	87676756371.08002	7.281919701297659	psmc
gr_wolf.spain.SAMN04851099	4.0	0.64	334253848.46543205	453471499.9672839	83573616421.10126	6.7134619664224955	psmc
gr_wolf.spain.SAMN04851099	4.0	0.65	337883719.2873016	443753802.55634916	78474032883.96391	6.396243659326474	psmc
gr_wolf.spain.SAMN04851099	4.0	0.66	336832901.1581698	433464475.88594764	75048851634.8994	6.212234961577211	psmc
gr_wolf.spain.SAMN04851099	4.0	0.67	337557969.1612795	422551553.6597643	70408047453.73936	5.584709356328481	psmc
gr_wolf.spain.SAMN04851099	4.0	0.68	336283727.81666654	410956573.79444444	64996101040.460945	5.286485490800491	psmc
gr_wolf.spain.SAMN04851099	4.0	0.69	336591503.7501791	398613530.7120072	62051346821.571785	5.192076791315252	psmc
gr_wolf.spain.SAMN04851099	4.0	0.7	338537230.77037036	385447618.09074074	55532863673.04545	4.425825149728536	psmc
gr_wolf.spain.SAMN04851099	4.0	0.71	338110432.5532567	371817185.6477013	51349387265.76518	4.222160836436647	psmc
gr_wolf.spain.SAMN04851099	4.0	0.72	338553671.76349205	356294525.8579365	48123283855.587006	4.117742265279216	psmc
gr_wolf.spain.SAMN04851099	4.0	0.73	325481811.00082296	340098363.5063786	40621404577.74789	3.2983704344546734	psmc
gr_wolf.spain.SAMN04851099	4.0	0.74	307495710.00683755	326032551.6482908	37700018662.74222	3.2225965831183534	psmc
gr_wolf.spain.SAMN04851099	4.0	0.75	289202407.3333333	306566609.31666684	30399220601.44676	2.405703893032744	psmc
gr_wolf.spain.SAMN04851099	4.0	0.76	268795242.7703701	290260195.8648149	27072759285.325752	2.292153511289822	psmc
gr_wolf.spain.SAMN04851099	4.0	0.77	246613542.158454	271815212.1611111	20117318357.71845	1.4790829046348932	psmc
gr_wolf.spain.SAMN04851099	4.0	0.78	222415323.30909073	247230398.62575758	17637174407.257355	1.4140580415822142	psmc
gr_wolf.spain.SAMN04851099	4.0	0.79	195912512.18835962	224145359.88597882	11407566250.258213	0.6081685731098377	psmc
gr_wolf.spain.SAMN04851099	4.0	0.8	197407555.30555594	197407555.30555594	10909450258.111382	0.6231506540461468	psmc
gr_wolf.spain.SAMN04851099	4.0	0.81	255329431.82017577	255329431.82017577	16380829717.655998	1.1880660619701224	psmc
gr_wolf.spain.SAMN04851099	4.0	0.82	319687072.3919748	319687072.3919748	24024779332.034233	1.7628807436594198	psmc
gr_wolf.spain.SAMN04851099	4.0	0.83	391616200.0898689	391616200.0898689	30607067455.200405	1.9269640711240208	psmc
gr_wolf.spain.SAMN04851099	4.0	0.84	472536468.7499999	472536468.7499999	45643235460.14905	2.5724564003235124	psmc
gr_wolf.spain.SAMN04851099	4.0	0.85	564246106.5648149	564246106.5648149	66787826824.877686	3.2679366968457972	psmc
gr_wolf.spain.SAMN04851099	4.0	0.86	669057121.2103173	669057121.2103173	93328786739.77782	3.9947019479802117	psmc
gr_wolf.spain.SAMN04851099	4.0	0.87	789992907.3397435	789992907.3397435	128396979044.69078	4.778301829994739	psmc
gr_wolf.spain.SAMN04851099	4.0	0.88	931084657.8240746	931084657.8240746	182653375498.81824	5.516135058270056	psmc
gr_wolf.spain.SAMN04851099	4.0	0.89	1097829453.8510103	1097829453.8510103	256745458300.48422	6.619110234630848	psmc
gr_wolf.spain.SAMN04851099	4.0	0.9	1297923209.083334	1297923209.083334	357801425696.4128	8.001744145876359	psmc
gr_wolf.spain.SAMN04851099	4.0	0.91	1542482243.2561736	1542482243.2561736	529209378491.7105	9.647109696407394	psmc
gr_wolf.spain.SAMN04851099	4.0	0.92	1848181035.9722233	1848181035.9722233	755821208635.614	11.469587457717402	psmc
gr_wolf.spain.SAMN04851099	4.0	0.93	2241222340.8928595	2241222340.8928595	1109102090919.6772	13.759387237604189	psmc
gr_wolf.spain.SAMN04851099	4.0	0.94	2765277414.120367	2765277414.120367	1623849847199.5671	16.35715052353369	psmc
gr_wolf.spain.SAMN04851099	4.0	0.95	3498954516.6388845	3498954516.6388845	2527339243441.5264	19.75225691446376	psmc
gr_wolf.spain.SAMN04851099	4.0	0.96	4599470170.416661	4599470170.416661	4068159276484.375	24.21309964867628	psmc
gr_wolf.spain.SAMN04851099	4.0	0.97	6433662926.712956	6518447985.4648075	6656653636879.631	29.412765918230615	psmc
gr_wolf.spain.SAMN04851099	4.0	0.98	9479283388.194435	9569710376.727768	11732268948287.584	37.63660646606159	psmc
gr_wolf.spain.SAMN04851099	4.0	0.99	16179190301.527763	16179190301.527763	29271004465063.516	56.22779437157853	psmc
gr_wolf.spain.SAMN04851099	5.0	0.0	582102965.9722223	582102965.9722223	163612646826.79865	14.827068232617064	psmc
gr_wolf.spain.SAMN04851099	5.0	0.01	587029009.7180135	588697854.4453984	162786271240.01614	14.702392040083781	psmc
gr_wolf.spain.SAMN04851099	5.0	0.02	583803712.893991	586607108.9871882	161670826044.4649	14.54905707981684	psmc
gr_wolf.spain.SAMN04851099	5.0	0.03	580511915.1045246	584473255.3752005	160428954400.9172	14.368122051366122	psmc
gr_wolf.spain.SAMN04851099	5.0	0.04	577151538.1944444	582294946.4796296	159104736103.9915	14.191073463675771	psmc
gr_wolf.spain.SAMN04851099	5.0	0.05	573720416.5073099	580070778.4494152	157076402134.6297	13.9198369579403	psmc
gr_wolf.spain.SAMN04851099	5.0	0.06	570216292.2310874	577799287.6951537	155555036897.45862	13.725591366426999	psmc
gr_wolf.spain.SAMN04851099	5.0	0.07	566636810.4435483	575478947.6773596	154137871548.88855	13.537649367591433	psmc
gr_wolf.spain.SAMN04851099	5.0	0.08	562979513.8345411	573108165.4852657	153320806603.44833	13.443884652672953	psmc
gr_wolf.spain.SAMN04851099	5.0	0.09	559241837.0802808	570685278.1900489	151936114521.95294	13.272793224061457	psmc
gr_wolf.spain.SAMN04851099	5.0	0.1	555421100.8425926	568208548.9549383	150665518414.92276	13.120410767705295	psmc
gr_wolf.spain.SAMN04851099	5.0	0.11	551514505.363608	565676162.8830837	149254507299.44806	12.940028405144787	psmc
gr_wolf.spain.SAMN04851099	5.0	0.12	547519123.6237373	563086222.5823233	147865278318.51276	12.777999914595547	psmc
gr_wolf.spain.SAMN04851099	5.0	0.13	543431894.0277778	560436743.4240742	145422760145.73477	12.495203514224546	psmc
gr_wolf.spain.SAMN04851099	5.0	0.14	539249612.5807493	557725648.471447	143807628240.883	12.31240937191888	psmc
gr_wolf.spain.SAMN04851099	5.0	0.15	534968924.5114379	554859794.0297385	142494483894.5931	12.172421356550021	psmc
gr_wolf.spain.SAMN04851099	5.0	0.16	530586315.29761904	552109808.9267197	141097019170.51874	12.025296142290744	psmc
gr_wolf.spain.SAMN04851099	5.0	0.17	526098101.0425033	549200398.0782464	139557103440.43307	11.862645419646562	psmc
gr_wolf.spain.SAMN04851099	5.0	0.18	521500418.14701897	546220025.9895664	138237759787.36328	11.730378254247697	psmc
gr_wolf.spain.SAMN04851099	5.0	0.19	516789212.2170782	543166064.4665982	136609280822.59793	11.567406737997096	psmc
gr_wolf.spain.SAMN04851099	5.0	0.2	511960226.13888884	540035753.9055555	134138942406.84836	11.317493855742045	psmc
gr_wolf.spain.SAMN04851099	5.0	0.21	507008987.2485935	536826194.9758791	132276030771.90857	11.135648481753169	psmc
gr_wolf.spain.SAMN04851099	5.0	0.22	501930793.51495737	533534339.6633904	130685311159.65082	10.987425482073677	psmc
gr_wolf.spain.SAMN04851099	5.0	0.23	496720698.6453824	530156981.61551225	129067044434.17076	10.84226152620974	psmc
gr_wolf.spain.SAMN04851099	5.0	0.24	491373496.01608187	526690745.72426903	127490358344.69325	10.703442876052685	psmc
gr_wolf.spain.SAMN04851099	5.0	0.25	485883701.3166666	523132076.87592596	125886792614.34045	10.564474219182719	psmc
gr_wolf.spain.SAMN04851099	5.0	0.26	480245533.7875375	519477227.7884385	123780181026.79845	10.38077135449866	psmc
gr_wolf.spain.SAMN04851099	5.0	0.27	474452895.91514456	515722245.849239	121314375987.9037	10.18011290565905	psmc
gr_wolf.spain.SAMN04851099	5.0	0.28	468499351.43518513	511862958.85617286	119511282716.28362	10.037494985279864	psmc
gr_wolf.spain.SAMN04851099	5.0	0.29	462378101.476917	507894959.5534429	117216572125.04071	9.717032393351321	psmc
gr_wolf.spain.SAMN04851099	5.0	0.3	456081958.6626983	503813588.8420635	115512412236.72218	9.580669387153181	psmc
gr_wolf.spain.SAMN04851099	5.0	0.31	449603318.955314	499613917.53035426	113757703114.8048	9.445008949379531	psmc
gr_wolf.spain.SAMN04851099	5.0	0.32	442934131.0212418	495290726.474183	111506258083.08397	9.268867332021642	psmc
gr_wolf.spain.SAMN04851099	5.0	0.33	436065862.8503316	490838484.9387231	108786753964.08502	9.075092661295846	psmc
gr_wolf.spain.SAMN04851099	5.0	0.34	428989465.34090894	486134169.9223905	106725199331.92448	8.927968785131718	psmc
gr_wolf.spain.SAMN04851099	5.0	0.35	421695332.5235042	481523025.7260684	104187182482.4356	8.55885857551275	psmc
gr_wolf.spain.SAMN04851099	5.0	0.36	414173258.0555555	476646965.0444445	102226677366.05177	8.420529830932477	psmc
gr_wolf.spain.SAMN04851099	5.0	0.37	406412387.5727513	471616108.7856261	100306644085.48915	8.292182159895704	psmc
gr_wolf.spain.SAMN04851099	5.0	0.38	398401166.4292114	466422966.8410394	97245972378.57068	8.08547830019698	psmc
gr_wolf.spain.SAMN04851099	5.0	0.39	390127282.29735875	461059557.94745	94836923104.63657	7.936645075725531	psmc
gr_wolf.spain.SAMN04851099	5.0	0.4	381577602.0277778	455517368.7574075	92014520889.1005	7.521587814392086	psmc
gr_wolf.spain.SAMN04851099	5.0	0.41	372738102.0880414	449787308.7473635	89922462856.61078	7.388044413516561	psmc
gr_wolf.spain.SAMN04851099	5.0	0.42	363593791.8055556	443859660.4611111	87874695707.09694	7.2662658952769785	psmc
gr_wolf.spain.SAMN04851099	5.0	0.43	354128628.53070176	437724024.5156921	84662467475.87273	7.075844473770225	psmc
gr_wolf.spain.SAMN04851099	5.0	0.44	344325423.7103175	431369258.7150794	82019663049.98915	6.929771580717184	psmc
gr_wolf.spain.SAMN04851099	5.0	0.45	335680103.4777778	424783410.52171725	78858499825.35127	6.459182706291727	psmc
gr_wolf.spain.SAMN04851099	5.0	0.46	337290418.94320995	417953642.0248972	76558132692.90497	6.32990321861377	psmc
gr_wolf.spain.SAMN04851099	5.0	0.47	335908721.4819706	410866146.4149896	74352159890.72467	6.214130575291495	psmc
gr_wolf.spain.SAMN04851099	5.0	0.48	338683778.3538461	403506054.8200855	70752581081.73897	6.026757651702164	psmc
gr_wolf.spain.SAMN04851099	5.0	0.49	337274016.1472767	395857332.18224406	68475788035.37549	5.924863229354067	psmc
gr_wolf.spain.SAMN04851099	5.0	0.5	338481119.3888889	387902660.63888896	64682880419.32675	5.388994712778876	psmc
gr_wolf.spain.SAMN04851099	5.0	0.51	338583021.62743765	379623308.6243765	62508746730.86706	5.286354533981099	psmc
gr_wolf.spain.SAMN04851099	5.0	0.52	338464207.662963	370998983.6092593	58930031462.404884	5.122526498458758	psmc
gr_wolf.spain.SAMN04851099	5.0	0.53	337921537.3359338	361843147.60059106	56303024336.40052	5.006786748319004	psmc
gr_wolf.spain.SAMN04851099	5.0	0.54	338008869.11497575	352625421.6205314	52278861495.81994	4.43291444115974	psmc
gr_wolf.spain.SAMN04851099	5.0	0.55	328209636.05432093	342826188.55987656	50083310226.069145	4.342550261072423	psmc
gr_wolf.spain.SAMN04851099	5.0	0.56	317964983.3090908	332581535.8146464	46477881706.10914	4.198671974262444	psmc
gr_wolf.spain.SAMN04851099	5.0	0.57	307243835.0873385	321860387.59289414	44111987963.000244	4.11224453080319	psmc
gr_wolf.spain.SAMN04851099	5.0	0.58	296012155.99788356	310628708.5034392	39853133303.53251	3.5008988098720097	psmc
gr_wolf.spain.SAMN04851099	5.0	0.59	284232590.12357724	298849142.62913287	37532541429.716125	3.4169507770037177	psmc
gr_wolf.spain.SAMN04851099	5.0	0.6	271864045.95555544	286480598.46111107	34016470239.17103	3.2903093486420856	psmc
gr_wolf.spain.SAMN04851099	5.0	0.61	258861217.47122514	273477769.9767808	29536433959.38558	2.644273029882181	psmc
gr_wolf.spain.SAMN04851099	5.0	0.62	245174029.59298247	259790582.0985381	27544087678.149277	2.5831003249200046	psmc
gr_wolf.spain.SAMN04851099	5.0	0.63	230746993.72132134	245363546.22687697	24522351727.418312	2.489647880398196	psmc
gr_wolf.spain.SAMN04851099	5.0	0.64	215518455.85679007	230135008.3623457	19942306299.463287	1.8126005217934447	psmc
gr_wolf.spain.SAMN04851099	5.0	0.65	199419715.82857132	217431896.31984127	18310656790.011375	1.7720932979665158	psmc
gr_wolf.spain.SAMN04851099	5.0	0.66	182373991.0928104	199924566.50751638	16091212420.608778	1.7146501201778939	psmc
gr_wolf.spain.SAMN04851099	5.0	0.67	164295192.13063955	181356186.40353525	11584212041.308876	1.0105107156427926	psmc
gr_wolf.spain.SAMN04851099	5.0	0.68	145086468.23333323	168070073.58472228	10709752371.928274	1.000193832993731	psmc
gr_wolf.spain.SAMN04851099	5.0	0.69	124638471.82652344	147276169.18620086	10058758836.30638	0.9990477930002006	psmc
gr_wolf.spain.SAMN04851099	5.0	0.7	139952894.4166665	139952894.4166665	5872955296.9000225	0.2710042143935228	psmc
gr_wolf.spain.SAMN04851099	5.0	0.71	175920514.86111104	175920514.86111104	6590331809.943821	0.3083667122279371	psmc
gr_wolf.spain.SAMN04851099	5.0	0.72	214457251.05158722	214457251.05158722	12590338848.367718	0.9524299263595256	psmc
gr_wolf.spain.SAMN04851099	5.0	0.73	255848560.29320967	255848560.29320967	14933830669.298937	1.0191160197072304	psmc
gr_wolf.spain.SAMN04851099	5.0	0.74	300423816.39957273	300423816.39957273	19932552065.619316	1.1444338094803674	psmc
gr_wolf.spain.SAMN04851099	5.0	0.75	348565092.9944445	348565092.9944445	28695194238.772648	1.7758052209576565	psmc
gr_wolf.spain.SAMN04851099	5.0	0.76	400718142.63888896	400718142.63888896	38092681606.59172	1.9688178564342245	psmc
gr_wolf.spain.SAMN04851099	5.0	0.77	457406240.07850254	457406240.07850254	50620079421.69202	2.598496364953224	psmc
gr_wolf.spain.SAMN04851099	5.0	0.78	519247800.9217175	519247800.9217175	66119943066.27543	2.8714164700709737	psmc
gr_wolf.spain.SAMN04851099	5.0	0.79	586979034.2261909	586979034.2261909	83821687109.19562	3.5122144130752586	psmc
gr_wolf.spain.SAMN04851099	5.0	0.8	661483390.8611115	661483390.8611115	108418447910.96272	3.8851926013838343	psmc
gr_wolf.spain.SAMN04851099	5.0	0.81	743830311.3523399	743830311.3523399	137893655643.5508	4.614508511960169	psmc
gr_wolf.spain.SAMN04851099	5.0	0.82	835326889.6759254	835326889.6759254	175448018367.02304	5.37798928186865	psmc
gr_wolf.spain.SAMN04851099	5.0	0.83	937587771.3316993	937587771.3316993	224000493862.31778	5.943744956766837	psmc
gr_wolf.spain.SAMN04851099	5.0	0.84	1052631263.1944441	1052631263.1944441	280792419906.7984	6.803709930085363	psmc
gr_wolf.spain.SAMN04851099	5.0	0.85	1183013887.3055553	1183013887.3055553	348773330070.6153	7.681630751319966	psmc
gr_wolf.spain.SAMN04851099	5.0	0.86	1332022600.5753965	1332022600.5753965	446262495679.656	8.727348394952957	psmc
gr_wolf.spain.SAMN04851099	5.0	0.87	1503955731.2713675	1503955731.2713675	566704572012.0837	9.841565758542133	psmc
gr_wolf.spain.SAMN04851099	5.0	0.88	1704544383.75	1704544383.75	728887653039.6016	10.996431076037075	psmc
gr_wolf.spain.SAMN04851099	5.0	0.89	1941603700.3156571	1941603700.3156571	922620689259.1271	12.414062664583057	psmc
gr_wolf.spain.SAMN04851099	5.0	0.9	2226074880.194445	2226074880.194445	1189516684774.043	13.935957250921401	psmc
gr_wolf.spain.SAMN04851099	5.0	0.91	2573761877.824075	2573761877.824075	1541310004582.4856	15.65083543878757	psmc
gr_wolf.spain.SAMN04851099	5.0	0.92	3008370624.861113	3008370624.861113	2078583227079.417	17.817555550357234	psmc
gr_wolf.spain.SAMN04851099	5.0	0.93	3567153299.623019	3567153299.623019	2729467292277.661	19.897589212440614	psmc
gr_wolf.spain.SAMN04851099	5.0	0.94	4312196865.9722185	4312196865.9722185	3723248629712.5674	22.50194046986301	psmc
gr_wolf.spain.SAMN04851099	5.0	0.95	5355257858.861104	5415116975.31666	5180462552939.147	25.715220386102747	psmc
gr_wolf.spain.SAMN04851099	5.0	0.96	6909200387.083326	6999627375.616659	7623051659815.252	30.225425581199428	psmc
gr_wolf.spain.SAMN04851099	5.0	0.97	8948442525.972214	9038869514.505547	11379248855917.012	35.4227651329604	psmc
gr_wolf.spain.SAMN04851099	5.0	0.98	12021366432.63888	12111793421.172213	19615051797577.895	44.48455849991964	psmc
gr_wolf.spain.SAMN04851099	5.0	0.99	21958502147.08331	21958502147.08331	46299988380580.914	63.971056568763345	psmc
gr_wolf.spain.SAMN04851099	6.0	0.0	509973751.41666657	512770687.7833333	125276685165.72408	10.390612691716916	psmc
gr_wolf.spain.SAMN04851099	6.0	0.01	506002697.40600437	509934119.88872045	123958752316.17029	10.274233273846544	psmc
gr_wolf.spain.SAMN04851099	6.0	0.02	501950601.4767574	507039662.85340136	122619886765.25195	10.161646716724075	psmc
gr_wolf.spain.SAMN04851099	6.0	0.03	497814957.177835	504085526.2915807	121343245054.63889	10.057949869470063	psmc
gr_wolf.spain.SAMN04851099	6.0	0.04	493593153.62268513	501069845.21805555	118825870965.79475	9.834716980249073	psmc
gr_wolf.spain.SAMN04851099	6.0	0.05	489282469.99269	497990676.1219298	117400926785.21545	9.723762249762332	psmc
gr_wolf.spain.SAMN04851099	6.0	0.06	484880069.6897163	494845992.7897163	115936680493.19661	9.612740715317292	psmc
gr_wolf.spain.SAMN04851099	6.0	0.07	480382994.1114097	491633681.85896057	114440468220.77632	9.474591590294054	psmc
gr_wolf.spain.SAMN04851099	6.0	0.08	475788156.0205314	488351538.081884	113185127485.12688	9.388531669757187	psmc
gr_wolf.spain.SAMN04851099	6.0	0.09	471092332.4771062	484997259.2767399	111698779719.59183	9.276128692167852	psmc
gr_wolf.spain.SAMN04851099	6.0	0.1	466292157.2993826	481568440.9425925	109856260562.0219	9.027890070280332	psmc
gr_wolf.spain.SAMN04851099	6.0	0.11	461384113.0165418	478062570.5110486	108422644432.45306	8.923909492707784	psmc
gr_wolf.spain.SAMN04851099	6.0	0.12	456364522.2727273	474477021.20606065	105655047820.56451	8.706331525283428	psmc
gr_wolf.spain.SAMN04851099	6.0	0.13	451229538.63825023	470809045.4802682	104117207923.07639	8.601913158599398	psmc
gr_wolf.spain.SAMN04851099	6.0	0.14	445975136.7797157	467055767.9934108	102567799482.94695	8.489376888010899	psmc
gr_wolf.spain.SAMN04851099	6.0	0.15	440597101.9362744	463214178.09509796	100936075905.31384	8.364116193993647	psmc
gr_wolf.spain.SAMN04851099	6.0	0.16	435091018.6441798	459281121.7706349	99506909029.35225	8.275878024543546	psmc
gr_wolf.spain.SAMN04851099	6.0	0.17	429452258.6462516	455253293.0046184	97383174994.05762	7.968062749863271	psmc
gr_wolf.spain.SAMN04851099	6.0	0.18	423675967.9166666	451127224.5126016	95776762598.23766	7.86272205677835	psmc
gr_wolf.spain.SAMN04851099	6.0	0.19	417757052.7246227	446899277.78621393	92878119035.0155	7.66156020627462	psmc
gr_wolf.spain.SAMN04851099	6.0	0.2	411690164.6527778	442565632.3916667	91167384487.1967	7.556364422450516	psmc
gr_wolf.spain.SAMN04851099	6.0	0.21	405469684.477848	438122274.45548517	89480413641.01749	7.447034031503141	psmc
gr_wolf.spain.SAMN04851099	6.0	0.22	399089704.81125355	433564984.26452994	87686202916.4771	7.323298889406673	psmc
gr_wolf.spain.SAMN04851099	6.0	0.23	392544011.3870851	428889322.89978355	86117148845.07855	7.232396287099272	psmc
gr_wolf.spain.SAMN04851099	6.0	0.24	385826062.87280697	424090617.8149122	83661336774.17314	6.872278222068449	psmc
gr_wolf.spain.SAMN04851099	6.0	0.25	378928969.06481475	419163947.261111	81809189781.83011	6.76463858949681	psmc
gr_wolf.spain.SAMN04851099	6.0	0.26	371845467.316066	414084200.97162163	78875036607.91193	6.586393958453716	psmc
gr_wolf.spain.SAMN04851099	6.0	0.27	364567897.0262556	408905674.32716894	77049064172.47005	6.490334522345335	psmc
gr_wolf.spain.SAMN04851099	6.0	0.28	357088172.00617266	403562823.8407407	75136938393.10046	6.360379164738996	psmc
gr_wolf.spain.SAMN04851099	6.0	0.29	349397750.5066509	398069470.5237089	73532683170.68692	6.283539411160107	psmc
gr_wolf.spain.SAMN04851099	6.0	0.3	341487602.67857134	392419164.2547618	70837868361.56934	5.877936080272943	psmc
gr_wolf.spain.SAMN04851099	6.0	0.31	338356266.87665045	386605080.99251205	69004731628.86496	5.784198092258604	psmc
gr_wolf.spain.SAMN04851099	6.0	0.32	338458442.22026134	380598314.9382353	65834637769.499176	5.613594480747552	psmc
gr_wolf.spain.SAMN04851099	6.0	0.33	338695185.31873953	374456250.2952736	63930293871.550896	5.525358631007159	psmc
gr_wolf.spain.SAMN04851099	6.0	0.34	337399110.9016834	368105725.15808076	61866955969.97119	5.398630198000404	psmc
gr_wolf.spain.SAMN04851099	6.0	0.35	338220083.4264958	361559799.2474358	60217932088.49943	5.331060487072771	psmc
gr_wolf.spain.SAMN04851099	6.0	0.36	338847707.17430544	354809313.1520833	57231088459.54072	4.874799399188424	psmc
gr_wolf.spain.SAMN04851099	6.0	0.37	335985032.9275133	347844525.91084653	54322730020.990486	4.736799815077451	psmc
gr_wolf.spain.SAMN04851099	6.0	0.38	334979209.371326	343032574.95089614	52119570979.224655	4.6413277938168065	psmc
gr_wolf.spain.SAMN04851099	6.0	0.39	327700600.3963569	337092406.31857914	50084760462.26891	4.536127190537963	psmc
gr_wolf.spain.SAMN04851099	6.0	0.4	320179371.1222221	329571177.0444444	48373938521.976425	4.474777575050075	psmc
gr_wolf.spain.SAMN04851099	6.0	0.41	312403184.9235405	321794990.8457627	45099449988.478645	3.9730360355456082	psmc
gr_wolf.spain.SAMN04851099	6.0	0.42	304358854.37318	313750660.2954022	42496558087.75728	3.8655824207652016	psmc
gr_wolf.spain.SAMN04851099	6.0	0.43	296032266.61052626	305424072.5327485	40160655682.52865	3.7757602003570128	psmc
gr_wolf.spain.SAMN04851099	6.0	0.44	287408300.71349204	296800106.6357143	38182199900.68172	3.6834793263053225	psmc
gr_wolf.spain.SAMN04851099	6.0	0.45	278470736.0565656	287862541.97878784	36443209454.662735	3.6286602284619303	psmc
gr_wolf.spain.SAMN04851099	6.0	0.46	269202150.4864197	278593956.40864193	32971919209.42807	3.0847300874249823	psmc
gr_wolf.spain.SAMN04851099	6.0	0.47	259583806.97023058	268975612.89245284	30130862934.384098	2.981680300648812	psmc
gr_wolf.spain.SAMN04851099	6.0	0.48	249595527.16495717	258987333.08717942	28362921787.149036	2.9284985980963523	psmc
gr_wolf.spain.SAMN04851099	6.0	0.49	239215550.1124183	248607356.03464055	26720479681.235256	2.8727213873768127	psmc
gr_wolf.spain.SAMN04851099	6.0	0.5	228420373.9777776	237812179.89999986	23140242887.955143	2.2933765855852877	psmc
gr_wolf.spain.SAMN04851099	6.0	0.51	217184578.40907025	226576384.3312925	21193279068.175674	2.2343649788998965	psmc
gr_wolf.spain.SAMN04851099	6.0	0.52	205480624.6916666	214872430.61388886	19261085704.42358	2.1806958084084345	psmc
gr_wolf.spain.SAMN04851099	6.0	0.53	193278630.39054358	202670436.31276584	17865877764.27222	2.1386074409952136	psmc
gr_wolf.spain.SAMN04851099	6.0	0.54	180546114.5980674	189937920.52028966	14197243465.362902	1.5216930122131547	psmc
gr_wolf.spain.SAMN04851099	6.0	0.55	167247709.21481466	176639515.13703692	12704448287.036228	1.4854143566365225	psmc
gr_wolf.spain.SAMN04851099	6.0	0.56	153344830.85959578	162736636.78181803	11514063777.613354	1.462481015561786	psmc
gr_wolf.spain.SAMN04851099	6.0	0.57	138795306.99948323	148187112.92170548	10887850419.401604	1.4630532958015567	psmc
gr_wolf.spain.SAMN04851099	6.0	0.58	123552948.66984129	132944754.59206355	7302896506.736976	0.8106359231318896	psmc
gr_wolf.spain.SAMN04851099	6.0	0.59	107567060.66558254	116958866.5878048	6737938149.445984	0.8065005016013406	psmc
gr_wolf.spain.SAMN04851099	6.0	0.6	90781878.26111102	100173684.18333328	6814940613.466563	0.824996666288472	psmc
gr_wolf.spain.SAMN04851099	6.0	0.61	104928688.84971511	104928688.84971511	7179977404.232059	0.8548402186267722	psmc
gr_wolf.spain.SAMN04851099	6.0	0.62	131455972.72660828	131455972.72660828	4102575352.397986	0.17296441689626474	psmc
gr_wolf.spain.SAMN04851099	6.0	0.63	159417163.84009016	159417163.84009016	5545802010.106825	0.222035684798783	psmc
gr_wolf.spain.SAMN04851099	6.0	0.64	188931754.4598769	188931754.4598769	7109552796.330245	0.2784991913250312	psmc
gr_wolf.spain.SAMN04851099	6.0	0.65	220132893.11507952	220132893.11507952	13698165653.441229	0.9529544028489585	psmc
gr_wolf.spain.SAMN04851099	6.0	0.66	253169392.8676473	253169392.8676473	17919926780.661804	1.0524903284552631	psmc
gr_wolf.spain.SAMN04851099	6.0	0.67	288208104.72643125	288208104.72643125	21730548981.477764	1.1459590527613546	psmc
gr_wolf.spain.SAMN04851099	6.0	0.68	325436736.0763892	325436736.0763892	31719953905.059605	1.8219015797915747	psmc
gr_wolf.spain.SAMN04851099	6.0	0.69	365067214.6102148	365067214.6102148	38964453200.81216	1.9620315628512244	psmc
gr_wolf.spain.SAMN04851099	6.0	0.7	407339725.04629624	407339725.04629624	50131057870.91264	2.5958663217600266	psmc
gr_wolf.spain.SAMN04851099	6.0	0.71	452527581.0296935	452527581.0296935	61964020959.461235	2.794499221414596	psmc
gr_wolf.spain.SAMN04851099	6.0	0.72	500943141.0119046	500943141.0119046	73205060004.86743	2.980048806580072	psmc
gr_wolf.spain.SAMN04851099	6.0	0.73	552945038.7705761	552945038.7705761	91867894438.30823	3.649648380956321	psmc
gr_wolf.spain.SAMN04851099	6.0	0.74	608947082.5106839	608947082.5106839	110103395412.77109	3.9091716840451385	psmc
gr_wolf.spain.SAMN04851099	6.0	0.75	669429289.7500004	669429289.7500004	132368329668.62563	4.563551105490303	psmc
gr_wolf.spain.SAMN04851099	6.0	0.76	734951680.9259261	734951680.9259261	160830258918.28165	4.923984486350862	psmc
gr_wolf.spain.SAMN04851099	6.0	0.77	806171671.3345412	806171671.3345412	190489806656.72583	5.587150375924671	psmc
gr_wolf.spain.SAMN04851099	6.0	0.78	883866206.3257579	883866206.3257579	230319699930.64636	6.027996801989913	psmc
gr_wolf.spain.SAMN04851099	6.0	0.79	968960220.8399473	968960220.8399473	271424180601.56152	6.734620602884388	psmc
gr_wolf.spain.SAMN04851099	6.0	0.8	1062563636.8055559	1062563636.8055559	328471862513.9069	7.28643277351543	psmc
gr_wolf.spain.SAMN04851099	6.0	0.81	1166020043.925439	1166020043.925439	397177986395.06244	8.135608107263609	psmc
gr_wolf.spain.SAMN04851099	6.0	0.82	1280971607.391975	1280971607.391975	465919045627.58185	8.912753823792377	psmc
gr_wolf.spain.SAMN04851099	6.0	0.83	1409446884.2075157	1409446884.2075157	565416631377.7046	9.669088069360619	psmc
gr_wolf.spain.SAMN04851099	6.0	0.84	1553981570.6249995	1553981570.6249995	682451700960.2875	10.663555537843056	psmc
gr_wolf.spain.SAMN04851099	6.0	0.85	1717787548.5648146	1717787548.5648146	806317307708.748	11.602206621591145	psmc
gr_wolf.spain.SAMN04851099	6.0	0.86	1904994380.4960313	1904994380.4960313	978704424163.2006	12.710982316541168	psmc
gr_wolf.spain.SAMN04851099	6.0	0.87	2121002263.4935899	2121002263.4935899	1202079341364.4617	13.893509219843706	psmc
gr_wolf.spain.SAMN04851099	6.0	0.88	2373011460.3240743	2373011460.3240743	1469305329939.1438	15.21216659893526	psmc
gr_wolf.spain.SAMN04851099	6.0	0.89	2670840511.123738	2670840511.123738	1803948811067.3682	16.651908588927395	psmc
gr_wolf.spain.SAMN04851099	6.0	0.9	3028235372.083334	3028235372.083334	2236772383404.323	18.260695808554395	psmc
gr_wolf.spain.SAMN04851099	6.0	0.91	3465051313.256174	3465051313.256174	2753557409571.102	19.78285036794361	psmc
gr_wolf.spain.SAMN04851099	6.0	0.92	4011071239.722224	4079273046.2055573	3515126230929.0156	21.877890770587445	psmc
gr_wolf.spain.SAMN04851099	6.0	0.93	4713096859.464291	4803523847.997623	4461698371558.99	23.921963057666225	psmc
gr_wolf.spain.SAMN04851099	6.0	0.94	5624252119.30555	5714679107.838882	5948265351935.775	27.02112638828054	psmc
gr_wolf.spain.SAMN04851099	6.0	0.95	6752870177.749993	6843297166.283327	7845423411983.646	29.791064449338993	psmc
gr_wolf.spain.SAMN04851099	6.0	0.96	8299230919.027772	8389657907.561106	11298484144978.152	34.59443617354929	psmc
gr_wolf.spain.SAMN04851099	6.0	0.97	10466484158.935175	10556911147.468508	16800609689439.184	40.256804520526295	psmc
gr_wolf.spain.SAMN04851099	6.0	0.98	14346468474.861101	14436895463.394434	30163399868974.23	51.00061180418245	psmc
gr_wolf.spain.SAMN04851099	6.0	0.99	28292711533.74998	28383138522.283314	54104673788261.05	69.03704523409544	psmc
gr_wolf.spain.SAMN04851099	7.0	0.0	439295687.5055555	439295687.5055555	94481798127.85611	7.8083792620272225	psmc
gr_wolf.spain.SAMN04851099	7.0	0.01	434610713.6574074	434610713.6574074	92105859333.47397	7.646297998338799	psmc
gr_wolf.spain.SAMN04851099	7.0	0.02	429830128.09807247	429900101.08469385	90667692223.66104	7.557893559193521	psmc
gr_wolf.spain.SAMN04851099	7.0	0.03	424950973.7643184	426150711.30876285	89315389821.72087	7.479621823629854	psmc
gr_wolf.spain.SAMN04851099	7.0	0.04	419970170.3819444	422323209.2458333	87952237848.88495	7.391713555401331	psmc
gr_wolf.spain.SAMN04851099	7.0	0.05	414884507.98099405	418415128.19210523	86407634410.92026	7.2877255150955405	psmc
gr_wolf.spain.SAMN04851099	7.0	0.06	409690639.99704486	414423896.4776595	85082978292.00002	7.2165527217357655	psmc
gr_wolf.spain.SAMN04851099	7.0	0.07	404385075.9274192	410346831.8231182	82801119023.56499	6.856310098119328	psmc
gr_wolf.spain.SAMN04851099	7.0	0.08	398964173.5084541	406181135.3282609	81290197324.12617	6.7698907096696175	psmc
gr_wolf.spain.SAMN04851099	7.0	0.09	393424130.37698406	401923885.06428576	78899107868.20952	6.625781709439151	psmc
gr_wolf.spain.SAMN04851099	7.0	0.1	387760975.17592585	397572029.23888886	77313722066.28482	6.539431697236534	psmc
gr_wolf.spain.SAMN04851099	7.0	0.11	381970558.06023717	393122378.9005618	75857272780.01373	6.464923533639177	psmc
gr_wolf.spain.SAMN04851099	7.0	0.12	376048540.5555555	388571600.1454545	74355020136.05296	6.374230188550798	psmc
gr_wolf.spain.SAMN04851099	7.0	0.13	369990384.7174329	383916205.7867816	72789897849.06833	6.28497356247285	psmc
gr_wolf.spain.SAMN04851099	7.0	0.14	363791341.5342376	379152546.44302326	71334997810.00279	6.2161559026756	psmc
gr_wolf.spain.SAMN04851099	7.0	0.15	357446438.5114378	374276800.99705875	68801809643.77484	5.810520518436425	psmc
gr_wolf.spain.SAMN04851099	7.0	0.16	350950466.36904764	369284966.3738095	66501705258.97462	5.688636356467902	psmc
gr_wolf.spain.SAMN04851099	7.0	0.17	344297964.77744305	364172846.57891566	64722900668.4826	5.6006192196322635	psmc
gr_wolf.spain.SAMN04851099	7.0	0.18	337649028.307859	358936040.9353659	63156721000.15475	5.528847579392145	psmc
gr_wolf.spain.SAMN04851099	7.0	0.19	338953378.9432098	353569931.44876546	61627785463.208145	5.449880874397552	psmc
gr_wolf.spain.SAMN04851099	7.0	0.2	338671701.29027784	348069669.22499996	59917967461.76524	5.357696347001048	psmc
gr_wolf.spain.SAMN04851099	7.0	0.21	338544955.4098452	343166898.1464135	58401453582.981476	5.294956460148433	psmc
gr_wolf.spain.SAMN04851099	7.0	0.22	332898424.6222222	342290230.54444444	55637120768.73797	4.840513753070691	psmc
gr_wolf.spain.SAMN04851099	7.0	0.23	327105230.69725823	336497036.6194805	53137007612.83981	4.723309716136219	psmc
gr_wolf.spain.SAMN04851099	7.0	0.24	321159584.3005847	330551390.22280693	51411539233.47209	4.650001346247435	psmc
gr_wolf.spain.SAMN04851099	7.0	0.25	315055387.3333332	324447193.25555545	49877011149.06663	4.590197956353116	psmc
gr_wolf.spain.SAMN04851099	7.0	0.26	308786212.0696696	318178017.99189186	48299624336.54489	4.514245234307141	psmc
gr_wolf.spain.SAMN04851099	7.0	0.27	302345278.5796042	311737084.50182647	46762709394.8737	4.457796646461024	psmc
gr_wolf.spain.SAMN04851099	7.0	0.28	295725430.27037024	305117236.1925925	43715688880.213005	3.955316674035751	psmc
gr_wolf.spain.SAMN04851099	7.0	0.29	288919107.3608762	298310913.28309846	41529632399.819626	3.8658983005296523	psmc
gr_wolf.spain.SAMN04851099	7.0	0.3	281918318.08253956	291310124.0047618	39616044953.37598	3.7926067715140186	psmc
gr_wolf.spain.SAMN04851099	7.0	0.31	274714607.37584525	284106413.2980675	38087995638.074295	3.7404390427416416	psmc
gr_wolf.spain.SAMN04851099	7.0	0.32	267299022.82483643	276690828.7470587	36503509812.28672	3.6712834013310536	psmc
gr_wolf.spain.SAMN04851099	7.0	0.33	259662077.54096174	269053883.463184	35024916941.39419	3.6253171988052157	psmc
gr_wolf.spain.SAMN04851099	7.0	0.34	251793709.6727271	261185515.59494936	31700602357.23044	3.0735714209993756	psmc
gr_wolf.spain.SAMN04851099	7.0	0.35	243683238.1777777	253075044.09999996	29539427207.198643	2.996440200870982	psmc
gr_wolf.spain.SAMN04851099	7.0	0.36	235319314.44861114	244711120.3708334	27964106561.622444	2.9472724641349974	psmc
gr_wolf.spain.SAMN04851099	7.0	0.37	226689869.33121693	236081675.2534392	26696520086.702217	2.9140260871608112	psmc
gr_wolf.spain.SAMN04851099	7.0	0.38	217782055.01648736	227173860.93870962	25302522585.135967	2.8723573761436167	psmc
gr_wolf.spain.SAMN04851099	7.0	0.39	208582181.21602917	217973987.13825142	24016349529.42752	2.841815139978164	psmc
gr_wolf.spain.SAMN04851099	7.0	0.4	199075644.95555544	208467450.8777777	20226283700.316013	2.231766158952209	psmc
gr_wolf.spain.SAMN04851099	7.0	0.41	189246853.22862518	198638659.15084743	18583299710.698856	2.1850788999306485	psmc
gr_wolf.spain.SAMN04851099	7.0	0.42	179079137.649042	188470943.57126427	17517005638.63401	2.162450262016388	psmc
gr_wolf.spain.SAMN04851099	7.0	0.43	168554660.11929822	177946466.04152048	16475034533.29643	2.1383429161969016	psmc
gr_wolf.spain.SAMN04851099	7.0	0.44	157654308.39206338	167046114.31428564	15527462819.523252	2.1240164033633673	psmc
gr_wolf.spain.SAMN04851099	7.0	0.45	146357580.2383839	155749386.16060615	11582580623.803661	1.4712938115276715	psmc
gr_wolf.spain.SAMN04851099	7.0	0.46	134642454.74567902	144034260.66790128	10652315555.345594	1.4537982350985772	psmc
gr_wolf.spain.SAMN04851099	7.0	0.47	122485249.04570222	131877054.96792448	10056449903.429554	1.4497637592404697	psmc
gr_wolf.spain.SAMN04851099	7.0	0.48	109860458.51111102	119252264.43333328	9613122693.04498	1.4524221731861011	psmc
gr_wolf.spain.SAMN04851099	7.0	0.49	96740578.15163386	106132384.07385612	5940414294.017054	0.7733050245780643	psmc
gr_wolf.spain.SAMN04851099	7.0	0.5	83095902.57777762	92487708.49999988	5575617189.038216	0.7727364355869452	psmc
gr_wolf.spain.SAMN04851099	7.0	0.51	68894301.4702946	80160697.76201808	5589634845.49023	0.7855660834854629	psmc
gr_wolf.spain.SAMN04851099	7.0	0.52	63167757.70833337	64899855.84166682	5906276805.20633	0.8087991105338662	psmc
gr_wolf.spain.SAMN04851099	7.0	0.53	83726818.47813249	83726818.47813249	2381527542.6047554	0.09475466318375417	psmc
gr_wolf.spain.SAMN04851099	7.0	0.54	105179751.45531404	105179751.45531404	3320510628.1493096	0.1271270368540607	psmc
gr_wolf.spain.SAMN04851099	7.0	0.55	127586148.12037063	127586148.12037063	4384737042.520369	0.16461310734233064	psmc
gr_wolf.spain.SAMN04851099	7.0	0.56	151011017.36111128	151011017.36111128	5884485066.824244	0.21412265564599114	psmc
gr_wolf.spain.SAMN04851099	7.0	0.57	175525415.40374672	175525415.40374672	12213309149.260458	0.9098553622200508	psmc
gr_wolf.spain.SAMN04851099	7.0	0.58	201207165.73412693	201207165.73412693	15384805656.767197	0.9836874528747933	psmc
gr_wolf.spain.SAMN04851099	7.0	0.59	228141684.37330616	228141684.37330616	18437734853.83424	1.0556379685251345	psmc
gr_wolf.spain.SAMN04851099	7.0	0.6	256422928.94444454	256422928.94444454	22114375449.07481	1.1410455581926668	psmc
gr_wolf.spain.SAMN04851099	7.0	0.61	286154493.7499999	286154493.7499999	31822321378.50963	1.8309356936410937	psmc
gr_wolf.spain.SAMN04851099	7.0	0.62	317450877.75584805	317450877.75584805	37447624039.67447	1.9380342795553556	psmc
gr_wolf.spain.SAMN04851099	7.0	0.63	350438958.1944443	350438958.1944443	43436327316.92959	2.0513380837756996	psmc
gr_wolf.spain.SAMN04851099	7.0	0.64	385259709.7685188	385259709.7685188	55506772075.64491	2.709778776594469	psmc
gr_wolf.spain.SAMN04851099	7.0	0.65	422070218.5753969	422070218.5753969	65203558004.96608	2.867269266113327	psmc
gr_wolf.spain.SAMN04851099	7.0	0.66	461046051.42973864	461046051.42973864	74848536570.26869	3.021520040683402	psmc
gr_wolf.spain.SAMN04851099	7.0	0.67	502384055.97222245	502384055.97222245	91722949725.83026	3.6796828924188447	psmc
gr_wolf.spain.SAMN04851099	7.0	0.68	546305685.7986115	546305685.7986115	106005897562.95274	3.880082095398215	psmc
gr_wolf.spain.SAMN04851099	7.0	0.69	593060969.1621865	593060969.1621865	121342162968.67032	4.090655641429177	psmc
gr_wolf.spain.SAMN04851099	7.0	0.7	642933271.4166666	642933271.4166666	146317874439.3944	4.78116287885617	psmc
gr_wolf.spain.SAMN04851099	7.0	0.71	696245042.7921458	696245042.7921458	166639778194.7536	5.027774499597974	psmc
gr_wolf.spain.SAMN04851099	7.0	0.72	753364797.8373016	753364797.8373016	192228026780.8441	5.6533445140782534	psmc
gr_wolf.spain.SAMN04851099	7.0	0.73	814715645.8487655	814715645.8487655	225626147319.25586	6.017899122355141	psmc
gr_wolf.spain.SAMN04851099	7.0	0.74	880785789.861111	880785789.861111	258474763675.6161	6.654458805339413	psmc
gr_wolf.spain.SAMN04851099	7.0	0.75	952141545.3944446	952141545.3944446	303004850277.7175	7.085351781606699	psmc
gr_wolf.spain.SAMN04851099	7.0	0.76	1029443613.888889	1029443613.888889	346054198438.6897	7.484405845213657	psmc
gr_wolf.spain.SAMN04851099	7.0	0.77	1113467601.3828502	1113467601.3828502	404846874242.3847	8.239328815475586	psmc
gr_wolf.spain.SAMN04851099	7.0	0.78	1205130133.1944447	1205130133.1944447	461307195162.0793	8.92035486234516	psmc
gr_wolf.spain.SAMN04851099	7.0	0.79	1305522429.940477	1305522429.940477	542655096031.99225	9.535129210386902	psmc
gr_wolf.spain.SAMN04851099	7.0	0.8	1415953956.3611116	1415953956.3611116	620091348906.4084	10.276442665947936	psmc
gr_wolf.spain.SAMN04851099	7.0	0.81	1538009853.9839191	1538009853.9839191	729213423224.2985	10.996118410833104	psmc
gr_wolf.spain.SAMN04851099	7.0	0.82	1673627518.0092583	1673627518.0092583	851824565866.5112	11.893004816320058	psmc
gr_wolf.spain.SAMN04851099	7.0	0.83	1825200201.331699	1825200201.331699	981031434566.8508	12.743624206699357	psmc
gr_wolf.spain.SAMN04851099	7.0	0.84	1995719470.0694437	1995719470.0694437	1163793274306.385	13.699851918260592	psmc
gr_wolf.spain.SAMN04851099	7.0	0.85	2188974641.3055553	2188974641.3055553	1371291754244.2573	14.75395601147436	psmc
gr_wolf.spain.SAMN04851099	7.0	0.86	2409837694.1468253	2409837694.1468253	1614291097413.1333	15.840871519011577	psmc
gr_wolf.spain.SAMN04851099	7.0	0.87	2664679678.194444	2664679678.194444	1895749382618.5986	16.950147873796006	psmc
gr_wolf.spain.SAMN04851099	7.0	0.88	2961995326.25	2961995326.25	2261672298283.7207	18.205272023773958	psmc
gr_wolf.spain.SAMN04851099	7.0	0.89	3313368364.8611116	3335738596.4075766	2714530647591.134	19.58193491804349	psmc
gr_wolf.spain.SAMN04851099	7.0	0.9	3735016011.1944456	3806278819.650001	3305118742864.7544	21.175822572782376	psmc
gr_wolf.spain.SAMN04851099	7.0	0.91	4250363134.4907427	4340790123.024076	4077765029170.053	23.02736508127615	psmc
gr_wolf.spain.SAMN04851099	7.0	0.92	4876950002.986115	4967376991.519449	5096109824988.641	25.197377670994214	psmc
gr_wolf.spain.SAMN04851099	7.0	0.93	5662793742.480164	5753220731.013496	6399485670977.199	27.323980200652663	psmc
gr_wolf.spain.SAMN04851099	7.0	0.94	6638330084.30555	6728757072.838882	8247446646861.414	29.98239749063118	psmc
gr_wolf.spain.SAMN04851099	7.0	0.95	7944282332.194436	8034709320.72777	11080095924978.59	33.57278948313488	psmc
gr_wolf.spain.SAMN04851099	7.0	0.96	9667301166.52777	9757728155.061102	15305263730900.879	37.82423144182576	psmc
gr_wolf.spain.SAMN04851099	7.0	0.97	12253527652.083324	12343954640.616657	23569370889890.992	44.74651408389316	psmc
gr_wolf.spain.SAMN04851099	7.0	0.98	18272156689.861095	18279851649.81665	39052408712500.984	54.434437597633774	psmc
gr_wolf.spain.SAMN04851099	7.0	0.99	34267633806.52775	34358060795.06108	59317406737772.16	73.77194336064558	psmc
gr_wolf.spain.SAMN04851099	8.0	0.0	369223358.3388889	369350857.6166666	68751746382.50798	5.806796847378255	psmc
gr_wolf.spain.SAMN04851099	8.0	0.01	363830583.18602705	365065604.5688552	67338164786.44653	5.734961220233304	psmc
gr_wolf.spain.SAMN04851099	8.0	0.02	358327751.3973923	360692897.37721086	65304424133.15263	5.6291189715322645	psmc
gr_wolf.spain.SAMN04851099	8.0	0.03	352711459.1595074	356230031.27439857	63804150565.00318	5.556062885874667	psmc
gr_wolf.spain.SAMN04851099	8.0	0.04	346978160.83333325	351674188.7944444	62458883841.07275	5.494437006769601	psmc
gr_wolf.spain.SAMN04851099	8.0	0.05	341124161.4897661	347022433.84122807	61068460851.38802	5.418062896761203	psmc
gr_wolf.spain.SAMN04851099	8.0	0.06	338756048.25791967	343023111.1445628	59650391899.31696	5.3391764442414065	psmc
gr_wolf.spain.SAMN04851099	8.0	0.07	334527578.85161275	343484205.4706094	58292928385.70455	5.281487348585519	psmc
gr_wolf.spain.SAMN04851099	8.0	0.08	336370527.3328502	339088441.5347826	55789095658.22168	4.851878735855206	psmc
gr_wolf.spain.SAMN04851099	8.0	0.09	336835398.74920624	341176385.5730159	54327240644.96325	4.786086448177777	psmc
gr_wolf.spain.SAMN04851099	8.0	0.1	331922743.65925926	341314549.5814815	52270114552.54307	4.69182766160876	psmc
gr_wolf.spain.SAMN04851099	8.0	0.11	326899691.8257178	336291497.74794006	50738049228.613716	4.626469634976165	psmc
gr_wolf.spain.SAMN04851099	8.0	0.12	321762479.7232322	331154285.64545447	49415409003.55129	4.574208435658655	psmc
gr_wolf.spain.SAMN04851099	8.0	0.13	316507170.79080456	325898976.7130268	47943082471.240555	4.501742336894621	psmc
gr_wolf.spain.SAMN04851099	8.0	0.14	311129645.3715761	320521451.2937983	46589016229.33885	4.440788609288457	psmc
gr_wolf.spain.SAMN04851099	8.0	0.15	305625589.9424836	315017395.86470586	45211348547.906685	4.390893789180368	psmc
gr_wolf.spain.SAMN04851099	8.0	0.16	299990485.5746031	309382291.49682534	42372830212.03693	3.9035170058833972	psmc
gr_wolf.spain.SAMN04851099	8.0	0.17	294219595.55930376	303611401.481526	40426557754.74314	3.8246470220383912	psmc
gr_wolf.spain.SAMN04851099	8.0	0.18	288307952.12899727	297699758.0512195	38860306303.716545	3.765493369963058	psmc
gr_wolf.spain.SAMN04851099	8.0	0.19	282250342.1942386	291642148.11646086	37514478173.32073	3.7185328089211347	psmc
gr_wolf.spain.SAMN04851099	8.0	0.2	276041292.0111111	285433097.93333334	36068628363.977	3.653782211083789	psmc
gr_wolf.spain.SAMN04851099	8.0	0.21	269675050.6841069	279066856.60632914	34736664644.55791	3.599866568345241	psmc
gr_wolf.spain.SAMN04851099	8.0	0.22	263145572.39999992	272537378.3222222	33418014949.156593	3.5594873957502857	psmc
gr_wolf.spain.SAMN04851099	8.0	0.23	256446497.27734482	265838303.19956708	30321026126.622444	3.021578287683457	psmc
gr_wolf.spain.SAMN04851099	8.0	0.24	249571130.70409346	258962936.6263157	28468638447.64996	2.9565570465564526	psmc
gr_wolf.spain.SAMN04851099	8.0	0.25	242512421.02222216	251904226.94444442	27107409900.04621	2.9134911828203007	psmc
gr_wolf.spain.SAMN04851099	8.0	0.26	235262935.40300286	244654741.3252251	25890102836.61083	2.878312986975261	psmc
gr_wolf.spain.SAMN04851099	8.0	0.27	227814833.7394215	237206639.66164374	24730171766.285767	2.8362957905487822	psmc
gr_wolf.spain.SAMN04851099	8.0	0.28	220159840.36296284	229551646.2851851	23566264574.597137	2.806510246613312	psmc
gr_wolf.spain.SAMN04851099	8.0	0.29	212289213.37026596	221681019.29248822	20263898214.40695	2.2232909975070148	psmc
gr_wolf.spain.SAMN04851099	8.0	0.3	204193711.32063484	213585517.2428571	18721470071.603058	2.1762587479817914	psmc
gr_wolf.spain.SAMN04851099	8.0	0.31	195863557.03768098	205255362.95990324	17545804107.30343	2.145034419094205	psmc
gr_wolf.spain.SAMN04851099	8.0	0.32	187288398.21699333	196680204.1392156	16581785688.594296	2.1231679855659125	psmc
gr_wolf.spain.SAMN04851099	8.0	0.33	178457264.50613594	187849070.4283582	15605851276.489313	2.0908006950545692	psmc
gr_wolf.spain.SAMN04851099	8.0	0.34	169358520.6828282	178750326.60505044	14761521928.4479	2.0763949751048245	psmc
gr_wolf.spain.SAMN04851099	8.0	0.35	159979815.51111102	169371621.43333328	11267569639.20057	1.4454935943193705	psmc
gr_wolf.spain.SAMN04851099	8.0	0.36	150308025.80277765	159699831.7249999	10197232366.117952	1.4197869957593094	psmc
gr_wolf.spain.SAMN04851099	8.0	0.37	140329195.15132272	149721001.07354498	9527491782.61222	1.4087314487336964	psmc
gr_wolf.spain.SAMN04851099	8.0	0.38	130028466.7369175	139420272.65913975	9016087722.029177	1.4047186242087428	psmc
gr_wolf.spain.SAMN04851099	8.0	0.39	119390009.52203989	128781815.44426215	8680827147.52792	1.407769298827747	psmc
gr_wolf.spain.SAMN04851099	8.0	0.4	108396937.0666666	117788742.98888886	5137331326.7577715	0.7367640846592415	psmc
gr_wolf.spain.SAMN04851099	8.0	0.41	97031218.08738232	106423024.00960457	4796378539.544151	0.7340364676193974	psmc
gr_wolf.spain.SAMN04851099	8.0	0.42	85273577.7639848	94665383.68620706	4722331293.2526865	0.7405311870791994	psmc
gr_wolf.spain.SAMN04851099	8.0	0.43	73103388.65730977	82495194.57953203	4832003727.264912	0.7538707598134317	psmc
gr_wolf.spain.SAMN04851099	8.0	0.44	60498549.9396826	69890355.86190486	5155631796.053711	0.7743899524382793	psmc
gr_wolf.spain.SAMN04851099	8.0	0.45	67591429.04292917	67591429.04292917	1705772678.3722336	0.06327035145741249	psmc
gr_wolf.spain.SAMN04851099	8.0	0.46	85567346.21913576	85567346.21913576	2533955757.610702	0.09011653935915026	psmc
gr_wolf.spain.SAMN04851099	8.0	0.47	104221599.89255738	104221599.89255738	3454339524.7289605	0.1205305702586415	psmc
gr_wolf.spain.SAMN04851099	8.0	0.48	123593324.86111104	123593324.86111104	4574336891.450983	0.15715732958964723	psmc
gr_wolf.spain.SAMN04851099	8.0	0.49	143724725.31862748	143724725.31862748	6070292351.246675	0.20339823599815718	psmc
gr_wolf.spain.SAMN04851099	8.0	0.5	164661381.79444444	164661381.79444444	12734565517.795275	0.9213831751574839	psmc
gr_wolf.spain.SAMN04851099	8.0	0.51	186452595.67743766	186452595.67743766	15281760867.046284	0.9786606790961063	psmc
gr_wolf.spain.SAMN04851099	8.0	0.52	209151776.8055557	209151776.8055557	17938091066.48558	1.0393341057809369	psmc
gr_wolf.spain.SAMN04851099	8.0	0.53	232816880.53487003	232816880.53487003	20968912051.126705	1.1077767661037332	psmc
gr_wolf.spain.SAMN04851099	8.0	0.54	257510901.81763303	257510901.81763303	29270657532.642265	1.7929410853634504	psmc
gr_wolf.spain.SAMN04851099	8.0	0.55	283302435.1574074	283302435.1574074	34460277649.16029	1.8892385222575008	psmc
gr_wolf.spain.SAMN04851099	8.0	0.56	310266310.9217173	310266310.9217173	39201455131.01505	1.9766327875467398	psmc
gr_wolf.spain.SAMN04851099	8.0	0.57	338484320.44250643	338484320.44250643	44913262859.45656	2.0817909324563884	psmc
gr_wolf.spain.SAMN04851099	8.0	0.58	368046044.7023808	368046044.7023808	56704864123.47475	2.7490444522995445	psmc
gr_wolf.spain.SAMN04851099	8.0	0.59	399049804.2920052	399049804.2920052	64473505471.48854	2.872197845319671	psmc
gr_wolf.spain.SAMN04851099	8.0	0.6	431603751.8611113	431603751.8611113	72494842730.38779	2.9968236691104324	psmc
gr_wolf.spain.SAMN04851099	8.0	0.61	465827132.63888896	465827132.63888896	85645304753.852	3.620005195265278	psmc
gr_wolf.spain.SAMN04851099	8.0	0.62	501851743.9839181	501851743.9839181	99025109109.16408	3.8067544274671774	psmc
gr_wolf.spain.SAMN04851099	8.0	0.63	539823631.6178678	539823631.6178678	110729297750.59723	3.965267761305631	psmc
gr_wolf.spain.SAMN04851099	8.0	0.64	579905068.5648149	579905068.5648149	127912179269.8782	4.5850778984831075	psmc
gr_wolf.spain.SAMN04851099	8.0	0.65	622276873.3373019	622276873.3373019	147177243363.53055	4.82135400377743	psmc
gr_wolf.spain.SAMN04851099	8.0	0.66	667141137.2140523	667141137.2140523	164133053267.447	5.022144435501291	psmc
gr_wolf.spain.SAMN04851099	8.0	0.67	714724447.3863636	714724447.3863636	186943565470.52798	5.6326315298741525	psmc
gr_wolf.spain.SAMN04851099	8.0	0.68	765281714.444445	765281714.444445	214146543770.57693	5.92567534704056	psmc
gr_wolf.spain.SAMN04851099	8.0	0.69	819100740.6675621	819100740.6675621	239071639887.78397	6.1841423482091775	psmc
gr_wolf.spain.SAMN04851099	8.0	0.7	876507701.9722217	876507701.9722217	273805956755.263	6.84244338154416	psmc
gr_wolf.spain.SAMN04851099	8.0	0.71	937873764.056513	937873764.056513	309282943120.9904	7.172527832492725	psmc
gr_wolf.spain.SAMN04851099	8.0	0.72	1003623116.2896823	1003623116.2896823	346306455185.0642	7.774957340650338	psmc
gr_wolf.spain.SAMN04851099	8.0	0.73	1074242790.9104939	1074242790.9104939	396851914610.2856	8.200807338201813	psmc
gr_wolf.spain.SAMN04851099	8.0	0.74	1150294748.1944442	1150294748.1944442	445036256275.69916	8.591112377873554	psmc
gr_wolf.spain.SAMN04851099	8.0	0.75	1232430862.061111	1232430862.061111	509038952708.65094	9.309753272582089	psmc
gr_wolf.spain.SAMN04851099	8.0	0.76	1321411652.0833335	1321411652.0833335	572602370180.7911	9.769301772620377	psmc
gr_wolf.spain.SAMN04851099	8.0	0.77	1418129902.1074882	1418129902.1074882	655147500582.9941	10.531001558578195	psmc
gr_wolf.spain.SAMN04851099	8.0	0.78	1523640720.3156567	1523640720.3156567	739739235253.8584	11.075422054849666	psmc
gr_wolf.spain.SAMN04851099	8.0	0.79	1639200187.8769846	1639200187.8769846	848072019096.7484	11.881127173260976	psmc
gr_wolf.spain.SAMN04851099	8.0	0.8	1766315602.1944451	1766315602.1944451	964232847014.9827	12.541319122835592	psmc
gr_wolf.spain.SAMN04851099	8.0	0.81	1906811586.4400587	1906811586.4400587	1107391892166.9788	13.410648725307675	psmc
gr_wolf.spain.SAMN04851099	8.0	0.82	2062918235.601851	2062918235.601851	1260663589610.493	14.2300667901858	psmc
gr_wolf.spain.SAMN04851099	8.0	0.83	2237390372.9003263	2237390372.9003263	1456705030164.4905	15.128593141238081	psmc
gr_wolf.spain.SAMN04851099	8.0	0.84	2433671527.3611107	2433671527.3611107	1683820774013.975	16.10801530373892	psmc
gr_wolf.spain.SAMN04851099	8.0	0.85	2656123502.4166656	2656123502.4166656	1945950199207.6963	17.09880749635618	psmc
gr_wolf.spain.SAMN04851099	8.0	0.86	2910354331.0515866	2910354331.0515866	2248328281768.2314	18.11262886350841	psmc
gr_wolf.spain.SAMN04851099	8.0	0.87	3203697594.8611107	3246330363.983333	2620884958589.339	19.220740866317083	psmc
gr_wolf.spain.SAMN04851099	8.0	0.88	3545931402.6388893	3632036090.0944457	3143048571044.6616	20.803280841035043	psmc
gr_wolf.spain.SAMN04851099	8.0	0.89	3950389539.1035357	4040816527.636869	3655012486130.1475	21.838332056677487	psmc
gr_wolf.spain.SAMN04851099	8.0	0.9	4427709072.861112	4518136061.394445	4399909172972.608	23.455509704211465	psmc
gr_wolf.spain.SAMN04851099	8.0	0.91	4971331237.083335	5061758225.616669	5371921423484.461	25.351115584570728	psmc
gr_wolf.spain.SAMN04851099	8.0	0.92	5515437335.694447	5605864324.227779	6667303822031.382	27.61083168067435	psmc
gr_wolf.spain.SAMN04851099	8.0	0.93	6326832232.003975	6417259220.537308	8322443729858.841	29.777821805442546	psmc
gr_wolf.spain.SAMN04851099	8.0	0.94	7361699043.749991	7452126032.283325	10711517946290.441	32.56813099698418	psmc
gr_wolf.spain.SAMN04851099	8.0	0.95	8941661000.194437	9032087988.72777	14396287674640.23	36.36371118341223	psmc
gr_wolf.spain.SAMN04851099	8.0	0.96	11233144146.52777	11323571135.061102	20569925544490.72	41.78732087353605	psmc
gr_wolf.spain.SAMN04851099	8.0	0.97	15049561968.194433	15139988956.727766	29496109647346.438	47.663195157020645	psmc
gr_wolf.spain.SAMN04851099	8.0	0.98	21647134118.19443	21737561106.727764	44816119798971.44	57.040750881305264	psmc
gr_wolf.spain.SAMN04851099	8.0	0.99	39331537088.19442	39421964076.72775	48269590673332.195	76.46115734855432	psmc
gr_wolf.spain.SAMN04851099	9.0	0.0	303192138.1555555	310403351.06666684	51231034292.7658	4.8333285999724644	psmc
gr_wolf.spain.SAMN04851099	9.0	0.01	297132380.9806397	305329838.35078585	50065483320.59976	4.785853971606306	psmc
gr_wolf.spain.SAMN04851099	9.0	0.02	290948955.2919501	303021164.1112246	48919369181.4995	4.740249949637748	psmc
gr_wolf.spain.SAMN04851099	9.0	0.03	284638036.2900915	297766937.86557865	47695617032.0262	4.694328440881275	psmc
gr_wolf.spain.SAMN04851099	9.0	0.04	278195639.8090277	292403248.57314837	44751489667.01694	4.16800410594926	psmc
gr_wolf.spain.SAMN04851099	9.0	0.05	271617613.9283625	286926639.50614053	43465080237.35074	4.116338230089069	psmc
gr_wolf.spain.SAMN04851099	9.0	0.06	264899630.05023634	281333506.8419623	41726100172.045296	4.046000960282455	psmc
gr_wolf.spain.SAMN04851099	9.0	0.07	258037173.4005375	275620091.75489855	40449142020.60971	3.99799140647641	psmc
gr_wolf.spain.SAMN04851099	9.0	0.08	251025532.91062796	269782471.9920292	39227150115.43265	3.954211421711163	psmc
gr_wolf.spain.SAMN04851099	9.0	0.09	243891669.0605616	266962619.9449941	38115011077.27246	3.914611017629759	psmc
gr_wolf.spain.SAMN04851099	9.0	0.1	237946305.86296284	260899081.167284	36988585655.28739	3.875289786050369	psmc
gr_wolf.spain.SAMN04851099	9.0	0.11	231867338.9980024	254699283.09119868	35833719272.033875	3.838678404598255	psmc
gr_wolf.spain.SAMN04851099	9.0	0.12	225650213.79520202	248358580.51338398	32521556682.62519	3.255171698043416	psmc
gr_wolf.spain.SAMN04851099	9.0	0.13	219290166.17394626	241872114.65791845	31156995104.781487	3.2066495734902105	psmc
gr_wolf.spain.SAMN04851099	9.0	0.14	212782210.46847534	235234800.75930238	29683177823.374516	3.1560217979234997	psmc
gr_wolf.spain.SAMN04851099	9.0	0.15	206121126.39346397	228441314.7689544	28537052254.150547	3.11969380057826	psmc
gr_wolf.spain.SAMN04851099	9.0	0.16	199301445.07857132	224750885.50105822	27524844861.88325	3.09061859533386	psmc
gr_wolf.spain.SAMN04851099	9.0	0.17	192317434.09344018	217667388.82108438	26522347709.84403	3.0602912224932184	psmc
gr_wolf.spain.SAMN04851099	9.0	0.18	185163081.3769648	210411123.9294039	25487864323.501694	3.0327532457861675	psmc
gr_wolf.spain.SAMN04851099	9.0	0.19	177832077.97613156	202975692.003361	21854361012.647594	2.3976272007065837	psmc
gr_wolf.spain.SAMN04851099	9.0	0.2	170317799.49027765	195354374.27916682	20819514242.290752	2.3666428184162784	psmc
gr_wolf.spain.SAMN04851099	9.0	0.21	162613286.10604778	187540111.8024614	19461789367.277325	2.3258335438280917	psmc
gr_wolf.spain.SAMN04851099	9.0	0.22	154711221.09658125	179525483.62122536	18531391255.009647	2.3016952380630427	psmc
gr_wolf.spain.SAMN04851099	9.0	0.23	146603907.64531016	174500252.71666682	17725380565.674	2.283482385552142	psmc
gr_wolf.spain.SAMN04851099	9.0	0.24	138283243.84005848	166103136.1742692	16930777954.503109	2.264229883831027	psmc
gr_wolf.spain.SAMN04851099	9.0	0.25	129740695.66666652	157482096.5240742	16186364282.566273	2.250774932563375	psmc
gr_wolf.spain.SAMN04851099	9.0	0.26	120967267.81291296	148628055.8022524	12215852179.02381	1.5615862363237984	psmc
gr_wolf.spain.SAMN04851099	9.0	0.27	111953472.07275476	139531438.62229848	11250214397.444326	1.537046932468827	psmc
gr_wolf.spain.SAMN04851099	9.0	0.28	102689293.11759245	130182137.63179028	10663491634.5145	1.5262228526686468	psmc
gr_wolf.spain.SAMN04851099	9.0	0.29	93164151.3749608	123470457.29413152	10159418121.243988	1.519269323146909	psmc
gr_wolf.spain.SAMN04851099	9.0	0.3	83366862.72539677	113624590.82777786	9792870934.745317	1.5177808738018663	psmc
gr_wolf.spain.SAMN04851099	9.0	0.31	73285594.69468583	103493336.92761683	9467983556.631062	1.5187446509740712	psmc
gr_wolf.spain.SAMN04851099	9.0	0.32	62907818.780718945	93064104.97156882	5255773145.167649	0.7817345244680758	psmc
gr_wolf.spain.SAMN04851099	9.0	0.33	52220258.51111104	82323552.6586237	4977073497.280574	0.7794092993254632	psmc
gr_wolf.spain.SAMN04851099	9.0	0.34	41208832.77878764	71257529.06346798	4949250187.441887	0.7854657350983708	psmc
gr_wolf.spain.SAMN04851099	9.0	0.35	29858593.94700853	62181245.66538477	5040961752.227893	0.7959815967607977	psmc
gr_wolf.spain.SAMN04851099	9.0	0.36	34260589.52256954	50454685.286111236	5284881960.922409	0.8117148766705198	psmc
gr_wolf.spain.SAMN04851099	9.0	0.37	49139457.585978985	49139457.585978985	5700866665.171204	0.8329817773727252	psmc
gr_wolf.spain.SAMN04851099	9.0	0.38	64498289.13530481	64498289.13530481	1333702717.959126	0.04740502774253576	psmc
gr_wolf.spain.SAMN04851099	9.0	0.39	80360688.93214953	80360688.93214953	2197443680.9361105	0.07418481466816258	psmc
gr_wolf.spain.SAMN04851099	9.0	0.4	96751835.38888896	96751835.38888896	3093415758.6358876	0.10284530361095788	psmc
gr_wolf.spain.SAMN04851099	9.0	0.41	113698613.92890775	113698613.92890775	4142244935.110416	0.13596204182325514	psmc
gr_wolf.spain.SAMN04851099	9.0	0.42	131229764.14272034	131229764.14272034	5536936869.569768	0.1778659382506579	psmc
gr_wolf.spain.SAMN04851099	9.0	0.43	149376042.43421054	149376042.43421054	11607924744.340376	0.8981545989155462	psmc
gr_wolf.spain.SAMN04851099	9.0	0.44	168170402.09325397	168170402.09325397	14103301262.732399	0.9533578948474557	psmc
gr_wolf.spain.SAMN04851099	9.0	0.45	187648193.0126263	187648193.0126263	16432848128.644836	1.005556318155914	psmc
gr_wolf.spain.SAMN04851099	9.0	0.46	207847383.59567893	207847383.59567893	19027227780.600452	1.0635136084344687	psmc
gr_wolf.spain.SAMN04851099	9.0	0.47	228808807.7856394	228808807.7856394	26215211244.052284	1.747919417861462	psmc
gr_wolf.spain.SAMN04851099	9.0	0.48	250576440.59829056	250576440.59829056	30503177133.118237	1.8272303389622784	psmc
gr_wolf.spain.SAMN04851099	9.0	0.49	273197706.07026136	273197706.07026136	34755266917.718796	1.904678416959957	psmc
gr_wolf.spain.SAMN04851099	9.0	0.5	296723822.16111124	296723822.16111124	39107034285.77212	1.9840531399204777	psmc
gr_wolf.spain.SAMN04851099	9.0	0.51	321210187.888322	321210187.888322	44282142889.478264	2.077936608573043	psmc
gr_wolf.spain.SAMN04851099	9.0	0.52	346716818.85416687	346716818.85416687	54143766285.252716	2.726959225832736	psmc
gr_wolf.spain.SAMN04851099	9.0	0.53	373308838.3717495	373308838.3717495	61591373208.90124	2.843932934593692	psmc
gr_wolf.spain.SAMN04851099	9.0	0.54	401057032.6509665	401057032.6509665	68755008030.15424	2.9555255104836524	psmc
gr_wolf.spain.SAMN04851099	9.0	0.55	430038480.0092596	430038480.0092596	76724254328.77733	3.0781731665691003	psmc
gr_wolf.spain.SAMN04851099	9.0	0.56	460337265.88383853	460337265.88383853	89897628513.36108	3.7063689531938113	psmc
gr_wolf.spain.SAMN04851099	9.0	0.57	492045297.61304915	492045297.61304915	100948113198.9728	3.8568396194602665	psmc
gr_wolf.spain.SAMN04851099	9.0	0.58	525263235.6150793	525263235.6150793	111700871304.95888	4.001300702355914	psmc
gr_wolf.spain.SAMN04851099	9.0	0.59	560101560.8367208	560101560.8367208	126798552476.65689	4.603268290143094	psmc
gr_wolf.spain.SAMN04851099	9.0	0.6	596681802.3194448	596681802.3194448	143638576269.1397	4.808000138136057	psmc
gr_wolf.spain.SAMN04851099	9.0	0.61	635137953.6217948	635137953.6217948	159196262240.9378	4.992818543708316	psmc
gr_wolf.spain.SAMN04851099	9.0	0.62	675618112.8874272	675618112.8874272	176530704880.46445	5.19457401426768	psmc
gr_wolf.spain.SAMN04851099	9.0	0.63	718286388.8701202	718286388.8701202	200746003638.07364	5.8177605488177155	psmc
gr_wolf.spain.SAMN04851099	9.0	0.64	763325124.6296297	763325124.6296297	222585709688.08618	6.04548301820915	psmc
gr_wolf.spain.SAMN04851099	9.0	0.65	810937502.4325398	810937502.4325398	246448813647.99936	6.2905212976737666	psmc
gr_wolf.spain.SAMN04851099	9.0	0.66	861350608.3415033	861350608.3415033	278171276719.401	6.919379114197006	psmc
gr_wolf.spain.SAMN04851099	9.0	0.67	914819054.0025259	914819054.0025259	308741023422.0855	7.200868979204376	psmc
gr_wolf.spain.SAMN04851099	9.0	0.68	971629277.5173615	971629277.5173615	342457944405.7321	7.505459139286083	psmc
gr_wolf.spain.SAMN04851099	9.0	0.69	1032104676.7428316	1032104676.7428316	384187466652.1768	8.130504762270757	psmc
gr_wolf.spain.SAMN04851099	9.0	0.7	1096611769.25	1096611769.25	426466990156.38525	8.474804399163839	psmc
gr_wolf.spain.SAMN04851099	9.0	0.71	1165567626.7576628	1165567626.7576628	472003684738.0373	9.071459118847496	psmc
gr_wolf.spain.SAMN04851099	9.0	0.72	1239448902.65873	1239448902.65873	533075945885.56335	9.519989040864644	psmc
gr_wolf.spain.SAMN04851099	9.0	0.73	1318802865.66358	1318802865.66358	594632833745.1847	9.95705924122102	psmc
gr_wolf.spain.SAMN04851099	9.0	0.74	1404260979.6688032	1404260979.6688032	666207631136.8665	10.636743017671781	psmc
gr_wolf.spain.SAMN04851099	9.0	0.75	1496555742.7944446	1496555742.7944446	745280258451.3042	11.141257498003055	psmc
gr_wolf.spain.SAMN04851099	9.0	0.76	1596541736.1805558	1596541736.1805558	836082892457.1532	11.841916082048147	psmc
gr_wolf.spain.SAMN04851099	9.0	0.77	1705222163.7741551	1705222163.7741551	940359008083.7258	12.435680345476388	psmc
gr_wolf.spain.SAMN04851099	9.0	0.78	1823782630.2398992	1823782630.2398992	1055648538090.3291	13.167716672609394	psmc
gr_wolf.spain.SAMN04851099	9.0	0.79	1953634569.702382	1953634569.702382	1194236884778.819	13.868964942547318	psmc
gr_wolf.spain.SAMN04851099	9.0	0.8	2096471703.111112	2096471703.111112	1346644079634.992	14.647022513106991	psmc
gr_wolf.spain.SAMN04851099	9.0	0.81	2254344324.247077	2254344324.247077	1506665770640.53	15.387991556002273	psmc
gr_wolf.spain.SAMN04851099	9.0	0.82	2429758347.731481	2429758347.731481	1731169838149.975	16.311733565796814	psmc
gr_wolf.spain.SAMN04851099	9.0	0.83	2625809315.1552277	2643961745.2251625	1966067832509.863	17.175769107875773	psmc
gr_wolf.spain.SAMN04851099	9.0	0.84	2846366653.5069437	2858808786.136111	2229182415451.211	18.037452082977723	psmc
gr_wolf.spain.SAMN04851099	9.0	0.85	3096331636.972222	3158485910.983333	2601560340028.0103	19.27025057584478	psmc
gr_wolf.spain.SAMN04851099	9.0	0.86	3382005903.7896824	3472432892.3230157	2994892393356.14	20.327407897358388	psmc
gr_wolf.spain.SAMN04851099	9.0	0.87	3711630057.8098288	3802057046.343162	3463143563722.4727	21.467410610101528	psmc
gr_wolf.spain.SAMN04851099	9.0	0.88	4077647743.749999	4168074732.2833323	4045350341698.18	22.749323172449145	psmc
gr_wolf.spain.SAMN04851099	9.0	0.89	4478445261.123737	4568872249.65707	4769018677601.225	24.198228753623837	psmc
gr_wolf.spain.SAMN04851099	9.0	0.9	4934100715.472224	5024527704.005558	5704624832916.741	25.89158898901086	psmc
gr_wolf.spain.SAMN04851099	9.0	0.91	5478852254.6142	5569279243.147533	6940686883064.023	27.904883411814836	psmc
gr_wolf.spain.SAMN04851099	9.0	0.92	6163302369.930561	6253729358.463894	8351223317288.856	29.577088758623788	psmc
gr_wolf.spain.SAMN04851099	9.0	0.93	7059772247.24207	7150199235.775404	10746674563419.729	32.60824691873138	psmc
gr_wolf.spain.SAMN04851099	9.0	0.94	8226629272.083325	8276107301.264807	13804496343960.115	35.5515107355618	psmc
gr_wolf.spain.SAMN04851099	9.0	0.95	10052576746.194435	10052576746.194435	18575064182876.45	39.584209882616356	psmc
gr_wolf.spain.SAMN04851099	9.0	0.96	12791497957.3611	12791497957.3611	25557088643464.625	44.17995570945893	psmc
gr_wolf.spain.SAMN04851099	9.0	0.97	17356366642.638874	17446793631.172207	38163836264757.53	51.34947721921178	psmc
gr_wolf.spain.SAMN04851099	9.0	0.98	24360264264.861088	24363484040.06109	56972085286001.3	60.8736406744536	psmc
gr_wolf.spain.SAMN04851099	9.0	0.99	49067171552.63885	49157598541.17218	46183230357417.75	80.33790445073335	psmc
gr_wolf.spain.SAMN04851099	10.0	0.0	248399493.37777776	267044496.73888898	36486279828.69545	3.779493681671649	psmc
gr_wolf.spain.SAMN04851099	10.0	0.01	243040151.32255888	261533015.79747486	35396590238.17362	3.7440882736897283	psmc
gr_wolf.spain.SAMN04851099	10.0	0.02	237571434.93968248	255909055.65317476	32398402671.793983	3.1940212005126574	psmc
gr_wolf.spain.SAMN04851099	10.0	0.03	231989961.5179839	250169137.56775498	31290589511.145473	3.1548053184872975	psmc
gr_wolf.spain.SAMN04851099	10.0	0.04	226292207.39999986	244309637.85555565	29782469650.169426	3.100759620008049	psmc
gr_wolf.spain.SAMN04851099	10.0	0.05	220474500.56374252	238326780.25467837	28581885796.300842	3.060257409895411	psmc
gr_wolf.spain.SAMN04851099	10.0	0.06	214533012.7309692	232216627.81122947	27560452085.67696	3.0283084442055364	psmc
gr_wolf.spain.SAMN04851099	10.0	0.07	208463750.96630812	225975074.23996425	26722070316.180603	3.0057846212387633	psmc
gr_wolf.spain.SAMN04851099	10.0	0.08	202262548.7285024	220447113.27222228	25693029029.01671	2.963482158315232	psmc
gr_wolf.spain.SAMN04851099	10.0	0.09	195925056.3316239	213939047.3747865	24722857001.95327	2.937282629413531	psmc
gr_wolf.spain.SAMN04851099	10.0	0.1	189446730.77037036	207286357.79074097	21410333254.21998	2.3338921645579376	psmc
gr_wolf.spain.SAMN04851099	10.0	0.11	182822824.85942566	200484169.56435716	20442291232.655865	2.304385145412483	psmc
gr_wolf.spain.SAMN04851099	10.0	0.12	176048375.63232315	193527386.15101027	19123778288.342518	2.2636911552099495	psmc
gr_wolf.spain.SAMN04851099	10.0	0.13	169118191.9402299	186410676.6821841	18176622819.18467	2.237275763205558	psmc
gr_wolf.spain.SAMN04851099	10.0	0.14	162026841.1855296	179128462.34198976	17381882885.536823	2.217718007868339	psmc
gr_wolf.spain.SAMN04851099	10.0	0.15	154768635.11895406	172608461.31143796	16566593083.736404	2.1860730908405626	psmc
gr_wolf.spain.SAMN04851099	10.0	0.16	147337614.62222207	164988548.82777786	15806188294.62681	2.1700606617993636	psmc
gr_wolf.spain.SAMN04851099	10.0	0.17	139727533.39062917	157185023.9951141	15113935809.205263	2.1575206686890938	psmc
gr_wolf.spain.SAMN04851099	10.0	0.18	131931840.42168021	149191169.28848255	11496026288.796509	1.4991277540659829	psmc
gr_wolf.spain.SAMN04851099	10.0	0.19	123943661.20658445	140999935.4532925	10609245386.528053	1.4765585098247116	psmc
gr_wolf.spain.SAMN04851099	10.0	0.2	115755777.51111102	132603920.7722224	9954957608.477978	1.4624926931936562	psmc
gr_wolf.spain.SAMN04851099	10.0	0.21	107360605.62081575	123995348.75745451	9450046332.662954	1.4543479228300988	psmc
gr_wolf.spain.SAMN04851099	10.0	0.22	98750172.91282046	116045473.27222228	9140046080.269926	1.453867975941224	psmc
gr_wolf.spain.SAMN04851099	10.0	0.23	89916092.60202038	106998257.21161652	8764986349.41239	1.4518149716462738	psmc
gr_wolf.spain.SAMN04851099	10.0	0.24	80849536.49356723	97712956.51783645	4925639167.829184	0.7487855960643176	psmc
gr_wolf.spain.SAMN04851099	10.0	0.25	71541205.55555546	88180047.8055557	4634771358.875094	0.7448248942213042	psmc
gr_wolf.spain.SAMN04851099	10.0	0.26	61981298.10570574	78389492.91186213	4371619011.285806	0.7426614671125451	psmc
gr_wolf.spain.SAMN04851099	10.0	0.27	52159475.38325727	68330703.63751924	4313743791.812724	0.7473066601006487	psmc
gr_wolf.spain.SAMN04851099	10.0	0.28	42064824.25185168	58604932.90185189	4369922149.982533	0.756140417871631	psmc
gr_wolf.spain.SAMN04851099	10.0	0.29	31685816.750547647	47984141.675978184	4553466452.950137	0.7693263464283726	psmc
gr_wolf.spain.SAMN04851099	10.0	0.3	38578412.86111128	38578412.86111128	4864824705.784736	0.7866786952695549	psmc
gr_wolf.spain.SAMN04851099	10.0	0.31	52226043.460145116	52226043.460145116	872743457.2619783	0.03241284075860415	psmc
gr_wolf.spain.SAMN04851099	10.0	0.32	66275074.95915055	66275074.95915055	1551207663.2021174	0.05366877671929957	psmc
gr_wolf.spain.SAMN04851099	10.0	0.33	80743480.53275311	80743480.53275311	2241972256.348048	0.07615116780450293	psmc
gr_wolf.spain.SAMN04851099	10.0	0.34	95650322.63888907	95650322.63888907	3007631903.9051256	0.10096896184369954	psmc
gr_wolf.spain.SAMN04851099	10.0	0.35	111015836.80982924	111015836.80982924	4027224974.3727546	0.13261731272029725	psmc
gr_wolf.spain.SAMN04851099	10.0	0.36	126861523.29861128	126861523.29861128	9784976349.28365	0.8589947326081283	psmc
gr_wolf.spain.SAMN04851099	10.0	0.37	143210247.45370376	143210247.45370376	11497493593.599136	0.8968579681026249	psmc
gr_wolf.spain.SAMN04851099	10.0	0.38	160086349.8073479	160086349.8073479	13578708596.499777	0.9429025590158163	psmc
gr_wolf.spain.SAMN04851099	10.0	0.39	177515766.9922589	177515766.9922589	15481424662.943794	0.9853420095042998	psmc
gr_wolf.spain.SAMN04851099	10.0	0.4	195526164.75000012	195526164.75000012	17663071868.11065	1.0339338098084703	psmc
gr_wolf.spain.SAMN04851099	10.0	0.41	214147084.46563065	214147084.46563065	24592283908.173275	1.7212499739143785	psmc
gr_wolf.spain.SAMN04851099	10.0	0.42	233410104.86111104	233410104.86111104	27580804466.843674	1.7753984564809748	psmc
gr_wolf.spain.SAMN04851099	10.0	0.43	253349020.70906436	253349020.70906436	31981047205.654922	1.856571718311524	psmc
gr_wolf.spain.SAMN04851099	10.0	0.44	274000040.6944443	274000040.6944443	35513006407.787285	1.9207737704594245	psmc
gr_wolf.spain.SAMN04851099	10.0	0.45	295402006.86111104	295402006.86111104	39517465681.15688	1.9933160908915846	psmc
gr_wolf.spain.SAMN04851099	10.0	0.46	317596638.441358	317596638.441358	47999294360.49296	2.6337685105715134	psmc
gr_wolf.spain.SAMN04851099	10.0	0.47	340628803.2887839	340628803.2887839	54380588044.28714	2.735288869918786	psmc
gr_wolf.spain.SAMN04851099	10.0	0.48	364546820.6303419	364546820.6303419	60672972928.021324	2.83423695519459	psmc
gr_wolf.spain.SAMN04851099	10.0	0.49	389402799.43627465	389402799.43627465	66365310761.65857	2.921052177548585	psmc
gr_wolf.spain.SAMN04851099	10.0	0.5	415253017.39444435	415253017.39444435	73659040864.84642	3.0337960711633762	psmc
gr_wolf.spain.SAMN04851099	10.0	0.51	442158346.28968275	442158346.28968275	84825455749.17976	3.6403964153672397	psmc
gr_wolf.spain.SAMN04851099	10.0	0.52	470184730.55555594	470184730.55555594	95860327887.39809	3.7938049999991468	psmc
gr_wolf.spain.SAMN04851099	10.0	0.53	499403726.9178487	499403726.9178487	104601924170.08151	3.9102668763851964	psmc
gr_wolf.spain.SAMN04851099	10.0	0.54	529893114.4263288	529893114.4263288	115172051413.87907	4.051595375535395	psmc
gr_wolf.spain.SAMN04851099	10.0	0.55	561737585.8240744	561737585.8240744	129846782293.11316	4.6470769888277195	psmc
gr_wolf.spain.SAMN04851099	10.0	0.56	595029533.1944448	595029533.1944448	145979824184.93527	4.843574444790989	psmc
gr_wolf.spain.SAMN04851099	10.0	0.57	629869943.233204	629869943.233204	158635863028.09503	4.990768834057766	psmc
gr_wolf.spain.SAMN04851099	10.0	0.58	666369420.4166669	666369420.4166669	176514124001.01123	5.564086031730543	psmc
gr_wolf.spain.SAMN04851099	10.0	0.59	704649359.9017614	704649359.9017614	197512401144.26532	5.791115037723016	psmc
gr_wolf.spain.SAMN04851099	10.0	0.6	744843296.361111	744843296.361111	217146550141.39133	5.997821097455739	psmc
gr_wolf.spain.SAMN04851099	10.0	0.61	787098460.3311967	787098460.3311967	236628065139.69095	6.196215884759898	psmc
gr_wolf.spain.SAMN04851099	10.0	0.62	831577580.2997075	831577580.2997075	261547237717.13272	6.768952774045904	psmc
gr_wolf.spain.SAMN04851099	10.0	0.63	878460977.0232733	878460977.0232733	292563320022.6232	7.062211853201888	psmc
gr_wolf.spain.SAMN04851099	10.0	0.64	927949006.8981487	927949006.8981487	319108384035.2352	7.302532813729781	psmc
gr_wolf.spain.SAMN04851099	10.0	0.65	980264924.1944448	980264924.1944448	350836238782.20856	7.862187177832345	psmc
gr_wolf.spain.SAMN04851099	10.0	0.66	1035658248.3905233	1035658248.3905233	392548442777.53174	8.211241323333446	psmc
gr_wolf.spain.SAMN04851099	10.0	0.67	1094408743.7500005	1094408743.7500005	429074244035.6339	8.504044044487456	psmc
gr_wolf.spain.SAMN04851099	10.0	0.68	1156831145.0694451	1156831145.0694451	471632511717.9469	9.07943395528843	psmc
gr_wolf.spain.SAMN04851099	10.0	0.69	1223280798.0869174	1223280798.0869174	527864790677.89233	9.494211124505593	psmc
gr_wolf.spain.SAMN04851099	10.0	0.7	1294160427.9722223	1294160427.9722223	579794291558.6268	9.861236235153823	psmc
gr_wolf.spain.SAMN04851099	10.0	0.71	1369928308.1944442	1369928308.1944442	646294765412.6492	10.519414829632906	psmc
gr_wolf.spain.SAMN04851099	10.0	0.72	1451108179.8611107	1451108179.8611107	709510473635.702	10.923705781023859	psmc
gr_wolf.spain.SAMN04851099	10.0	0.73	1538301375.354938	1538301375.354938	782639713108.6632	11.542793231099374	psmc
gr_wolf.spain.SAMN04851099	10.0	0.74	1632201739.7329059	1632201739.7329059	876127301640.0557	12.083284479110992	psmc
gr_wolf.spain.SAMN04851099	10.0	0.75	1733614133.2611108	1733614133.2611108	963996125742.8181	12.701574870576238	psmc
gr_wolf.spain.SAMN04851099	10.0	0.76	1843477559.583334	1843477559.583334	1084533589764.2411	13.32610584822553	psmc
gr_wolf.spain.SAMN04851099	10.0	0.77	1962894327.3248796	1962894327.3248796	1195233426776.9731	13.954103488357601	psmc
gr_wolf.spain.SAMN04851099	10.0	0.78	2093167164.8611116	2093167164.8611116	1350944143629.6367	14.67519004127917	psmc
gr_wolf.spain.SAMN04851099	10.0	0.79	2235846939.305557	2235846939.305557	1496706271893.9055	15.352410941195373	psmc
gr_wolf.spain.SAMN04851099	10.0	0.8	2392794691.1944456	2392794691.1944456	1692514676892.8933	16.159253286246212	psmc
gr_wolf.spain.SAMN04851099	10.0	0.81	2566263259.071639	2604992498.720177	1904461648851.3525	16.950405309935093	psmc
gr_wolf.spain.SAMN04851099	10.0	0.82	2759006112.268518	2793802688.057407	2160662408879.582	17.887621548595295	psmc
gr_wolf.spain.SAMN04851099	10.0	0.83	2974424595.2532673	3057148554.179411	2430756664513.8467	18.71723827294752	psmc
gr_wolf.spain.SAMN04851099	10.0	0.84	3216770388.611111	3307197377.1444445	2754898288666.0396	19.606964617149828	psmc
gr_wolf.spain.SAMN04851099	10.0	0.85	3491428954.416667	3581855942.9500003	3112396512597.59	20.500686877163368	psmc
gr_wolf.spain.SAMN04851099	10.0	0.86	3800294181.5277767	3890721170.06111	3630919251280.0225	21.915822282561376	psmc
gr_wolf.spain.SAMN04851099	10.0	0.87	4116740660.502136	4207167649.0354695	4175347568215.492	23.070736720329368	psmc
gr_wolf.spain.SAMN04851099	10.0	0.88	4452420249.861112	4542847238.394445	4843126779883.88	24.366189790027832	psmc
gr_wolf.spain.SAMN04851099	10.0	0.89	4829635099.103537	4920062087.636869	5701627396139.743	25.880972422891446	psmc
gr_wolf.spain.SAMN04851099	10.0	0.9	5281677356.861114	5372104345.394447	6822852121179.043	27.670178817073655	psmc
gr_wolf.spain.SAMN04851099	10.0	0.91	5852931479.305558	5943358467.838892	8071867988125.057	29.074954146986155	psmc
gr_wolf.spain.SAMN04851099	10.0	0.92	6625233672.3611145	6689590724.227781	10096905705454.068	31.63916551533263	psmc
gr_wolf.spain.SAMN04851099	10.0	0.93	7700711068.194451	7700711068.194451	12449394482830.154	33.88304993342888	psmc
gr_wolf.spain.SAMN04851099	10.0	0.94	9134680929.305548	9134680929.305548	16518097631681.531	37.84115538154247	psmc
gr_wolf.spain.SAMN04851099	10.0	0.95	11142238734.861101	11142238734.861101	21265424345689.62	40.95797948536291	psmc
gr_wolf.spain.SAMN04851099	10.0	0.96	14153575443.19443	14153575443.19443	30178648883360.63	46.707155449560396	psmc
gr_wolf.spain.SAMN04851099	10.0	0.97	19172469957.083317	19262896945.61665	41973315139866.78	52.520794618674074	psmc
gr_wolf.spain.SAMN04851099	10.0	0.98	28683618838.194412	28774045826.727745	62915450101379.016	63.585398719750074	psmc
gr_wolf.spain.SAMN04851099	10.0	0.99	7361682500.811103	7361682500.811103	27568228972106.348	83.4229005101465	psmc
gr_wolf.spain.SAMN04851099	11.0	0.0	191042258.7111112	218706964.72222233	28111312935.32964	3.195650903844806	psmc
gr_wolf.spain.SAMN04851099	11.0	0.01	183849674.47109997	212707225.8816501	27227728153.253006	3.170812365769424	psmc
gr_wolf.spain.SAMN04851099	11.0	0.02	176510302.797619	206585043.39126992	23487663924.806667	2.5140806409148904	psmc
gr_wolf.spain.SAMN04851099	11.0	0.03	169479944.59931266	200336630.33407795	22604965210.06373	2.486066830288189	psmc
gr_wolf.spain.SAMN04851099	11.0	0.04	163131044.4717592	193958042.00486112	21543858587.91115	2.452568131830907	psmc
gr_wolf.spain.SAMN04851099	11.0	0.05	156648483.2888888	187445167.60555553	20516747430.549446	2.4216550305792657	psmc
gr_wolf.spain.SAMN04851099	11.0	0.06	149731880.83380604	180793721.41052008	19740328839.52432	2.400407463874967	psmc
gr_wolf.spain.SAMN04851099	11.0	0.07	143265131.16941452	173999233.3618281	19060949129.043587	2.383955735277295	psmc
gr_wolf.spain.SAMN04851099	11.0	0.08	136355248.28164244	167932239.28671503	18430363101.24575	2.3714268085258294	psmc
gr_wolf.spain.SAMN04851099	11.0	0.09	129293499.83589734	160847086.8619659	17760649499.772144	2.357106784740324	psmc
gr_wolf.spain.SAMN04851099	11.0	0.1	122074823.64691353	153604486.60555565	13620725882.202385	1.6457783457977506	psmc
gr_wolf.spain.SAMN04851099	11.0	0.11	114693930.01548077	146199131.28720367	12965624859.37708	1.6283550368964148	psmc
gr_wolf.spain.SAMN04851099	11.0	0.12	107145288.80151512	138625472.43888903	12160677841.189604	1.607241550971688	psmc
gr_wolf.spain.SAMN04851099	11.0	0.13	99423115.60561933	130877706.4906131	11544683313.125368	1.5929997458007819	psmc
gr_wolf.spain.SAMN04851099	11.0	0.14	91521356.98656334	122949759.9388889	11076266928.746664	1.5843930903490981	psmc
gr_wolf.spain.SAMN04851099	11.0	0.15	83433674.63529398	115896909.02385628	10710729801.938932	1.5800474638364883	psmc
gr_wolf.spain.SAMN04851099	11.0	0.16	75153428.41851844	107601859.01296306	10368243567.792479	1.5772496048984208	psmc
gr_wolf.spain.SAMN04851099	11.0	0.17	66673658.19651928	99106928.27891564	10107594870.939032	1.5778112423768755	psmc
gr_wolf.spain.SAMN04851099	11.0	0.18	57987064.31056895	90404804.11233068	5522103341.865558	0.8087708558591513	psmc
gr_wolf.spain.SAMN04851099	11.0	0.19	49085986.6249657	81487812.68237329	5249551574.296286	0.8048662005249028	psmc
gr_wolf.spain.SAMN04851099	11.0	0.2	39962381.997222215	72347896.4666667	5088530993.064544	0.8049921942006486	psmc
gr_wolf.spain.SAMN04851099	11.0	0.21	30607800.037130997	62976589.967018366	5071226137.566852	0.8100010344700482	psmc
gr_wolf.spain.SAMN04851099	11.0	0.22	21013357.001139704	54307535.38048446	5144980506.910671	0.8183437169094738	psmc
gr_wolf.spain.SAMN04851099	11.0	0.23	21652732.386363506	44458527.918687105	5332005944.304752	0.8304973673728752	psmc
gr_wolf.spain.SAMN04851099	11.0	0.24	33820638.05555546	43224403.01666665	404654993.05575705	0.01501924701748827	psmc
gr_wolf.spain.SAMN04851099	11.0	0.25	46313021.20925915	54187053.14814818	690908608.8995433	0.025131315381415963	psmc
gr_wolf.spain.SAMN04851099	11.0	0.26	59143036.34009004	65445991.12102103	1271776090.9873402	0.043283622499099055	psmc
gr_wolf.spain.SAMN04851099	11.0	0.27	72324558.73477936	77013393.14794528	1889809021.9165425	0.06306732304148276	psmc
gr_wolf.spain.SAMN04851099	11.0	0.28	85872234.52932096	88902111.89783967	2584221873.1163764	0.08538845865898073	psmc
gr_wolf.spain.SAMN04851099	11.0	0.29	99801534.99413168	101125724.13364649	3467418670.791227	0.11282864958093539	psmc
gr_wolf.spain.SAMN04851099	11.0	0.3	114128815.47222233	114128815.47222233	4552227058.382712	0.14546219404951188	psmc
gr_wolf.spain.SAMN04851099	11.0	0.31	128871379.44243157	128871379.44243157	10229876068.41095	0.8710036933991767	psmc
gr_wolf.spain.SAMN04851099	11.0	0.32	144047548.23529422	144047548.23529422	12130407883.940884	0.9126344139343391	psmc
gr_wolf.spain.SAMN04851099	11.0	0.33	159676736.9921229	159676736.9921229	13927266882.700878	0.9523565439341226	psmc
gr_wolf.spain.SAMN04851099	11.0	0.34	175779537.52946126	175779537.52946126	15705553794.700512	0.992050514589716	psmc
gr_wolf.spain.SAMN04851099	11.0	0.35	192377808.85256398	192377808.85256398	17933515596.409687	1.0412681531752206	psmc
gr_wolf.spain.SAMN04851099	11.0	0.36	209494776.15451396	209494776.15451396	24441330709.745705	1.7246303837103256	psmc
gr_wolf.spain.SAMN04851099	11.0	0.37	227155139.24382722	227155139.24382722	27222647585.09126	1.774703934564316	psmc
gr_wolf.spain.SAMN04851099	11.0	0.38	245385191.46505368	245385191.46505368	31235110175.400864	1.8483873354653984	psmc
gr_wolf.spain.SAMN04851099	11.0	0.39	264212950.31648457	264212950.31648457	34516693144.83341	1.9081344865796035	psmc
gr_wolf.spain.SAMN04851099	11.0	0.4	283668301.1296295	283668301.1296295	38223619630.40226	1.97528060459793	psmc
gr_wolf.spain.SAMN04851099	11.0	0.41	303783155.3601693	303783155.3601693	42597782824.86192	2.054075940869273	psmc
gr_wolf.spain.SAMN04851099	11.0	0.42	324591625.253831	324591625.253831	50613690973.1248	2.6835513474524975	psmc
gr_wolf.spain.SAMN04851099	11.0	0.43	346130216.89814794	346130216.89814794	57163739328.33508	2.78742554909722	psmc
gr_wolf.spain.SAMN04851099	11.0	0.44	368438043.95833313	368438043.95833313	62574850733.45904	2.871510535572282	psmc
gr_wolf.spain.SAMN04851099	11.0	0.45	391557064.7297977	391557064.7297977	68776240960.32996	2.9673441457791556	psmc
gr_wolf.spain.SAMN04851099	11.0	0.46	415532345.52983534	415532345.52983534	78197334368.51633	3.560879475408753	psmc
gr_wolf.spain.SAMN04851099	11.0	0.47	440412353.90723264	440412353.90723264	86531093758.27046	3.675903680463331	psmc
gr_wolf.spain.SAMN04851099	11.0	0.48	466249285.68376076	466249285.68376076	96110993182.43575	3.8075248484358903	psmc
gr_wolf.spain.SAMN04851099	11.0	0.49	493099430.4711329	493099430.4711329	104566118769.32503	3.921145407352526	psmc
gr_wolf.spain.SAMN04851099	11.0	0.5	521023581.04999983	521023581.04999983	114516748599.54008	4.053736801292873	psmc
gr_wolf.spain.SAMN04851099	11.0	0.51	550087492.8769842	550087492.8769842	127380799564.14742	4.630306428023879	psmc
gr_wolf.spain.SAMN04851099	11.0	0.52	580362401.0300928	580362401.0300928	142015365484.66177	4.8083001745584495	psmc
gr_wolf.spain.SAMN04851099	11.0	0.53	611925603.1471633	611925603.1471633	154176205504.37366	4.952094493028518	psmc
gr_wolf.spain.SAMN04851099	11.0	0.54	644861118.3997589	644861118.3997589	168535764358.06204	5.119681814117077	psmc
gr_wolf.spain.SAMN04851099	11.0	0.55	679260434.330247	679260434.330247	184912126700.67813	5.668079280162433	psmc
gr_wolf.spain.SAMN04851099	11.0	0.56	715223355.5303031	715223355.5303031	205560146398.53058	5.88948172028714	psmc
gr_wolf.spain.SAMN04851099	11.0	0.57	752858970.739664	752858970.739664	223115615493.5745	6.071525254003003	psmc
gr_wolf.spain.SAMN04851099	11.0	0.58	792286758.1018518	792286758.1018518	244071143901.34744	6.2859573428201685	psmc
gr_wolf.spain.SAMN04851099	11.0	0.59	833637852.1646341	833637852.1646341	268678521654.1718	6.85278506297775	psmc
gr_wolf.spain.SAMN04851099	11.0	0.6	877056500.9305555	877056500.9305555	295147581336.5823	7.099302187082646	psmc
gr_wolf.spain.SAMN04851099	11.0	0.61	922701747.0690883	922701747.0690883	321405120890.6521	7.338127267870591	psmc
gr_wolf.spain.SAMN04851099	11.0	0.62	970749374.5833331	970749374.5833331	348762683904.1614	7.859163618358944	psmc
gr_wolf.spain.SAMN04851099	11.0	0.63	1021394171.1524023	1021394171.1524023	387552026521.6285	8.18329457948518	psmc
gr_wolf.spain.SAMN04851099	11.0	0.64	1074852567.5308642	1074852567.5308642	422111423067.1875	8.463258990144277	psmc
gr_wolf.spain.SAMN04851099	11.0	0.65	1131365729.416667	1131365729.416667	457830067852.5503	8.990379954069766	psmc
gr_wolf.spain.SAMN04851099	11.0	0.66	1191203194.9428105	1191203194.9428105	509379235398.8387	9.37234243754183	psmc
gr_wolf.spain.SAMN04851099	11.0	0.67	1254667173.5311446	1254667173.5311446	556532277153.297	9.711183406865704	psmc
gr_wolf.spain.SAMN04851099	11.0	0.68	1322097650.7812505	1322097650.7812505	604262248496.23	10.256008692014223	psmc
gr_wolf.spain.SAMN04851099	11.0	0.69	1393878481.4023294	1393878481.4023294	672895066131.6442	10.704992572725079	psmc
gr_wolf.spain.SAMN04851099	11.0	0.7	1470444700.731481	1470444700.731481	738726425395.9763	11.121587413602185	psmc
gr_wolf.spain.SAMN04851099	11.0	0.71	1552291348.9798841	1552291348.9798841	812257207331.7037	11.727630111838975	psmc
gr_wolf.spain.SAMN04851099	11.0	0.72	1639984186.3888884	1639984186.3888884	892714718103.5535	12.189844217285518	psmc
gr_wolf.spain.SAMN04851099	11.0	0.73	1734172789.5318928	1734172789.5318928	974257289858.7761	12.768298678411812	psmc
gr_wolf.spain.SAMN04851099	11.0	0.74	1835606669.8397436	1835606669.8397436	1088619051910.6885	13.359179824953477	psmc
gr_wolf.spain.SAMN04851099	11.0	0.75	1945155260.5722218	1945155260.5722218	1186087567297.001	13.921748086283205	psmc
gr_wolf.spain.SAMN04851099	11.0	0.76	2063832900.5324078	2063832900.5324078	1331900990875.9307	14.599524811388205	psmc
gr_wolf.spain.SAMN04851099	11.0	0.77	2192830335.27174	2192830335.27174	1455562481394.7795	15.186583936625885	psmc
gr_wolf.spain.SAMN04851099	11.0	0.78	2333554809.5328283	2333554809.5328283	1640446823616.3838	15.956350405953714	psmc
gr_wolf.spain.SAMN04851099	11.0	0.79	2487681614.675926	2487681614.675926	1804467588519.4556	16.583663047624984	psmc
gr_wolf.spain.SAMN04851099	11.0	0.8	2657221100.3333335	2698878212.983334	2041078531965.2234	17.46346855966561	psmc
gr_wolf.spain.SAMN04851099	11.0	0.81	2844606847.6388893	2930712178.9833336	2268282825496.999	18.171873526087026	psmc
gr_wolf.spain.SAMN04851099	11.0	0.82	3052813233.5339494	3137617906.112962	2581601353149.1265	19.20387092498341	psmc
gr_wolf.spain.SAMN04851099	11.0	0.83	3285514488.3578415	3375941476.891175	2883735783209.8564	19.994470483211902	psmc
gr_wolf.spain.SAMN04851099	11.0	0.84	3547303400.0347214	3637730388.5680547	3241234267264.787	20.84669881428773	psmc
gr_wolf.spain.SAMN04851099	11.0	0.85	3834586543.083332	3925013531.6166654	3646702720728.628	21.734513804465678	psmc
gr_wolf.spain.SAMN04851099	11.0	0.86	4119598722.083332	4210025710.6166654	4267955718837.255	23.262770978889176	psmc
gr_wolf.spain.SAMN04851099	11.0	0.87	4410012919.861111	4500439908.3944435	4889370719377.566	24.426320450815084	psmc
gr_wolf.spain.SAMN04851099	11.0	0.88	4726054083.657409	4816481072.1907425	5677517710008.291	25.775773089959646	psmc
gr_wolf.spain.SAMN04851099	11.0	0.89	5101300531.073233	5191727519.606565	6666637310111.761	27.3247928128295	psmc
gr_wolf.spain.SAMN04851099	11.0	0.9	5619245676.138889	5667927164.061111	7976407328465.61	29.172128121672635	psmc
gr_wolf.spain.SAMN04851099	11.0	0.91	6343951651.095681	6343951651.095681	9357675295835.59	30.53490971789786	psmc
gr_wolf.spain.SAMN04851099	11.0	0.92	7249834119.791671	7249834119.791671	11694321032215.36	33.18674697550429	psmc
gr_wolf.spain.SAMN04851099	11.0	0.93	8414540150.97223	8414540150.97223	14397591520142.818	35.4972478295713	psmc
gr_wolf.spain.SAMN04851099	11.0	0.94	9967481525.879622	9967481525.879622	19264286799860.84	39.67211529378529	psmc
gr_wolf.spain.SAMN04851099	11.0	0.95	12141599450.74999	12141599450.74999	24530331519519.42	42.74724064221225	psmc
gr_wolf.spain.SAMN04851099	11.0	0.96	15402776338.055542	15402776338.055542	35067221020974.93	48.691209494032265	psmc
gr_wolf.spain.SAMN04851099	11.0	0.97	20664549030.41665	20754976018.94998	47517516884812.77	54.37448385044433	psmc
gr_wolf.spain.SAMN04851099	11.0	0.98	30787409933.194416	30877836921.72775	71535285178200.95	65.71789697981109	psmc
gr_wolf.spain.SAMN04851099	11.0	0.99	7919793578.033326	7919793578.033326	32290960658255.668	87.71093787301999	psmc
gr_wolf.spain.SAMN04851099	12.0	0.0	149600519.6888889	176299515.37222242	19910616854.92937	2.4223965737084203	psmc
gr_wolf.spain.SAMN04851099	12.0	0.01	141989332.02441072	169871418.45740747	19265533352.273613	2.4062837899178025	psmc
gr_wolf.spain.SAMN04851099	12.0	0.02	134222813.99943304	164654975.1259638	18999193664.13637	2.4225400417086065	psmc
gr_wolf.spain.SAMN04851099	12.0	0.03	127333329.26712467	157974293.32376873	18374606618.768543	2.4087690778405157	psmc
gr_wolf.spain.SAMN04851099	12.0	0.04	120545401.89652777	151154430.6506946	14121971306.025307	1.6844424158697697	psmc
gr_wolf.spain.SAMN04851099	12.0	0.05	113614570.79181267	144190991.921345	13478478446.299276	1.6665384389421485	psmc
gr_wolf.spain.SAMN04851099	12.0	0.06	106536275.19550824	137079394.92115843	12723708163.275175	1.6461123334855847	psmc
gr_wolf.spain.SAMN04851099	12.0	0.07	99305758.18853046	129814860.35107541	12117163338.233967	1.631100229251912	psmc
gr_wolf.spain.SAMN04851099	12.0	0.08	91490203.3118359	122392401.1164254	11669127548.774698	1.622002816090004	psmc
gr_wolf.spain.SAMN04851099	12.0	0.09	84367986.7894993	116329324.44438338	11287963333.42269	1.6159173419498245	psmc
gr_wolf.spain.SAMN04851099	12.0	0.1	76650138.23333336	108592082.38333356	10947506050.14661	1.611883183972463	psmc
gr_wolf.spain.SAMN04851099	12.0	0.11	68758854.87815215	100680969.71416986	10672760875.140543	1.610671157073129	psmc
gr_wolf.spain.SAMN04851099	12.0	0.12	60688224.17399003	92590059.02979815	5915189221.421731	0.8291578614230454	psmc
gr_wolf.spain.SAMN04851099	12.0	0.13	52432061.729501866	84313150.39865911	5641800588.7471285	0.824027986388826	psmc
gr_wolf.spain.SAMN04851099	12.0	0.14	43983895.5072352	75843755.52028441	5385593570.533666	0.820208180302255	psmc
gr_wolf.spain.SAMN04851099	12.0	0.15	35336948.9032679	67175080.76241827	5277352872.466836	0.8212524833460024	psmc
gr_wolf.spain.SAMN04851099	12.0	0.16	26484122.61825388	59611246.32777786	5276961214.155251	0.8261282899308795	psmc
gr_wolf.spain.SAMN04851099	12.0	0.17	17417975.21793838	50538115.44089699	5373993204.156765	0.8343890463486111	psmc
gr_wolf.spain.SAMN04851099	12.0	0.18	15803582.970867276	42943093.14796746	5558965468.258847	0.8456625783638141	psmc
gr_wolf.spain.SAMN04851099	12.0	0.19	27148171.630658507	53206170.38148153	357988699.1209961	0.012290398545007023	psmc
gr_wolf.spain.SAMN04851099	12.0	0.2	38776375.00694442	63725824.54583323	616399920.5501692	0.021075144434531602	psmc
gr_wolf.spain.SAMN04851099	12.0	0.21	50698963.278832674	74511799.06877649	1122744440.360773	0.036672915849661356	psmc
gr_wolf.spain.SAMN04851099	12.0	0.22	62927258.94230771	85574337.04102564	1655013365.5962732	0.05355985309491948	psmc
gr_wolf.spain.SAMN04851099	12.0	0.23	75473172.67496383	96924213.6619047	2290567266.6292953	0.07362249764078108	psmc
gr_wolf.spain.SAMN04851099	12.0	0.24	88349242.03216374	108572771.2464912	3090531421.2138557	0.09818666478623156	psmc
gr_wolf.spain.SAMN04851099	12.0	0.25	101568673.23888898	120531957.03333354	4044086061.627551	0.12671766326229503	psmc
gr_wolf.spain.SAMN04851099	12.0	0.26	115145386.37012005	132814364.05765748	9528721463.049482	0.8575198983427729	psmc
gr_wolf.spain.SAMN04851099	12.0	0.27	129094064.2446729	145433275.38401842	11002958039.732248	0.889354005570938	psmc
gr_wolf.spain.SAMN04851099	12.0	0.28	143430205.3935187	158402712.0250001	12724316506.23342	0.9266488149689005	psmc
gr_wolf.spain.SAMN04851099	12.0	0.29	158170181.5043037	171737484.90938973	14306767504.480581	0.9615210590812798	psmc
gr_wolf.spain.SAMN04851099	12.0	0.3	173331299.7896825	185453251.304762	16279746131.184256	1.0048996441672327	psmc
gr_wolf.spain.SAMN04851099	12.0	0.31	188931870.77898562	199566576.14637673	18374190580.39423	1.0506428559383125	psmc
gr_wolf.spain.SAMN04851099	12.0	0.32	204991282.09150326	214094998.77745116	24727464541.13492	1.7342776114926952	psmc
gr_wolf.spain.SAMN04851099	12.0	0.33	221530078.81633508	229057105.6661693	27775267446.884174	1.7893387144921165	psmc
gr_wolf.spain.SAMN04851099	12.0	0.34	238570051.1994952	244472609.73333335	31089522517.980423	1.849411348821101	psmc
gr_wolf.spain.SAMN04851099	12.0	0.35	256134330.42521346	260362437.00256395	34270257308.276352	1.9068235158336222	psmc
gr_wolf.spain.SAMN04851099	12.0	0.36	274247493.37673604	276748821.37395823	37835268935.28654	1.9710429817310786	psmc
gr_wolf.spain.SAMN04851099	12.0	0.37	292935677.37433875	293655408.4238095	41794937833.19565	2.0417836389230515	psmc
gr_wolf.spain.SAMN04851099	12.0	0.38	312226706.0170251	312226706.0170251	49359127530.497696	2.6704348606135846	psmc
gr_wolf.spain.SAMN04851099	12.0	0.39	332150227.40209496	332150227.40209496	55266643876.011765	2.763515052437893	psmc
gr_wolf.spain.SAMN04851099	12.0	0.4	352737866.16666687	352737866.16666687	60374602468.14525	2.842544396202591	psmc
gr_wolf.spain.SAMN04851099	12.0	0.41	374023390.9910544	374023390.9910544	65932362913.48131	2.9284476296626902	psmc
gr_wolf.spain.SAMN04851099	12.0	0.42	396042899.4300765	396042899.4300765	72193595160.89445	3.0239643842191626	psmc
gr_wolf.spain.SAMN04851099	12.0	0.43	418835022.2002922	418835022.2002922	81420355216.49388	3.613030357639621	psmc
gr_wolf.spain.SAMN04851099	12.0	0.44	442441149.3551587	442441149.3551587	90499311938.58714	3.7384253329319552	psmc
gr_wolf.spain.SAMN04851099	12.0	0.45	466905681.1338383	466905681.1338383	98281557137.55528	3.843454174888862	psmc
gr_wolf.spain.SAMN04851099	12.0	0.46	492276306.68209875	492276306.68209875	106999264137.72325	3.9599589876080117	psmc
gr_wolf.spain.SAMN04851099	12.0	0.47	518604314.32651985	518604314.32651985	118189693193.27399	4.528594794470413	psmc
gr_wolf.spain.SAMN04851099	12.0	0.48	545944937.6495725	545944937.6495725	129603102189.59721	4.6668907783485185	psmc
gr_wolf.spain.SAMN04851099	12.0	0.49	574357742.2794122	574357742.2794122	142316581662.0767	4.81952571271048	psmc
gr_wolf.spain.SAMN04851099	12.0	0.5	603907059.0944444	603907059.0944444	154304724973.3115	4.961041161623636	psmc
gr_wolf.spain.SAMN04851099	12.0	0.51	634662470.4733561	634662470.4733561	167625912348.17148	5.115414529830178	psmc
gr_wolf.spain.SAMN04851099	12.0	0.52	666699357.326389	666699357.326389	182703000187.36075	5.653554074624153	psmc
gr_wolf.spain.SAMN04851099	12.0	0.53	700099515.9604021	700099515.9604021	201504279726.51605	5.854516092281552	psmc
gr_wolf.spain.SAMN04851099	12.0	0.54	734951855.4045898	734951855.4045898	218616897818.62265	6.032856980532176	psmc
gr_wolf.spain.SAMN04851099	12.0	0.55	771353187.712963	771353187.712963	237215069191.01562	6.222379984898571	psmc
gr_wolf.spain.SAMN04851099	12.0	0.56	809409126.0353538	809409126.0353538	257026628698.78497	6.749166315603222	psmc
gr_wolf.spain.SAMN04851099	12.0	0.57	849235108.0006458	849235108.0006458	283283628570.86224	6.996418450618998	psmc
gr_wolf.spain.SAMN04851099	12.0	0.58	890957565.297619	890957565.297619	306859305715.0239	7.212427217521169	psmc
gr_wolf.spain.SAMN04851099	12.0	0.59	934715264.4139568	934715264.4139568	330490261608.1725	7.71217068729097	psmc
gr_wolf.spain.SAMN04851099	12.0	0.6	980660848.486111	980660848.486111	364959694279.7037	8.002702045196301	psmc
gr_wolf.spain.SAMN04851099	12.0	0.61	1028962616.3568376	1028962616.3568376	396606636990.4766	8.262459685653802	psmc
gr_wolf.spain.SAMN04851099	12.0	0.62	1079806582.5365496	1079806582.5365496	431531965000.08997	8.541899218772409	psmc
gr_wolf.spain.SAMN04851099	12.0	0.63	1133398871.2124624	1133398871.2124624	468371853611.86487	9.07545479379249	psmc
gr_wolf.spain.SAMN04851099	12.0	0.64	1189968509.2592597	1189968509.2592597	511989977215.6841	9.394778962074943	psmc
gr_wolf.spain.SAMN04851099	12.0	0.65	1249770698.051587	1249770698.051587	559855222374.9122	9.73661961432703	psmc
gr_wolf.spain.SAMN04851099	12.0	0.66	1313090662.6552286	1313090662.6552286	606713443736.2201	10.275598154339464	psmc
gr_wolf.spain.SAMN04851099	12.0	0.67	1380248200.8712125	1380248200.8712125	666181155800.7838	10.663038751294318	psmc
gr_wolf.spain.SAMN04851099	12.0	0.68	1451603085.2256947	1451603085.2256947	729452663408.4934	11.062637493809127	psmc
gr_wolf.spain.SAMN04851099	12.0	0.69	1527561510.5062718	1527561510.5062718	795052363099.2438	11.626614150580496	psmc
gr_wolf.spain.SAMN04851099	12.0	0.7	1608583830.8055549	1608583830.8055549	872230118442.4219	12.0721273192713	psmc
gr_wolf.spain.SAMN04851099	12.0	0.71	1695193897.332375	1695193897.332375	942129596546.1686	12.595272257561597	psmc
gr_wolf.spain.SAMN04851099	12.0	0.72	1787990397.1825395	1787990397.1825395	1046623205039.0123	13.140393101067092	psmc
gr_wolf.spain.SAMN04851099	12.0	0.73	1887660711.8364196	1887660711.8364196	1155211578677.7573	13.687910314803467	psmc
gr_wolf.spain.SAMN04851099	12.0	0.74	1994997973.771367	1994997973.771367	1262602443737.712	14.272193374306651	psmc
gr_wolf.spain.SAMN04851099	12.0	0.75	2110922216.6611109	2110922216.6611109	1400090534044.4692	14.899939761676679	psmc
gr_wolf.spain.SAMN04851099	12.0	0.76	2236506813.125	2244339150.65	1530044622968.8718	15.489177278543483	psmc
gr_wolf.spain.SAMN04851099	12.0	0.77	2373011809.2814016	2376423066.3021746	1707141236382.6182	16.21657125358898	psmc
gr_wolf.spain.SAMN04851099	12.0	0.78	2521926350.5429296	2574135874.437879	1871149795268.9119	16.821218159851608	psmc
gr_wolf.spain.SAMN04851099	12.0	0.79	2685023229.067461	2734503816.5230165	2098122211362.9353	17.655357057408608	psmc
gr_wolf.spain.SAMN04851099	12.0	0.8	2864429795.444445	2954370371.4833345	2309998976924.853	18.301012199033224	psmc
gr_wolf.spain.SAMN04851099	12.0	0.81	3062721263.5453224	3151631491.527194	2542777031737.1597	18.938573230486128	psmc
gr_wolf.spain.SAMN04851099	12.0	0.82	3283045116.9907393	3373472105.5240726	2901617796883.3164	20.030147782141032	psmc
gr_wolf.spain.SAMN04851099	12.0	0.83	3516777713.390522	3607204701.9238553	3231661806388.0303	20.80060204672019	psmc
gr_wolf.spain.SAMN04851099	12.0	0.84	3793020576.6319437	3883447565.165277	3604666105449.187	21.603905413845176	psmc
gr_wolf.spain.SAMN04851099	12.0	0.85	4049319329.1944437	4139746317.727777	4187653037909.1235	23.041809684594902	psmc
gr_wolf.spain.SAMN04851099	12.0	0.86	4303703088.432539	4394130076.965872	4754497079688.364	24.09209463085873	psmc
gr_wolf.spain.SAMN04851099	12.0	0.87	4574557349.989316	4664984338.52265	5436418953019.224	25.256021986450335	psmc
gr_wolf.spain.SAMN04851099	12.0	0.88	5031029470.694444	5121456459.2277775	6300428616619.541	26.613595336481655	psmc
gr_wolf.spain.SAMN04851099	12.0	0.89	5429459026.527778	5508880003.242929	7391778896671.264	28.17929825702255	psmc
gr_wolf.spain.SAMN04851099	12.0	0.9	6062715739.02778	6062715739.02778	8834387427136.232	30.054848358592917	psmc
gr_wolf.spain.SAMN04851099	12.0	0.91	6836696165.416671	6836696165.416671	10792417702521.867	32.33115268822853	psmc
gr_wolf.spain.SAMN04851099	12.0	0.92	7804171698.402783	7804171698.402783	12862567804135.5	34.089949709882774	psmc
gr_wolf.spain.SAMN04851099	12.0	0.93	9048068812.242071	9048068812.242071	16618558659159.871	37.50947843844632	psmc
gr_wolf.spain.SAMN04851099	12.0	0.94	10706598297.361103	10706598297.361103	21178942205876.535	40.69174645298798	psmc
gr_wolf.spain.SAMN04851099	12.0	0.95	13028539576.527765	13028539576.527765	28080938673744.45	44.9470908573374	psmc
gr_wolf.spain.SAMN04851099	12.0	0.96	16511451495.277767	16521418920.649984	37025300100541.54	49.44409126271102	psmc
gr_wolf.spain.SAMN04851099	12.0	0.97	22076572005.972206	22166998994.50554	53216156226617.89	56.78534434906135	psmc
gr_wolf.spain.SAMN04851099	12.0	0.98	33180571394.027752	33180571394.027752	69695681630924.984	66.36060383465545	psmc
gr_wolf.spain.SAMN04851099	12.0	0.99	8366609655.811104	8366609655.811104	36341325472385.46	91.01154866403425	psmc
gr_wolf.spain.SAMN04851099	13.0	0.0	112076832.30555546	137910263.60555565	13009596331.737244	1.6459019975290923	psmc
gr_wolf.spain.SAMN04851099	13.0	0.01	104086617.4957912	131094396.47087538	12220974890.0251	1.62399472793876	psmc
gr_wolf.spain.SAMN04851099	13.0	0.02	95933337.07766438	124139430.00691617	11695394649.995062	1.6111453595909981	psmc
gr_wolf.spain.SAMN04851099	13.0	0.03	87611947.78493679	117041062.17256594	11282176453.967274	1.602679985660822	psmc
gr_wolf.spain.SAMN04851099	13.0	0.04	79117196.21527755	110786053.0638889	10967126934.167873	1.5980429719550773	psmc
gr_wolf.spain.SAMN04851099	13.0	0.05	71093513.65146185	103397684.04415214	10624722646.12709	1.5932376107587818	psmc
gr_wolf.spain.SAMN04851099	13.0	0.06	63562866.383451365	95852115.68356979	10367818282.56575	1.5917211999300438	psmc
gr_wolf.spain.SAMN04851099	13.0	0.07	55870269.71182778	88144277.03566313	5785941388.262676	0.8218463180830667	psmc
gr_wolf.spain.SAMN04851099	13.0	0.08	48010442.67777768	80268876.67801929	5528316292.091098	0.8163647914355326	psmc
gr_wolf.spain.SAMN04851099	13.0	0.09	39977872.19242969	72220390.59822977	5256942067.939278	0.8112273808808326	psmc
gr_wolf.spain.SAMN04851099	13.0	0.1	31766800.140740674	63993049.2722224	5135431954.383038	0.8110009834991554	psmc
gr_wolf.spain.SAMN04851099	13.0	0.11	23371209.615979966	55580823.87147331	5127426208.59723	0.8146172974204514	psmc
gr_wolf.spain.SAMN04851099	13.0	0.12	14784810.21565637	47976043.878282666	5167920119.922323	0.820173221162137	psmc
gr_wolf.spain.SAMN04851099	13.0	0.13	6123241.94923389	39186330.47528732	5308658203.097932	0.8290611307958256	psmc
gr_wolf.spain.SAMN04851099	13.0	0.14	16695699.39599502	46220028.155555844	5543232353.209546	0.8410217827670236	psmc
gr_wolf.spain.SAMN04851099	13.0	0.15	27516920.54738581	55928197.39084983	501416735.3805895	0.014768926303900008	psmc
gr_wolf.spain.SAMN04851099	13.0	0.16	38595789.821428895	65867513.51269877	819962324.848272	0.02444785360601514	psmc
gr_wolf.spain.SAMN04851099	13.0	0.17	49941619.80087042	76046331.22784495	1371256625.0201688	0.040457270045716594	psmc
gr_wolf.spain.SAMN04851099	13.0	0.18	61564177.3407861	86473412.78970194	1928710823.3501456	0.05717944645793956	psmc
gr_wolf.spain.SAMN04851099	13.0	0.19	73473711.61008239	97157953.1555556	2496833798.507991	0.07459775060129588	psmc
gr_wolf.spain.SAMN04851099	13.0	0.2	85680984.23611128	108109607.03055584	3319471634.8980074	0.09856993349541754	psmc
gr_wolf.spain.SAMN04851099	13.0	0.21	98197301.73874831	119338517.96568227	4252891434.8015294	0.12554497769996453	psmc
gr_wolf.spain.SAMN04851099	13.0	0.22	111034550.45940173	130855349.69401717	9787032914.130516	0.8669354592474402	psmc
gr_wolf.spain.SAMN04851099	13.0	0.23	124205234.21176064	142671319.9088025	11255387458.559986	0.8976864812065521	psmc
gr_wolf.spain.SAMN04851099	13.0	0.24	137722514.90497088	154798236.70818734	12901793801.496643	0.9323439375294299	psmc
gr_wolf.spain.SAMN04851099	13.0	0.25	151600256.41666675	167248537.9555558	14395989171.284483	0.964190820470843	psmc
gr_wolf.spain.SAMN04851099	13.0	0.26	165853072.02327335	180035333.83123147	16119549577.507689	1.000905777699896	psmc
gr_wolf.spain.SAMN04851099	13.0	0.27	180496375.72869122	193172452.8815832	18147909256.52208	1.0441725057392324	psmc
gr_wolf.spain.SAMN04851099	13.0	0.28	195546437.8703705	206674491.90555584	24419888035.323956	1.7381302244765233	psmc
gr_wolf.spain.SAMN04851099	13.0	0.29	211020445.42449152	220556870.05696428	27009452687.738552	1.7832910206687	psmc
gr_wolf.spain.SAMN04851099	13.0	0.3	226936567.48015893	234835887.5841273	30465945472.96086	1.8450426748040152	psmc
gr_wolf.spain.SAMN04851099	13.0	0.31	243314026.4070052	249528789.67729497	33488484175.249508	1.8983306083665106	psmc
gr_wolf.spain.SAMN04851099	13.0	0.32	260173175.30228794	264653835.9496734	36465162580.05047	1.9504125332233504	psmc
gr_wolf.spain.SAMN04851099	13.0	0.33	277535582.37354934	280230376.1406306	40074018044.67708	2.013925435345056	psmc
gr_wolf.spain.SAMN04851099	13.0	0.34	295424122.9924246	296278932.70101035	47348339614.55571	2.6522987614122617	psmc
gr_wolf.spain.SAMN04851099	13.0	0.35	313863080.2457267	313863080.2457267	52398784035.71164	2.730489524893362	psmc
gr_wolf.spain.SAMN04851099	13.0	0.36	332878254.91319454	332878254.91319454	57776061976.14334	2.8130339019423793	psmc
gr_wolf.spain.SAMN04851099	13.0	0.37	352497085.91931236	352497085.91931236	62581331127.9266	2.8853529199128465	psmc
gr_wolf.spain.SAMN04851099	13.0	0.38	372748782.4417566	372748782.4417566	67982817825.074165	2.966677803226842	psmc
gr_wolf.spain.SAMN04851099	13.0	0.39	393664469.0141169	393664469.0141169	76589481014.50539	3.5640678396269885	psmc
gr_wolf.spain.SAMN04851099	13.0	0.4	415277345.13888896	415277345.13888896	83115215041.8891	3.6508223725958473	psmc
gr_wolf.spain.SAMN04851099	13.0	0.41	437622861.13229764	437622861.13229764	92216914229.19843	3.775197586762592	psmc
gr_wolf.spain.SAMN04851099	13.0	0.42	460738912.1599618	460738912.1599618	99507380445.03322	3.8713189945524724	psmc
gr_wolf.spain.SAMN04851099	13.0	0.43	484666052.6973685	484666052.6973685	107664893613.13983	3.9782858389235485	psmc
gr_wolf.spain.SAMN04851099	13.0	0.44	509447733.96825397	509447733.96825397	118643923057.86699	4.553001461499223	psmc
gr_wolf.spain.SAMN04851099	13.0	0.45	535130567.2853538	535130567.2853538	128853805970.2098	4.673915841002793	psmc
gr_wolf.spain.SAMN04851099	13.0	0.46	561764616.651235	561764616.651235	141878289354.20215	4.829885330469634	psmc
gr_wolf.spain.SAMN04851099	13.0	0.47	589403724.4837526	589403724.4837526	152428660221.97382	4.951445478457983	psmc
gr_wolf.spain.SAMN04851099	13.0	0.48	618105874.9252137	618105874.9252137	165000232023.37524	5.095864342009021	psmc
gr_wolf.spain.SAMN04851099	13.0	0.49	647933599.8937911	647933599.8937911	179193020600.7682	5.635376199326479	psmc
gr_wolf.spain.SAMN04851099	13.0	0.5	678954433.8611113	678954433.8611113	197327216311.72928	5.828272140333873	psmc
gr_wolf.spain.SAMN04851099	13.0	0.51	711241424.3168935	711241424.3168935	212595262680.1004	5.9849805634453705	psmc
gr_wolf.spain.SAMN04851099	13.0	0.52	744873706.0416671	744873706.0416671	229702684258.97357	6.158641810936728	psmc
gr_wolf.spain.SAMN04851099	13.0	0.53	779937148.6908988	779937148.6908988	247422723578.28085	6.67834840153272	psmc
gr_wolf.spain.SAMN04851099	13.0	0.54	816525088.8466188	816525088.8466188	272146325607.75064	6.911680267743248	psmc
gr_wolf.spain.SAMN04851099	13.0	0.55	854739159.6759263	854739159.6759263	293760005552.492	7.108418231732614	psmc
gr_wolf.spain.SAMN04851099	13.0	0.56	894690233.724748	894690233.724748	317694618520.24554	7.323063734821691	psmc
gr_wolf.spain.SAMN04851099	13.0	0.57	936499497.264212	936499497.264212	340855917420.5006	7.819422578178038	psmc
gr_wolf.spain.SAMN04851099	13.0	0.58	980299678.1150798	980299678.1150798	375214039376.69293	8.104864813096778	psmc
gr_wolf.spain.SAMN04851099	13.0	0.59	1026236453.1537944	1026236453.1537944	403744267100.0909	8.333727299341515	psmc
gr_wolf.spain.SAMN04851099	13.0	0.6	1074470066.9444447	1074470066.9444447	438544185335.3869	8.608574518088487	psmc
gr_wolf.spain.SAMN04851099	13.0	0.61	1125177199.3910255	1125177199.3910255	475344837770.9188	9.144967464563276	psmc
gr_wolf.spain.SAMN04851099	13.0	0.62	1178553128.282164	1178553128.282164	516852958138.50464	9.444297444274474	psmc
gr_wolf.spain.SAMN04851099	13.0	0.63	1234814242.5187688	1234814242.5187688	560671535276.744	9.752732244417468	psmc
gr_wolf.spain.SAMN04851099	13.0	0.64	1294200974.212963	1294200974.212963	603709336142.4613	10.27109696528999	psmc
gr_wolf.spain.SAMN04851099	13.0	0.65	1356981233.43254	1356981233.43254	664481200022.3792	10.664585628273128	psmc
gr_wolf.spain.SAMN04851099	13.0	0.66	1423454449.076798	1423454449.076798	720656460683.8094	11.01621208621952	psmc
gr_wolf.spain.SAMN04851099	13.0	0.67	1493956344.4570713	1493956344.4570713	776588966793.0707	11.53223459452835	psmc
gr_wolf.spain.SAMN04851099	13.0	0.68	1568864608.2986116	1568864608.2986116	854363487158.4241	11.978565945898092	psmc
gr_wolf.spain.SAMN04851099	13.0	0.69	1648605663.3557348	1648605663.3557348	916144172808.8087	12.467821577859151	psmc
gr_wolf.spain.SAMN04851099	13.0	0.7	1733662788.7499995	1733662788.7499995	1016394574542.2047	12.990130635937977	psmc
gr_wolf.spain.SAMN04851099	13.0	0.71	1824585922.7921457	1824585922.7921457	1108720257636.1758	13.457167501067376	psmc
gr_wolf.spain.SAMN04851099	13.0	0.72	1922003566.40873	1922003566.40873	1198440718318.788	13.977344684751648	psmc
gr_wolf.spain.SAMN04851099	13.0	0.73	2026637331.774692	2026637331.774692	1330053447045.5715	14.579815126458154	psmc
gr_wolf.spain.SAMN04851099	13.0	0.74	2139319848.3226495	2139319848.3226495	1433712839994.7163	15.081002293159905	psmc
gr_wolf.spain.SAMN04851099	13.0	0.75	2261016966.1944447	2261016966.1944447	1603164041153.6504	15.780806698118269	psmc
gr_wolf.spain.SAMN04851099	13.0	0.76	2392855510.5555563	2392855510.5555563	1729805827448.1716	16.272508662602185	psmc
gr_wolf.spain.SAMN04851099	13.0	0.77	2536158276.1654596	2569176808.765942	1941681801024.3223	17.05993707144258	psmc
gr_wolf.spain.SAMN04851099	13.0	0.78	2692488565.921718	2722029886.862122	2105256236683.5469	17.575014934805154	psmc
gr_wolf.spain.SAMN04851099	13.0	0.79	2863707454.702382	2940250567.951588	2372747393598.961	18.467853711159997	psmc
gr_wolf.spain.SAMN04851099	13.0	0.8	3052048232.3611126	3126942641.8166685	2594490963172.0	19.05021825900642	psmc
gr_wolf.spain.SAMN04851099	13.0	0.81	3260214355.036551	3350641343.5698843	2934518001513.9053	20.0646665591201	psmc
gr_wolf.spain.SAMN04851099	13.0	0.82	3491510046.8981476	3581937035.431481	3257390135414.6704	20.794438891257307	psmc
gr_wolf.spain.SAMN04851099	13.0	0.83	3750016996.6258163	3840443985.1591496	3594287836548.9556	21.492268432294985	psmc
gr_wolf.spain.SAMN04851099	13.0	0.84	4001294757.3611107	4091721745.894444	4131058113468.9673	22.80791366169426	psmc
gr_wolf.spain.SAMN04851099	13.0	0.85	4241583552.416666	4332010540.949999	4673850734395.172	23.784767789141647	psmc
gr_wolf.spain.SAMN04851099	13.0	0.86	4609061527.480159	4699488516.013493	5282706256207.619	24.798439794130587	psmc
gr_wolf.spain.SAMN04851099	13.0	0.87	4895476512.2970085	4985903500.830341	6031802641499.9795	25.957276509191814	psmc
gr_wolf.spain.SAMN04851099	13.0	0.88	5358807656.805556	5358807656.805556	6954980210335.0	27.275275697200446	psmc
gr_wolf.spain.SAMN04851099	13.0	0.89	5928072725.467174	5928072725.467174	8156641316420.678	28.848459184992095	psmc
gr_wolf.spain.SAMN04851099	13.0	0.9	6611190807.861114	6611190807.861114	9749242831803.902	30.74036439105282	psmc
gr_wolf.spain.SAMN04851099	13.0	0.91	7446112908.564817	7446112908.564817	11888073941458.836	33.02432811565105	psmc
gr_wolf.spain.SAMN04851099	13.0	0.92	8489765534.444449	8489765534.444449	14820612928548.328	35.807963627176214	psmc
gr_wolf.spain.SAMN04851099	13.0	0.93	9831604624.86112	9831604624.86112	18289913069703.773	38.24432166870746	psmc
gr_wolf.spain.SAMN04851099	13.0	0.94	11620723412.083324	11620723412.083324	23273746423100.117	41.41523709974513	psmc
gr_wolf.spain.SAMN04851099	13.0	0.95	14125489714.194433	14125489714.194433	30998096280689.42	45.6935057781558	psmc
gr_wolf.spain.SAMN04851099	13.0	0.96	17882639167.3611	17882639167.3611	40911145121440.984	50.12021996390229	psmc
gr_wolf.spain.SAMN04851099	13.0	0.97	23980465385.972206	24070892374.50554	57669425183928.56	57.27547738307459	psmc
gr_wolf.spain.SAMN04851099	13.0	0.98	35504937959.861084	35595364948.39442	68700671153807.42	66.40964094280272	psmc
gr_wolf.spain.SAMN04851099	13.0	0.99	8689591204.144438	8689591204.144438	39418314889890.23	93.32950992049157	psmc
gr_wolf.spain.SAMN04851099	14.0	0.0	82846610.03888881	101602084.40555573	10919185521.517963	1.5929650938202635	psmc
gr_wolf.spain.SAMN04851099	14.0	0.01	74561140.4587543	94419467.98602724	10585350667.141409	1.5881302617400073	psmc
gr_wolf.spain.SAMN04851099	14.0	0.02	66106579.66269839	87090267.55793667	10327883831.522728	1.5862943535826326	psmc
gr_wolf.spain.SAMN04851099	14.0	0.03	57477698.02548683	79609949.59524632	5792224006.544517	0.8200976479490232	psmc
gr_wolf.spain.SAMN04851099	14.0	0.04	48669048.020833254	71973791.67500019	5533041575.135556	0.8143687439377018	psmc
gr_wolf.spain.SAMN04851099	14.0	0.05	39674952.752923846	64176872.535380244	5225135768.453156	0.8079214698916893	psmc
gr_wolf.spain.SAMN04851099	14.0	0.06	30489493.75591004	56214061.49917269	5099210024.620865	0.8072843646235195	psmc
gr_wolf.spain.SAMN04851099	14.0	0.07	21106498.006272316	48080007.214874625	5064490315.880378	0.809821340860223	psmc
gr_wolf.spain.SAMN04851099	14.0	0.08	11519524.08816421	41176475.9171499	5077019191.6598	0.8142194182761897	psmc
gr_wolf.spain.SAMN04851099	14.0	0.09	4935618.061111093	32698403.01581216	5166393340.652597	0.8212863497233914	psmc
gr_wolf.spain.SAMN04851099	14.0	0.1	8293555.342592597	38929329.85925937	5348539976.166574	0.8313908016634954	psmc
gr_wolf.spain.SAMN04851099	14.0	0.11	18534023.362983823	48119258.92334592	348018373.117309	0.010143002049977628	psmc
gr_wolf.spain.SAMN04851099	14.0	0.12	29007229.29292941	57518050.01161635	590069656.3514794	0.017527198696647595	psmc
gr_wolf.spain.SAMN04851099	14.0	0.13	39721198.57758629	67132905.26283526	1024980746.1946802	0.030270099334221628	psmc
gr_wolf.spain.SAMN04851099	14.0	0.14	50684329.93863058	76971361.79896641	1496619101.512401	0.044413358843991606	psmc
gr_wolf.spain.SAMN04851099	14.0	0.15	61905417.33169925	87041311.4300654	2010938863.4703498	0.06009296004257882	psmc
gr_wolf.spain.SAMN04851099	14.0	0.16	73393673.47222233	97351021.76666665	2611283834.322375	0.07823340336928546	psmc
gr_wolf.spain.SAMN04851099	14.0	0.17	85158755.06191444	107909158.85836685	3425844586.524289	0.10195588530500829	psmc
gr_wolf.spain.SAMN04851099	14.0	0.18	97210789.86111104	118724811.48888898	8819817792.53402	0.8482923976752291	psmc
gr_wolf.spain.SAMN04851099	14.0	0.19	109560405.7664609	129807517.27078187	9869738335.038584	0.8695232653519173	psmc
gr_wolf.spain.SAMN04851099	14.0	0.2	122218762.0694443	141167290.69722223	11444857570.567766	0.9026610899386557	psmc
gr_wolf.spain.SAMN04851099	14.0	0.21	135197583.08895922	152814653.32433188	12873873560.225971	0.9327905296354913	psmc
gr_wolf.spain.SAMN04851099	14.0	0.22	148509194.39102554	164760666.2752136	14304708327.224968	0.9631955608311171	psmc
gr_wolf.spain.SAMN04851099	14.0	0.23	162166561.83080804	177016965.2767676	15880185449.712559	0.9967354471548422	psmc
gr_wolf.spain.SAMN04851099	14.0	0.24	176183333.67690074	189595798.46257317	17846019920.55523	1.0386933435432202	psmc
gr_wolf.spain.SAMN04851099	14.0	0.25	190573886.10555565	202510067.20000005	24056023770.365906	1.733471229397925	psmc
gr_wolf.spain.SAMN04851099	14.0	0.26	205353372.38363373	215773370.22762775	26660037960.06144	1.779310539368794	psmc
gr_wolf.spain.SAMN04851099	14.0	0.27	220537776.09398782	229400051.42039597	29729973131.207314	1.833653587630693	psmc
gr_wolf.spain.SAMN04851099	14.0	0.28	236143968.79629648	243405251.53518522	32353162896.716125	1.8796654919563633	psmc
gr_wolf.spain.SAMN04851099	14.0	0.29	252189772.56064165	257804964.32926464	35295846345.30751	1.9311881946246465	psmc
gr_wolf.spain.SAMN04851099	14.0	0.3	268694027.8611113	272616097.488889	38672314481.037994	1.9906640387696153	psmc
gr_wolf.spain.SAMN04851099	14.0	0.31	285676667.3731884	287856538.8560387	45737939722.7251	2.629957776957482	psmc
gr_wolf.spain.SAMN04851099	14.0	0.32	303158796.2826799	303545228.49869287	49894518952.145386	2.693121619542216	psmc
gr_wolf.spain.SAMN04851099	14.0	0.33	321162779.78648436	321162779.78648436	55365696152.45027	2.77814280306404	psmc
gr_wolf.spain.SAMN04851099	14.0	0.34	339712338.54797995	339712338.54797995	59718764186.65303	2.843702833512627	psmc
gr_wolf.spain.SAMN04851099	14.0	0.35	358832652.9636754	358832652.9636754	64500731026.77504	2.9154447932411016	psmc
gr_wolf.spain.SAMN04851099	14.0	0.36	378550477.2048613	378550477.2048613	70207432506.18044	3.0015387640316304	psmc
gr_wolf.spain.SAMN04851099	14.0	0.37	398894264.1203705	398894264.1203705	78833225661.45029	3.5956804656671406	psmc
gr_wolf.spain.SAMN04851099	14.0	0.38	419894302.2267028	419894302.2267028	87002118042.28708	3.707586388641995	psmc
gr_wolf.spain.SAMN04851099	14.0	0.39	441582866.17258656	441582866.17258656	94026451603.8161	3.8008579013956165	psmc
gr_wolf.spain.SAMN04851099	14.0	0.4	463994382.2500001	463994382.2500001	100953992084.23697	3.891439137213676	psmc
gr_wolf.spain.SAMN04851099	14.0	0.41	487165610.73681724	487165610.73681724	109213815450.59929	3.9998815931072036	psmc
gr_wolf.spain.SAMN04851099	14.0	0.42	511135847.10249054	511135847.10249054	120108567339.64922	4.5718717632324335	psmc
gr_wolf.spain.SAMN04851099	14.0	0.43	535947144.3932749	535947144.3932749	131812534300.27432	4.71327797896915	psmc
gr_wolf.spain.SAMN04851099	14.0	0.44	561644559.4444445	561644559.4444445	142367636384.70087	4.836879728208231	psmc
gr_wolf.spain.SAMN04851099	14.0	0.45	588276425.9520203	588276425.9520203	152662231070.36145	4.955262950631705	psmc
gr_wolf.spain.SAMN04851099	14.0	0.46	615894657.8858024	615894657.8858024	164860613731.47922	5.095475047750926	psmc
gr_wolf.spain.SAMN04851099	14.0	0.47	644555087.251048	644555087.251048	178599047828.06586	5.630358881716972	psmc
gr_wolf.spain.SAMN04851099	14.0	0.48	674317840.8226494	674317840.8226494	196017119791.20078	5.81586239322886	psmc
gr_wolf.spain.SAMN04851099	14.0	0.49	705247761.2009803	705247761.2009803	210502110317.3626	5.964655254660461	psmc
gr_wolf.spain.SAMN04851099	14.0	0.5	737414878.3944446	737414878.3944446	226653069175.05972	6.128758408002067	psmc
gr_wolf.spain.SAMN04851099	14.0	0.51	770894939.1468254	770894939.1468254	243810023561.8731	6.645925696792191	psmc
gr_wolf.spain.SAMN04851099	14.0	0.52	805770002.4305557	805770002.4305557	267255055862.09348	6.867701977437399	psmc
gr_wolf.spain.SAMN04851099	14.0	0.53	842129110.9604021	842129110.9604021	287290347242.5582	7.050686336049131	psmc
gr_wolf.spain.SAMN04851099	14.0	0.54	880069050.295894	880069050.295894	309588698197.062	7.251515274765643	psmc
gr_wolf.spain.SAMN04851099	14.0	0.55	919695209.1574076	919695209.1574076	331438248154.47253	7.741953598951723	psmc
gr_wolf.spain.SAMN04851099	14.0	0.56	961122557.058081	961122557.058081	363454314499.94794	8.010070248153562	psmc
gr_wolf.spain.SAMN04851099	14.0	0.57	1004476758.3494829	1004476758.3494829	391435302081.7982	8.236691830159454	psmc
gr_wolf.spain.SAMN04851099	14.0	0.58	1049895445.4166664	1049895445.4166664	422082970348.5467	8.480287068448517	psmc
gr_wolf.spain.SAMN04851099	14.0	0.59	1097529678.1944442	1097529678.1944442	452899935566.6301	8.978834674341853	psmc
gr_wolf.spain.SAMN04851099	14.0	0.6	1147545622.6111107	1147545622.6111107	495554872337.795	9.292869228717532	psmc
gr_wolf.spain.SAMN04851099	14.0	0.61	1200126487.2542734	1200126487.2542734	534257283563.3223	9.568594606114218	psmc
gr_wolf.spain.SAMN04851099	14.0	0.62	1255474765.8260236	1255474765.8260236	571838096121.4381	10.0617623792399	psmc
gr_wolf.spain.SAMN04851099	14.0	0.63	1313814843.2394896	1313814843.2394896	629018362137.8751	10.438271190060863	psmc
gr_wolf.spain.SAMN04851099	14.0	0.64	1375396036.064815	1375396036.064815	678974553035.952	10.757033299099147	psmc
gr_wolf.spain.SAMN04851099	14.0	0.65	1440496154.1944447	1440496154.1944447	726643948028.1542	11.239592147588402	psmc
gr_wolf.spain.SAMN04851099	14.0	0.66	1509425691.037582	1509425691.037582	801365992221.2721	11.677743750059934	psmc
gr_wolf.spain.SAMN04851099	14.0	0.67	1582532775.568182	1582532775.568182	866944269878.2694	12.050780700832526	psmc
gr_wolf.spain.SAMN04851099	14.0	0.68	1660209052.8819447	1660209052.8819447	931516178629.5358	12.551358974692715	psmc
gr_wolf.spain.SAMN04851099	14.0	0.69	1742896702.9256268	1742896702.9256268	1028624957590.2128	13.056153367828024	psmc
gr_wolf.spain.SAMN04851099	14.0	0.7	1831096862.9722223	1831096862.9722223	1120700939252.681	13.519145444830444	psmc
gr_wolf.spain.SAMN04851099	14.0	0.71	1925379792.6772032	1925379792.6772032	1213728665785.1472	14.050543881698017	psmc
gr_wolf.spain.SAMN04851099	14.0	0.72	2026397217.3611112	2026397217.3611112	1330013627595.4458	14.583112867052888	psmc
gr_wolf.spain.SAMN04851099	14.0	0.73	2134897414.2438269	2134897414.2438269	1434472148493.3616	15.087724292567112	psmc
gr_wolf.spain.SAMN04851099	14.0	0.74	2251743780.117521	2251743780.117521	1593393209453.9976	15.746112888300082	psmc
gr_wolf.spain.SAMN04851099	14.0	0.75	2377937855.2611113	2377937855.2611113	1715325328301.251	16.22079880378799	psmc
gr_wolf.spain.SAMN04851099	14.0	0.76	2514648103.3333335	2541368104.4	1917657415875.2212	16.97653076639792	psmc
gr_wolf.spain.SAMN04851099	14.0	0.77	2663246199.06401	2686366322.3891315	2070484817198.1836	17.45940731149744	psmc
gr_wolf.spain.SAMN04851099	14.0	0.78	2825353212.588384	2897043062.468182	2325906900910.3315	18.317175296184853	psmc
gr_wolf.spain.SAMN04851099	14.0	0.79	3002898989.3055563	3072787537.316667	2524570781289.6045	18.83991272493691	psmc
gr_wolf.spain.SAMN04851099	14.0	0.8	3198199343.6944456	3288626332.227779	2839796475300.833	19.793545930174584	psmc
gr_wolf.spain.SAMN04851099	14.0	0.81	3414057630.1242704	3504484618.6576037	3131496383038.0366	20.45803647933721	psmc
gr_wolf.spain.SAMN04851099	14.0	0.82	3653900170.6018505	3744327159.135184	3544538894864.6133	21.56735045270791	psmc
gr_wolf.spain.SAMN04851099	14.0	0.83	3883866702.1160126	3974293690.649346	3940119883860.903	22.34792094788187	psmc
gr_wolf.spain.SAMN04851099	14.0	0.84	4183052627.1527777	4273479615.686111	4393147982594.0654	23.170467994634397	psmc
gr_wolf.spain.SAMN04851099	14.0	0.85	4431660083.083333	4522087071.616667	4905599713503.231	24.04074157532375	psmc
gr_wolf.spain.SAMN04851099	14.0	0.86	4682552321.527778	4772979310.061111	5746762942330.724	25.718456983323215	psmc
gr_wolf.spain.SAMN04851099	14.0	0.87	5044000079.476495	5056674352.625214	6567376399034.895	26.923866560250772	psmc
gr_wolf.spain.SAMN04851099	14.0	0.88	5539592427.638888	5545787307.838888	7594447088051.681	28.310462253224276	psmc
gr_wolf.spain.SAMN04851099	14.0	0.89	6125292475.467173	6125292475.467173	8902420436128.193	29.932110420844513	psmc
gr_wolf.spain.SAMN04851099	14.0	0.9	6828132532.861114	6828132532.861114	10628113693838.191	31.875169733148862	psmc
gr_wolf.spain.SAMN04851099	14.0	0.91	7687159269.675929	7687159269.675929	12386635833436.36	33.24717620674819	psmc
gr_wolf.spain.SAMN04851099	14.0	0.92	8760942690.69445	8760942690.69445	15452601282491.256	36.05313344917509	psmc
gr_wolf.spain.SAMN04851099	14.0	0.93	10141521374.861118	10141521374.861118	18843827287518.816	38.3994108920745	psmc
gr_wolf.spain.SAMN04851099	14.0	0.94	11982292953.74999	11982292953.74999	25091473198911.2	42.74219016707476	psmc
gr_wolf.spain.SAMN04851099	14.0	0.95	14559373164.194431	14559373164.194431	31408274782068.84	45.69345822874168	psmc
gr_wolf.spain.SAMN04851099	14.0	0.96	18424993479.861095	18424993479.861095	44126482831359.2	51.66794216189101	psmc
gr_wolf.spain.SAMN04851099	14.0	0.97	24722659193.749977	24813086182.28331	56267938802724.41	57.07356099751527	psmc
gr_wolf.spain.SAMN04851099	14.0	0.98	36466118656.52775	36556545645.06108	73968724886293.88	68.31579017360342	psmc
gr_wolf.spain.SAMN04851099	14.0	0.99	9027248454.144436	9027248454.144436	42768958869951.45	95.69550084519824	psmc
gr_wolf.spain.SAMN04851099	15.0	0.0	54164788.52777767	68649620.43888915	5766408949.77445	0.8233473429881915	psmc
gr_wolf.spain.SAMN04851099	15.0	0.01	45589603.57884383	61134150.8479799	5475861697.280823	0.8168061415633221	psmc
gr_wolf.spain.SAMN04851099	15.0	0.02	36839414.85544205	53465304.32664418	5251229298.441113	0.8128461916261465	psmc
gr_wolf.spain.SAMN04851099	15.0	0.03	27908809.8697021	45638337.258476734	5164182657.803241	0.813280984881893	psmc
gr_wolf.spain.SAMN04851099	15.0	0.04	18792150.61342573	39264332.39259267	5131388460.461868	0.8158221504590606	psmc
gr_wolf.spain.SAMN04851099	15.0	0.05	9483561.688596368	31123103.155263305	5162263425.451583	0.8206553130934279	psmc
gr_wolf.spain.SAMN04851099	15.0	0.06	5346884.431678443	36915545.815130234	5259630392.02251	0.8278111650950876	psmc
gr_wolf.spain.SAMN04851099	15.0	0.07	13464470.813859308	45688555.52114713	206773396.8421887	0.005864481723065091	psmc
gr_wolf.spain.SAMN04851099	15.0	0.08	22077936.331884198	54652282.82946873	347717105.5645434	0.01010063469499008	psmc
gr_wolf.spain.SAMN04851099	15.0	0.09	30880708.784371294	63813015.133577585	577369840.3411293	0.017121582426597608	psmc
gr_wolf.spain.SAMN04851099	15.0	0.1	40162245.91049373	73177319.26666665	1001149149.3742523	0.02949132179670581	psmc
gr_wolf.spain.SAMN04851099	15.0	0.11	50760789.10580528	82752057.20049942	1431073298.4398592	0.042528850927927346	psmc
gr_wolf.spain.SAMN04851099	15.0	0.12	61600208.28282833	92544402.81464648	1917281891.2481506	0.057316646876987384	psmc
gr_wolf.spain.SAMN04851099	15.0	0.13	72688809.50989783	102561859.82222223	2534694178.941778	0.07572738164821717	psmc
gr_wolf.spain.SAMN04851099	15.0	0.14	84035285.1841085	112812280.94625318	3281365195.817465	0.09760675952307934	psmc
gr_wolf.spain.SAMN04851099	15.0	0.15	95648736.75653613	123303888.4496733	8613679643.106977	0.844093892806397	psmc
gr_wolf.spain.SAMN04851099	15.0	0.16	107538699.08068788	134045296.13174617	9595579452.068045	0.8637929958687479	psmc
gr_wolf.spain.SAMN04851099	15.0	0.17	119715166.52108455	145045532.9145919	11066477466.392366	0.8946750837238356	psmc
gr_wolf.spain.SAMN04851099	15.0	0.18	132188620.97222221	156314068.1555556	12390359725.128479	0.9224434901635198	psmc
gr_wolf.spain.SAMN04851099	15.0	0.19	144970061.95301783	167860838.8345679	13681947734.460464	0.9497489567074954	psmc
gr_wolf.spain.SAMN04851099	15.0	0.2	158071038.95833337	179696278.7805556	15200164697.047268	0.9820389011211481	psmc
gr_wolf.spain.SAMN04851099	15.0	0.21	171503686.26758087	191831350.1175809	17034200280.2303	1.0212054881259365	psmc
gr_wolf.spain.SAMN04851099	15.0	0.22	185280760.43091166	204277577.12991464	23078814538.16199	1.7164868794981385	psmc
gr_wolf.spain.SAMN04851099	15.0	0.23	199415680.67640698	217047082.7659452	25328274863.756107	1.7554015355835249	psmc
gr_wolf.spain.SAMN04851099	15.0	0.24	213922572.50731003	230152628.02397656	28303388765.970966	1.808335723124707	psmc
gr_wolf.spain.SAMN04851099	15.0	0.25	228816314.78703701	243607654.48888898	30845842886.319836	1.8529526514239323	psmc
gr_wolf.spain.SAMN04851099	15.0	0.26	244112590.64189208	257426330.31771767	33416290056.693306	1.8977572355556442	psmc
gr_wolf.spain.SAMN04851099	15.0	0.27	259827942.54756486	271623600.00487065	36607217832.405464	1.9541235615911279	psmc
gr_wolf.spain.SAMN04851099	15.0	0.28	275979832.006173	286215238.29444456	43340195703.80266	2.593616774988204	psmc
gr_wolf.spain.SAMN04851099	15.0	0.29	292586704.26643217	301217908.64851344	46955339202.44058	2.6478469322502676	psmc
gr_wolf.spain.SAMN04851099	15.0	0.3	309668058.59126985	316649226.72698414	52009290868.77734	2.726550906820779	psmc
gr_wolf.spain.SAMN04851099	15.0	0.31	327244524.6356684	332527829.3874396	56212303491.556145	2.7902582462931442	psmc
gr_wolf.spain.SAMN04851099	15.0	0.32	345337945.5637258	348873449.773203	60394234903.62046	2.852845947255925	psmc
gr_wolf.spain.SAMN04851099	15.0	0.33	363971468.6090385	365706999.1257051	65642509141.46878	2.9324729088001424	psmc
gr_wolf.spain.SAMN04851099	15.0	0.34	383169643.8678454	383169643.8678454	73586394417.04039	3.5247698099870055	psmc
gr_wolf.spain.SAMN04851099	15.0	0.35	402958532.21153843	402958532.21153843	79709364853.72641	3.6070040184923466	psmc
gr_wolf.spain.SAMN04851099	15.0	0.36	423365823.31597245	423365823.31597245	87432431316.88301	3.712255863789961	psmc
gr_wolf.spain.SAMN04851099	15.0	0.37	444420964.9316577	444420964.9316577	93697853127.7695	3.794995570569278	psmc
gr_wolf.spain.SAMN04851099	15.0	0.38	466155304.66397893	466155304.66397893	100796538526.31711	3.8883238541735525	psmc
gr_wolf.spain.SAMN04851099	15.0	0.39	488602245.6989986	488602245.6989986	109012654024.3219	3.996480743954944	psmc
gr_wolf.spain.SAMN04851099	15.0	0.4	511797418.10185206	511797418.10185206	119516592734.98178	4.563720297105469	psmc
gr_wolf.spain.SAMN04851099	15.0	0.41	535778867.5353106	535778867.5353106	130991837408.33237	4.702551022421084	psmc
gr_wolf.spain.SAMN04851099	15.0	0.42	560587263.5009578	560587263.5009578	140756476214.47635	4.816831027800425	psmc
gr_wolf.spain.SAMN04851099	15.0	0.43	586266129.5004874	586266129.5004874	150472767345.78192	4.92866922058401	psmc
gr_wolf.spain.SAMN04851099	15.0	0.44	612862097.857143	612862097.857143	163069654216.96274	5.465462108970384	psmc
gr_wolf.spain.SAMN04851099	15.0	0.45	640425192.3358587	640425192.3358587	175428008371.7823	5.5955858729470105	psmc
gr_wolf.spain.SAMN04851099	15.0	0.46	669009142.1656379	669009142.1656379	191920244367.43713	5.771820661876412	psmc
gr_wolf.spain.SAMN04851099	15.0	0.47	698671731.6116351	698671731.6116351	205386715312.79602	5.9105753732447655	psmc
gr_wolf.spain.SAMN04851099	15.0	0.48	729475189.8824788	729475189.8824788	221043561435.5382	6.0708010771538135	psmc
gr_wolf.spain.SAMN04851099	15.0	0.49	761486626.9090415	761486626.9090415	237001007747.43906	6.580206797310718	psmc
gr_wolf.spain.SAMN04851099	15.0	0.5	794778521.4166669	794778521.4166669	258520691637.35623	6.785212004826001	psmc
gr_wolf.spain.SAMN04851099	15.0	0.51	829429268.7613381	829429268.7613381	278632526582.65796	6.970703312612604	psmc
gr_wolf.spain.SAMN04851099	15.0	0.52	865523797.2453707	865523797.2453707	298713550165.3701	7.152538523267166	psmc
gr_wolf.spain.SAMN04851099	15.0	0.53	903154263.1117026	903154263.1117026	318793390480.6921	7.634149601387122	psmc
gr_wolf.spain.SAMN04851099	15.0	0.54	942420836.1896137	942420836.1896137	347819761423.0044	7.879831551206114	psmc
gr_wolf.spain.SAMN04851099	15.0	0.55	983432590.2932101	983432590.2932101	375486253294.75415	8.106819236303709	psmc
gr_wolf.spain.SAMN04851099	15.0	0.56	1026308515.0378793	1026308515.0378793	403250957195.0474	8.32982138966767	psmc
gr_wolf.spain.SAMN04851099	15.0	0.57	1071178668.840439	1071178668.840439	429855174571.58014	8.805068040379675	psmc
gr_wolf.spain.SAMN04851099	15.0	0.58	1118185496.6335979	1118185496.6335979	470809988082.36975	9.11135982889316	psmc
gr_wolf.spain.SAMN04851099	15.0	0.59	1167485340.4166665	1167485340.4166665	506222604942.4335	9.367773909468331	psmc
gr_wolf.spain.SAMN04851099	15.0	0.6	1219250176.3888888	1219250176.3888888	546757571686.1909	9.655457102024538	psmc
gr_wolf.spain.SAMN04851099	15.0	0.61	1273669619.3340454	1273669619.3340454	585149470103.6084	10.149079000099507	psmc
gr_wolf.spain.SAMN04851099	15.0	0.62	1330953243.4868422	1330953243.4868422	639315806379.7578	10.504002128669898	psmc
gr_wolf.spain.SAMN04851099	15.0	0.63	1391333279.7560062	1391333279.7560062	690495277428.7233	10.828928914918773	psmc
gr_wolf.spain.SAMN04851099	15.0	0.64	1455067762.484568	1455067762.484568	736958594855.8457	11.299778617338546	psmc
gr_wolf.spain.SAMN04851099	15.0	0.65	1522444215.6547618	1522444215.6547618	808375465709.1113	11.71780350806385	psmc
gr_wolf.spain.SAMN04851099	15.0	0.66	1593783989.5996737	1593783989.5996737	876204355645.4844	12.102187781866093	psmc
gr_wolf.spain.SAMN04851099	15.0	0.67	1669447386.207913	1669447386.207913	936602235097.454	12.577074226458098	psmc
gr_wolf.spain.SAMN04851099	15.0	0.68	1749839745.104167	1749839745.104167	1030890586695.7744	13.066863484572403	psmc
gr_wolf.spain.SAMN04851099	15.0	0.69	1835418707.8001795	1835418707.8001795	1121128711164.9102	13.52047787970887	psmc
gr_wolf.spain.SAMN04851099	15.0	0.7	1926702934.6759257	1926702934.6759257	1211544975610.0625	14.038480700976635	psmc
gr_wolf.spain.SAMN04851099	15.0	0.71	2024282625.4741378	2024282625.4741378	1321548887313.1904	14.54413414640314	psmc
gr_wolf.spain.SAMN04851099	15.0	0.72	2128832294.1865082	2128832294.1865082	1420514915879.9795	15.027446413993339	psmc
gr_wolf.spain.SAMN04851099	15.0	0.73	2241126382.803498	2241126382.803498	1573594669568.071	15.663842917606441	psmc
gr_wolf.spain.SAMN04851099	15.0	0.74	2362058478.2371798	2362058478.2371798	1686601350920.0576	16.109325155234142	psmc
gr_wolf.spain.SAMN04851099	15.0	0.75	2492665141.305556	2532217197.0944443	1877768065387.4863	16.828316810734215	psmc
gr_wolf.spain.SAMN04851099	15.0	0.76	2634155692.9629636	2670792534.8629637	2072422348130.3184	17.53637212684172	psmc
gr_wolf.spain.SAMN04851099	15.0	0.77	2787949770.8514495	2872009138.9591794	2256218277459.4946	18.085934713499572	psmc
gr_wolf.spain.SAMN04851099	15.0	0.78	2955725128.547981	3038627322.9732327	2436067642015.709	18.564296790457885	psmc
gr_wolf.spain.SAMN04851099	15.0	0.79	3139479091.739418	3229906080.2727513	2738127692303.1763	19.4890916273053	psmc
gr_wolf.spain.SAMN04851099	15.0	0.8	3341608451.250001	3432035439.7833343	2979814205540.6704	20.042347100120075	psmc
gr_wolf.spain.SAMN04851099	15.0	0.81	3556424521.995615	3646851510.5289483	3361077294635.389	21.090403505091537	psmc
gr_wolf.spain.SAMN04851099	15.0	0.82	3804176334.243826	3894603322.777159	3717424736676.4043	21.802030503326698	psmc
gr_wolf.spain.SAMN04851099	15.0	0.83	4025361376.0375795	4115788364.570913	4094620438425.1	22.500968098900707	psmc
gr_wolf.spain.SAMN04851099	15.0	0.84	4235297848.0555544	4325724836.588888	4706034332689.344	23.87636043459302	psmc
gr_wolf.spain.SAMN04851099	15.0	0.85	4577858244.490739	4668285233.024073	5303688222549.162	24.845234722984998	psmc
gr_wolf.spain.SAMN04851099	15.0	0.86	4835984076.924602	4926411065.457935	5979373153004.759	25.868412579689178	psmc
gr_wolf.spain.SAMN04851099	15.0	0.87	5275410958.365384	5275410958.365384	6813092862275.542	27.03925739273055	psmc
gr_wolf.spain.SAMN04851099	15.0	0.88	5790287546.435185	5790287546.435185	7867797313160.823	28.411868483578296	psmc
gr_wolf.spain.SAMN04851099	15.0	0.89	6398778059.608586	6398778059.608586	9216224270292.004	30.0280824702382	psmc
gr_wolf.spain.SAMN04851099	15.0	0.9	7128966675.416668	7128966675.416668	10986484209520.6	31.96190470536658	psmc
gr_wolf.spain.SAMN04851099	15.0	0.91	8021419428.070991	8021419428.070991	13355031420498.959	34.295309168531	psmc
gr_wolf.spain.SAMN04851099	15.0	0.92	9136985368.888895	9136985368.888895	16607678611291.791	37.14478537714874	psmc
gr_wolf.spain.SAMN04851099	15.0	0.93	10571284435.65477	10571284435.65477	20352291127596.92	39.590347768436196	psmc
gr_wolf.spain.SAMN04851099	15.0	0.94	12483683191.342583	12483683191.342583	25716936103430.938	42.76898094364056	psmc
gr_wolf.spain.SAMN04851099	15.0	0.95	15161041449.305542	15161041449.305542	33975279244729.496	47.058523308840705	psmc
gr_wolf.spain.SAMN04851099	15.0	0.96	19177078836.249985	19177078836.249985	44178469412007.516	51.455751320282516	psmc
gr_wolf.spain.SAMN04851099	15.0	0.97	25593875725.601833	25684302714.135166	60662988601380.016	58.636072788608764	psmc
gr_wolf.spain.SAMN04851099	15.0	0.98	37710918084.86108	37801345073.39441	65947819533356.57	67.84013798509571	psmc
gr_wolf.spain.SAMN04851099	15.0	0.99	9336298299.699991	9336298299.699991	45955644389681.58	97.81229749071393	psmc
